Assembly Accession	Actual Size
GCA_035393365.1	5203524
GCA_036745675.1	5203524
GCA_011456275.1	1563305
GCA_011457615.1	1563302
GCA_015234935.1	6785295
GCA_004569355.1	6785295
GCA_902364855.1	3217602
GCA_003480315.1	3217602
GCA_009017435.1	1139562
GCA_009017475.1	1139560
GCA_037761415.1	1139557
GCA_029958805.3	1139564
GCA_029958685.3	1139560
GCA_035393905.1	2775641
GCA_036829455.1	2775641
GCA_003672405.1	1603141
GCA_013330285.1	1603141
GCA_016101565.1	1957111
GCA_016101485.1	1957111
GCA_035398525.1	2939121
GCA_036795555.1	2939121
GCA_902756415.1	3044473
GCA_900319275.1	3044473
GCA_025502545.1	4175500
GCA_025502505.1	4175498
GCA_002241335.1	4747978
GCA_963875495.1	4747978
GCA_900315315.1	4258947
GCA_902756605.1	4258947
GCA_900315055.1	3123633
GCA_902756185.1	3123633
GCA_006874455.1	8812224
GCA_012034195.1	8812224
GCA_000160575.1	1980223
GCA_902374075.1	1980223
GCA_016638525.1	4964094
GCA_002947135.1	4964094
GCA_003032015.1	4964094
GCA_006088735.1	4964093
GCA_028596185.1	4964086
GCA_004346505.1	4960304
GCA_963882195.1	4960304
GCA_013415225.1	3919227
GCA_015234555.1	3919227
GCA_963889575.1	3919227
GCA_902387425.1	2422684
GCA_000220135.1	2422684
GCA_900143425.1	2937142
GCA_900148605.1	2937142
GCA_900766375.1	1333590
GCA_902485555.1	1333590
GCA_026409265.1	2496019
GCA_026409305.1	2496019
GCA_015656585.1	1766068
GCA_904502005.1	1766068
GCA_028329625.1	3498669
GCA_028329925.1	3498669
GCA_902754845.1	2423823
GCA_900315605.1	2423823
GCA_028068145.1	4817083
GCA_021793235.1	4817083
GCA_001404935.1	3531725
GCA_902362465.1	3531725
GCA_900761145.1	2059867
GCA_902483845.1	2059867
GCA_025021565.1	6275471
GCA_016107485.1	6275467
GCA_025985465.1	6275467
GCA_015905065.1	1635024
GCA_017594985.1	1635024
GCA_900766995.1	1357113
GCA_902485855.1	1357113
GCA_035326245.1	3807331
GCA_036838865.1	3807331
GCA_900316005.1	2271107
GCA_902758055.1	2271107
GCA_900549065.1	1948094
GCA_902481885.1	1948094
GCA_003860185.1	6171627
GCA_009823295.1	6171627
GCA_021730485.1	4212168
GCA_963897815.1	4212168
GCA_003213495.1	1280964
GCA_902574745.1	1280964
GCA_902364675.1	2298820
GCA_003471585.1	2298820
GCA_006383315.1	5079860
GCA_905331885.1	5079860
GCA_034297035.1	4041295
GCA_000453625.1	4041294
GCA_026128115.1	5685234
GCA_026197935.1	5685234
GCA_035405285.1	5879921
GCA_036725605.1	5879921
GCA_035392945.1	745069
GCA_036743195.1	745069
GCA_902757695.1	3120163
GCA_900319925.1	3120163
GCA_900322135.1	3094031
GCA_902758165.1	3094031
GCA_905250085.1	2459655
GCA_902810635.1	2459655
GCA_015355125.1	2592909
GCA_036400775.1	2592909
GCA_006382865.1	5136065
GCA_905331855.1	5136065
GCA_003147565.1	818848
GCA_026016825.1	818848
GCA_008630735.1	2672254
GCA_008630675.1	2672245
GCA_003070675.1	3052492
GCA_004920415.1	3052492
GCA_902373845.1	5154159
GCA_000155975.1	5154159
GCA_900770205.1	2106923
GCA_902487365.1	2106923
GCA_009766665.1	4832461
GCA_009794585.1	4832461
GCA_003324025.1	4197923
GCA_003327265.1	4197923
GCA_001456945.1	3541821
GCA_900094805.1	3541821
GCA_904501845.1	3088649
GCA_015657175.1	3088649
GCA_003555525.1	3929773
GCA_001685645.1	3929772
GCA_018775385.1	3929768
GCA_014961825.1	3929765
GCA_036865595.1	4509282
GCA_036865605.1	4509278
GCA_900555985.1	1248288
GCA_902481325.1	1248288
GCA_032352905.1	3498907
GCA_032352965.1	3498909
GCA_949516305.1	2720474
GCA_949529775.1	2720474
GCA_001286805.1	1621211
GCA_902375715.1	1621211
GCA_000235665.2	5890504
GCA_963861925.1	5890504
GCA_035400225.1	2417279
GCA_036728465.1	2417279
GCA_035400145.1	1935579
GCA_036828285.1	1935579
GCA_900315795.1	1461305
GCA_902756455.1	1461305
GCA_017846475.1	1681831
GCA_014874645.1	1681831
GCA_015657275.1	853951
GCA_904501665.1	853951
GCA_008253725.1	2038617
GCA_000007045.1	2038615
GCA_026008775.1	5052743
GCA_030385865.1	5052743
GCA_002879775.1	2636961
GCA_902388135.1	2636961
GCA_900000005.1	3238137
GCA_001511795.1	3238138
GCA_902508075.1	5986835
GCA_963900295.1	5986835
GCA_003858905.1	5030329
GCA_009822985.1	5030329
GCA_001653355.1	4829781
GCA_000007865.1	4829781
GCA_016729785.1	4770671
GCA_963892315.1	4770671
GCA_900313365.1	1854584
GCA_902756655.1	1854584
GCA_033657955.1	2711077
GCA_033659005.1	2711077
GCA_016657805.1	4552508
GCA_016657745.1	4552508
GCA_016657685.1	4552507
GCA_016657785.1	4552507
GCA_016657525.1	4552507
GCA_016657905.1	4552507
GCA_003253795.1	4498956
GCA_902387815.1	4498956
GCA_036998825.1	5781995
GCA_026163725.1	5781995
GCA_013009465.1	2291897
GCA_013343705.1	2291897
GCA_013344205.1	2291897
GCA_036039735.1	5019820
GCA_036251265.1	5019820
GCA_024508155.1	5209985
GCA_028596225.1	5209984
GCA_900319215.1	2087252
GCA_902759315.1	2087252
GCA_900540315.1	2260187
GCA_902481315.1	2260187
GCA_036285905.1	1039264
GCA_000318825.1	1039261
GCA_900545255.1	1204906
GCA_902480485.1	1204906
GCA_036749995.1	5474334
GCA_035398725.1	5474334
GCA_900551075.1	4084328
GCA_902481175.1	4084328
GCA_036829075.1	1660865
GCA_035435585.1	1660865
GCA_009815805.1	1788628
GCA_009816635.1	1788635
GCA_009817265.1	1788628
GCA_009817295.1	1788630
GCA_009818365.1	1788635
GCA_009818675.1	1788626
GCA_009818925.1	1788627
GCA_025490475.1	6537581
GCA_025490395.1	6537578
GCA_025490415.1	6537583
GCA_025490375.1	6537580
GCA_025490435.1	6537585
GCA_035396145.1	4266470
GCA_036817165.1	4266470
GCA_030129975.1	3849381
GCA_030131485.1	3849381
GCA_002208845.2	4834774
GCA_019270235.1	4834774
GCA_035615315.1	5253686
GCA_035615415.1	5253686
GCA_000737015.1	3913946
GCA_963864785.1	3913946
GCA_014109765.1	5654212
GCA_035974315.1	5654212
GCA_023016345.1	1139539
GCA_023016445.1	1139537
GCA_005311085.1	1139543
GCA_029203265.1	1139544
GCA_029201305.1	1139542
GCA_029203245.1	1139539
GCA_029958625.3	1139543
GCA_900770655.1	1908641
GCA_902487535.1	1908641
GCA_019931005.1	1965420
GCA_025150565.1	1965422
GCA_035327205.1	3184178
GCA_036788715.1	3184178
GCA_003205055.1	3390255
GCA_004920825.1	3390255
GCA_025059025.1	3350798
GCA_033579475.1	3350798
GCA_017356435.1	2625750
GCA_022509645.1	2625750
GCA_002191675.1	3312621
GCA_002191755.1	3312616
GCA_036997225.1	5784197
GCA_026161905.1	5784197
GCA_900544725.1	2059693
GCA_902480625.1	2059693
GCA_001313325.1	3135760
GCA_009862605.1	3135760
GCA_033412715.1	4185259
GCA_033413615.1	4185259
GCA_902756085.1	2288422
GCA_900315545.1	2288422
GCA_900315515.1	2292713
GCA_902756075.1	2292713
GCA_036829755.1	1828696
GCA_035393745.1	1828696
GCA_001187805.1	5783178
GCA_003115905.1	5783178
GCA_902488035.1	2415548
GCA_900771735.1	2415548
GCA_002191455.1	3312670
GCA_002192115.1	3312673
GCA_003282835.1	921506
GCA_902516255.1	921506
GCA_900544515.1	1833273
GCA_902482985.1	1833273
GCA_001481455.1	7267813
GCA_001853325.1	7267813
GCA_000236865.1	2398022
GCA_902374535.1	2398022
GCA_008802625.1	6773847
GCA_026126885.1	6773847
GCA_900761485.1	3833164
GCA_902483905.1	3833164
GCA_002632465.1	4313848
GCA_963875625.1	4313848
GCA_002909255.1	5431642
GCA_023718315.1	5431642
GCA_900317405.1	2552312
GCA_902758595.1	2552312
GCA_001230005.1	2833640
GCA_001229805.1	2833640
GCA_902364715.1	3795623
GCA_003473545.1	3795623
GCA_023108895.1	5465215
GCA_963899905.1	5465215
GCA_023517855.1	2120195
GCA_023517875.1	2120195
GCA_019633605.1	6106854
GCA_900177695.1	6106854
GCA_900314985.1	3209237
GCA_902755065.1	3209237
GCA_001294215.1	5883795
GCA_963870605.1	5883795
GCA_013415365.1	1299399
GCA_015234655.1	1299399
GCA_028534175.1	7349220
GCA_028534455.1	7349220
GCA_900318675.1	3768663
GCA_902759415.1	3768663
GCA_003003775.1	5204926
GCA_963876965.1	5204926
GCA_036839995.1	1811891
GCA_035395765.1	1811891
GCA_900765085.1	3210940
GCA_902484895.1	3210940
GCA_900241815.1	4908020
GCA_900242005.1	4908020
GCA_000726775.1	3095265
GCA_000727045.1	3095257
GCA_900064555.1	2787951
GCA_001210805.1	2787947
GCA_015555895.1	3222400
GCA_039758435.1	3222400
GCA_001275405.1	4155465
GCA_963869875.1	4155465
GCA_013366555.2	5234636
GCA_013366575.2	5234636
GCA_013366585.2	5234636
GCA_013366635.2	5234636
GCA_949486865.1	1675178
GCA_949523755.1	1675178
GCA_902760185.1	1944928
GCA_900313805.1	1944928
GCA_902363905.1	2837000
GCA_003479405.1	2837000
GCA_009915725.1	4022475
GCA_963895475.1	4022475
GCA_000272125.2	5422263
GCA_963861875.1	5422263
GCA_016601975.1	1791761
GCA_016602195.1	1791764
GCA_002732745.1	1747093
GCA_016764375.1	1747093
GCA_902756615.1	2446058
GCA_900315755.1	2446058
GCA_022509665.1	2672289
GCA_013249095.1	2672289
GCA_003149105.1	4710577
GCA_900199395.1	4710577
GCA_009914035.1	1875540
GCA_009913995.1	1875539
GCA_900762615.1	1780999
GCA_902484365.1	1780999
GCA_040015695.1	5346350
GCA_040329355.1	5346350
GCA_004123695.1	4412039
GCA_963881175.1	4412039
GCA_025459605.1	1670384
GCA_025459825.1	1670384
GCA_025459925.1	1670383
GCA_025459965.1	1670382
GCA_900078545.1	1806744
GCA_902376015.1	1806744
GCA_033176365.1	1841947
GCA_033176545.1	1841947
GCA_002270465.1	5878941
GCA_902387025.1	5878941
GCA_002192095.1	3312779
GCA_002191495.1	3312780
GCA_902484155.1	1853403
GCA_900762035.1	1853403
GCA_022096915.1	3580978
GCA_023132955.1	3580978
GCA_000413615.1	3286575
GCA_000370505.1	3286581
GCA_009905195.1	6335031
GCA_023571485.1	6335028
GCA_002200845.1	4017054
GCA_000772955.1	4017054
GCA_900771085.1	1547831
GCA_902487915.1	1547831
GCA_003425305.1	2789810
GCA_900098005.1	2789806
GCA_036999565.1	5787079
GCA_026163905.1	5787079
GCA_001091065.1	4613802
GCA_963865855.1	4613802
GCA_902485635.1	2335712
GCA_900766775.1	2335712
GCA_003426625.1	2556671
GCA_005937465.1	2556671
GCA_040088955.1	7744823
GCA_040088975.1	7744819
GCA_040089005.1	7744823
GCA_040088935.1	7744820
GCA_038440515.1	1688783
GCA_038440655.1	1688781
GCA_025567125.1	4186633
GCA_902362595.1	4186633
GCA_035400065.1	1903699
GCA_036733225.1	1903699
GCA_003479265.1	2531065
GCA_902364095.1	2531065
GCA_025246025.1	2809615
GCA_001228085.1	2809615
GCA_013030885.1	5208181
GCA_013047115.1	5208181
GCA_036998685.1	5694526
GCA_026162205.1	5694526
GCA_001773015.1	897158
GCA_001773065.1	897158
GCA_001773215.1	897158
GCA_036998505.1	5584957
GCA_026161625.1	5584957
GCA_035397645.1	2035891
GCA_036755685.1	2035891
GCA_014237225.1	3654751
GCA_014237295.1	3654751
GCA_009739755.1	2825900
GCA_009739825.1	2825900
GCA_009739845.1	2825900
GCA_009740205.1	2825900
GCA_009739795.1	2825899
GCA_028219955.1	5985333
GCA_028219975.1	5985334
GCA_003071605.1	5140937
GCA_003204075.1	5140937
GCA_002875225.1	5556094
GCA_963877555.1	5556094
GCA_002040095.1	4700544
GCA_002038325.1	4700544
GCA_035397465.1	2224102
GCA_036817745.1	2224102
GCA_003293635.1	2833887
GCA_902388275.1	2833887
GCA_004193675.1	2337533
GCA_001481675.1	2337529
GCA_000185705.2	4391194
GCA_902374275.1	4391194
GCA_900554945.1	1872414
GCA_902481145.1	1872414
GCA_023534435.1	5400375
GCA_023535145.1	5400375
GCA_900759925.1	5334161
GCA_902483555.1	5334161
GCA_014856585.1	4050649
GCA_013141905.1	4050649
GCA_949516225.1	1639145
GCA_949544785.1	1639145
GCA_949519495.1	1992902
GCA_949530485.1	1992902
GCA_016810535.1	2818501
GCA_016810575.1	2818503
GCA_039639775.1	5410494
GCA_039639785.1	5410494
GCA_039639765.1	5410489
GCA_039637345.1	5410485
GCA_016802385.1	2257932
GCA_016802315.1	2257926
GCA_040687765.1	5362288
GCA_040687775.1	5362288
GCA_003278095.1	2226049
GCA_902558615.1	2226049
GCA_035395425.1	1628555
GCA_036735065.1	1628555
GCA_902758305.1	1871746
GCA_900319155.1	1871746
GCA_002887065.1	4411469
GCA_002887145.1	4411469
GCA_035520595.1	2262433
GCA_036836015.1	2262433
GCA_036039575.1	5126936
GCA_036227725.1	5126936
GCA_900546145.1	2461669
GCA_902481545.1	2461669
GCA_945829975.1	2426567
GCA_945878105.1	2426567
GCA_000625855.2	4685659
GCA_000623515.2	4685658
GCA_016925335.1	5603347
GCA_016925395.1	5603348
GCA_015656795.1	1663657
GCA_904501985.1	1663657
GCA_902758905.1	1707384
GCA_900321755.1	1707384
GCA_016454965.1	2512830
GCA_016455045.1	2512826
GCA_017846575.1	1850490
GCA_014874675.1	1850490
GCA_001048535.1	5630363
GCA_963866965.1	5630363
GCA_002921195.1	4879104
GCA_002924265.1	4879104
GCA_019335705.1	1899795
GCA_019335355.1	1899794
GCA_902637025.1	1186931
GCA_902637265.1	1186929
GCA_028065705.1	3587043
GCA_021847015.1	3587043
GCA_001442925.1	2592687
GCA_001485625.1	2592687
GCA_002447315.1	4411134
GCA_000364825.1	4411128
GCA_003710345.1	2810505
GCA_003710515.1	2810505
GCA_902758615.1	1816152
GCA_900318025.1	1816152
GCA_037287525.1	5098655
GCA_037287555.1	5098650
GCA_900556285.1	1716642
GCA_902483005.1	1716642
GCA_900545995.1	1901577
GCA_902481815.1	1901577
GCA_900066825.1	3815973
GCA_902362915.1	3815973
GCA_009910495.1	10489156
GCA_010550475.1	10489156
GCA_030719765.1	1670931
GCA_030719725.1	1670926
GCA_030720545.1	1670926
GCA_030078315.1	2013841
GCA_030078295.1	2013837
GCA_000782855.1	2013842
GCA_003468125.1	2354539
GCA_902364945.1	2354539
GCA_032803745.1	5495421
GCA_035020415.1	5495421
GCA_009908265.2	4142744
GCA_019130055.1	4142744
GCA_011771305.1	3262357
GCA_011773715.1	3262357
GCA_001623485.1	5189679
GCA_963869325.1	5189679
GCA_948868695.1	2196542
GCA_948955735.1	2196542
GCA_000272325.2	5639868
GCA_963860735.1	5639868
GCA_900549685.1	2600623
GCA_902481745.1	2600623
GCA_025802015.1	3296250
GCA_026015885.1	3296250
GCA_024436585.1	5621767
GCA_025532015.1	5621767
GCA_902486465.1	2318157
GCA_900768735.1	2318157
GCA_900319365.1	1954565
GCA_902756295.1	1954565
GCA_013329875.1	1063227
GCA_003672595.1	1063227
GCA_034497645.1	2814472
GCA_034507015.1	2814472
GCA_020907315.1	3064160
GCA_030125465.1	3064160
GCA_020683545.1	4409023
GCA_020683325.1	4409024
GCA_011771455.1	2340594
GCA_011773855.1	2340594
GCA_013112635.1	5325921
GCA_016743565.1	5325921
GCA_003049905.1	5341905
GCA_963878655.1	5341905
GCA_003672475.1	1545626
GCA_013330765.1	1545626
GCA_013031165.1	4144219
GCA_013031185.1	4144219
GCA_949496555.1	2085660
GCA_949544215.1	2085660
GCA_900551765.1	1208730
GCA_902479455.1	1208730
GCA_945827985.1	3042666
GCA_945867865.1	3042667
GCA_035394685.1	3711486
GCA_036771535.1	3711486
GCA_902484045.1	2025539
GCA_900761915.1	2025539
GCA_035396085.1	1458638
GCA_036793665.1	1458638
GCA_011458095.1	1563292
GCA_011462215.1	1563290
GCA_003312095.1	3896121
GCA_963895155.1	3896121
GCA_948783795.1	1668061
GCA_949060145.1	1668061
GCA_025057515.1	2880465
GCA_033583175.1	2880465
GCA_016807305.1	1654451
GCA_021890095.1	1654451
GCA_024668635.2	2864598
GCA_024668595.2	2864598
GCA_035405485.1	2598445
GCA_036825255.1	2598445
GCA_900548455.1	3911084
GCA_902482965.1	3911084
GCA_900770755.1	2865067
GCA_902487685.1	2865067
GCA_035397945.1	927183
GCA_036733485.1	927183
GCA_035325045.1	4121504
GCA_036734325.1	4121504
GCA_015316795.1	4735916
GCA_015317075.1	4735916
GCA_006246165.1	4514386
GCA_963883125.1	4514386
GCA_025057455.1	1419190
GCA_033583255.1	1419190
GCA_023534335.1	4804097
GCA_023534975.1	4804097
GCA_005774215.1	2535988
GCA_005937755.1	2535988
GCA_003462485.1	2039736
GCA_902385555.1	2039736
GCA_902757705.1	3049239
GCA_900316405.1	3049239
GCA_040369685.1	2232864
GCA_900087795.2	2232864
GCA_003214435.1	977968
GCA_902570245.1	977968
GCA_900765185.1	1956667
GCA_902484905.1	1956667
GCA_902758715.1	1671735
GCA_900321955.1	1671735
GCA_013296505.1	6140222
GCA_013296845.1	6140219
GCA_017599245.1	4705495
GCA_023154655.1	4705495
GCA_035395405.1	1346157
GCA_036803345.1	1346157
GCA_036998965.1	5802941
GCA_026161865.1	5802941
GCA_900317435.1	2172759
GCA_902757065.1	2172759
GCA_015656575.1	1921602
GCA_904502135.1	1921602
GCA_900319475.1	2403395
GCA_902759185.1	2403395
GCA_001564205.1	1480846
GCA_001564005.1	1480846
GCA_006511575.1	2797370
GCA_006511765.1	2797370
GCA_900542305.1	2117444
GCA_902481415.1	2117444
GCA_902386035.1	3456217
GCA_000581715.1	3456217
GCA_004346295.1	5600447
GCA_963881885.1	5600447
GCA_026199405.1	1623915
GCA_026199435.1	1623915
GCA_003925855.2	4826820
GCA_014169675.1	4826820
GCA_025567245.1	3932285
GCA_900066745.1	3932285
GCA_016813145.1	4035403
GCA_016813555.1	4035403
GCA_024102615.1	6033326
GCA_024178315.1	6033326
GCA_900314755.1	3009553
GCA_902756355.1	3009553
GCA_003604275.1	3701123
GCA_902364345.1	3701123
GCA_949533705.1	1815845
GCA_949548015.1	1815845
GCA_900765065.1	1366175
GCA_902484915.1	1366175
GCA_014899285.1	4420316
GCA_014899245.1	4420315
GCA_900313085.1	2136453
GCA_902755685.1	2136453
GCA_902755885.1	2708071
GCA_900316255.1	2708071
GCA_948827705.1	1832015
GCA_948964115.1	1832015
GCA_017115215.1	3165266
GCA_901284435.2	3165267
GCA_000373585.1	8596663
GCA_009862225.1	8596663
GCA_948795635.1	1673370
GCA_948912775.1	1673370
GCA_023716405.1	2821275
GCA_023716325.1	2821275
GCA_023716285.1	2821269
GCA_035441765.1	2505319
GCA_036724015.1	2505319
GCA_036999845.1	5635364
GCA_026164075.1	5635364
GCA_015656355.1	2020038
GCA_904502145.1	2020038
GCA_902850335.2	2190275
GCA_903909965.1	2190275
GCA_015656955.1	1722733
GCA_904501705.1	1722733
GCA_902755295.1	2878766
GCA_900317695.1	2878766
GCA_902759875.1	1612091
GCA_900322025.1	1612091
GCA_004637225.1	4112703
GCA_004635905.1	4112699
GCA_001319955.1	4273558
GCA_902388035.1	4273558
GCA_900318035.1	2288391
GCA_902759475.1	2288391
GCA_014281135.1	4078052
GCA_019093005.1	4078052
GCA_902170345.1	5013236
GCA_963901255.1	5013236
GCA_902755055.1	3148055
GCA_900316465.1	3148055
GCA_902756995.1	2000557
GCA_900315235.1	2000557
GCA_015657335.1	2234701
GCA_904501645.1	2234701
GCA_014145355.1	5132152
GCA_021736165.1	5132152
GCA_003457015.1	4253785
GCA_003457035.1	4253783
GCA_902759635.1	2273524
GCA_900317815.1	2273524
GCA_015657215.1	1473003
GCA_904501865.1	1473003
GCA_003667985.1	5552483
GCA_963894355.1	5552483
GCA_900762005.1	2142222
GCA_902484135.1	2142222
GCA_035395985.1	975653
GCA_036808805.1	975653
GCA_902487865.1	1872155
GCA_900771015.1	1872155
GCA_003463225.1	4465025
GCA_902385275.1	4465025
GCA_001039615.1	4549724
GCA_963865715.1	4549724
GCA_038377095.1	2971142
GCA_038377045.1	2971139
GCA_003213715.1	1093635
GCA_902570965.1	1093635
GCA_036998765.1	5779638
GCA_026163745.1	5779638
GCA_001050095.1	2712841
GCA_902375565.1	2712841
GCA_016807425.1	1617386
GCA_021890215.1	1617386
GCA_001582695.1	3597996
GCA_001582705.1	3597996
GCA_013415235.1	1802210
GCA_015234765.1	1802210
GCA_003473415.1	3117648
GCA_902364475.1	3117648
GCA_009362465.1	2164763
GCA_014267345.1	2164763
GCA_902803925.1	2783739
GCA_900313905.1	2783739
GCA_001049715.1	2835868
GCA_002900905.1	2835868
GCA_949517935.1	1825292
GCA_949541175.1	1825292
GCA_900762495.1	3080391
GCA_902484325.1	3080391
GCA_948531915.1	2068018
GCA_948923915.1	2068018
GCA_949115285.1	2068018
GCA_001689935.1	4791235
GCA_001690005.1	4791235
GCA_902483215.1	1544132
GCA_900544575.1	1544132
GCA_001401995.1	3267534
GCA_001402025.1	3267534
GCA_015558205.1	3334489
GCA_039762135.1	3334489
GCA_000005845.2	4641652
GCA_004358965.1	4641652
GCA_009800285.1	4641651
GCA_009800265.1	4641649
GCA_002632685.1	5148996
GCA_963876565.1	5148996
GCA_003216195.1	1235579
GCA_902564545.1	1235579
GCA_000735935.1	4539435
GCA_000736075.1	4539435
GCA_000735915.1	4539435
GCA_963900955.1	4768869
GCA_902506035.1	4768869
GCA_034497665.1	2792609
GCA_034506935.1	2792609
GCA_017798245.1	2809270
GCA_022832775.1	2809270
GCA_001644705.1	4919833
GCA_027920765.2	4919828
GCA_035581945.1	3152216
GCA_036409255.1	3152216
GCA_004024495.1	4528189
GCA_963882215.1	4528189
GCA_024652845.1	3292175
GCA_024652865.1	3292175
GCA_004636885.1	4106638
GCA_004636345.1	4106636
GCA_001985005.1	4104313
GCA_001988195.1	4104309
GCA_900465145.1	4104308
GCA_004009415.1	4104306
GCA_001307645.1	4104305
GCA_002736145.1	2306349
GCA_902388175.1	2306349
GCA_003672825.1	1742852
GCA_013329995.1	1742852
GCA_003673025.1	1565837
GCA_013330155.1	1565837
GCA_002446955.1	4411382
GCA_002447695.1	4411379
GCA_019378735.1	4546645
GCA_019378715.1	4546642
GCA_003280005.1	1050652
GCA_902551105.1	1050652
GCA_003434055.1	6045490
GCA_902364085.1	6045490
GCA_900169485.1	1447956
GCA_902386915.1	1447956
GCA_938049535.1	757381
GCA_947486215.1	757381
GCA_001487125.1	3397023
GCA_902375975.1	3397023
GCA_003813045.1	6409101
GCA_016889205.1	6409097
GCA_902759275.1	1666787
GCA_900320895.1	1666787
GCA_003437055.1	1974590
GCA_902399865.1	1974590
GCA_016600925.1	1775624
GCA_016350125.1	1775616
GCA_016906105.1	2024424
GCA_016906085.1	2024424
GCA_003469405.1	4497091
GCA_902364825.1	4497091
GCA_008121455.1	2494407
GCA_003425665.1	2494407
GCA_902387315.1	2494407
GCA_900767955.1	2580548
GCA_902486065.1	2580548
GCA_030549395.1	3753617
GCA_023806745.1	3753617
GCA_020052435.1	1234797
GCA_020059625.1	1234797
GCA_014076795.1	4527039
GCA_963890185.1	4527039
GCA_902399815.1	2305804
GCA_003437035.1	2305804
GCA_003384145.1	2465584
GCA_005937345.1	2465584
GCA_001307105.1	3649005
GCA_018200265.1	3649005
GCA_006243325.1	4803087
GCA_963882465.1	4803087
GCA_020783575.1	6740828
GCA_020783615.1	6740829
GCA_020783535.1	6740828
GCA_020783515.1	6740826
GCA_900545905.1	1895587
GCA_902483405.1	1895587
GCA_030719965.1	1670844
GCA_030719825.1	1670837
GCA_030720605.1	1670837
GCA_009847665.1	1798223
GCA_039889335.1	1798220
GCA_003475645.1	2066544
GCA_902364305.1	2066544
GCA_035325025.1	5299772
GCA_036724445.1	5299772
GCA_902756395.1	2125954
GCA_900316185.1	2125954
GCA_902758665.1	2220304
GCA_900319685.1	2220304
GCA_012912135.1	6257395
GCA_963887565.1	6257395
GCA_902754885.1	1234946
GCA_900313695.1	1234946
GCA_000287155.2	3894846
GCA_963861205.1	3894846
GCA_001442875.1	2680570
GCA_001536225.1	2680570
GCA_002894405.1	3639158
GCA_902387915.1	3639158
GCA_015571955.1	5018506
GCA_015571815.1	5018513
GCA_900547435.1	3044653
GCA_902482475.1	3044653
GCA_900320675.1	1694395
GCA_902759725.1	1694395
GCA_009704015.1	1250082
GCA_947461895.1	1250082
GCA_900768145.1	1461047
GCA_902486265.1	1461047
GCA_900313155.1	1152559
GCA_902759735.1	1152559
GCA_949811785.1	5113534
GCA_949813085.1	5113534
GCA_023716165.1	2821246
GCA_023716265.1	2821253
GCA_902365045.1	2352650
GCA_003467145.1	2352650
GCA_020052335.1	1706959
GCA_020061165.1	1706959
GCA_000700925.1	1080448
GCA_000700845.1	1080447
GCA_000700865.1	1080447
GCA_000700885.1	1080446
GCA_000700905.1	1080446
GCA_033583555.1	2828928
GCA_025056215.1	2828928
GCA_027557955.1	2566312
GCA_027557735.1	2566309
GCA_001187865.1	4256263
GCA_963867435.1	4256263
GCA_900321125.1	2642899
GCA_902757345.1	2642899
GCA_900319545.1	2488276
GCA_902757805.1	2488276
GCA_034930645.1	3504528
GCA_034930535.1	3504526
GCA_900316505.1	3048346
GCA_902755925.1	3048346
GCA_022096895.1	2748435
GCA_023139025.1	2748435
GCA_035520075.1	1758719
GCA_036802265.1	1758719
GCA_035405425.1	1604247
GCA_036748195.1	1604247
GCA_002155265.1	2337763
GCA_002794435.1	2337756
GCA_001543175.1	1974262
GCA_016026975.1	1974256
GCA_001580095.1	5206456
GCA_001580105.1	5206456
GCA_000069185.1	5090491
GCA_035759335.1	5090491
GCA_035761185.1	5090491
GCA_035763005.1	5090491
GCA_035764585.1	5090491
GCA_015554965.1	3726442
GCA_005844125.1	3726442
GCA_011189505.1	5163014
GCA_963888005.1	5163014
GCA_943787685.1	2570005
GCA_943844825.1	2570005
GCA_034651215.1	4925667
GCA_036039185.1	4925667
GCA_034651315.1	4925671
GCA_036039365.1	4925671
GCA_009905015.1	3821490
GCA_963886585.1	3821490
GCA_037059965.1	4724185
GCA_001148885.1	4724188
GCA_964198795.1	5763585
GCA_964199025.1	5763585
GCA_004847625.1	4726558
GCA_004847745.1	4726558
GCA_004847565.1	4726556
GCA_009741445.1	4956929
GCA_020735285.1	4956930
GCA_016902915.1	4578709
GCA_016902855.1	4578711
GCA_035113765.1	1099311
GCA_035113865.1	1099306
GCA_022871165.1	2833398
GCA_022871185.1	2833398
GCA_003468475.1	3404640
GCA_902364815.1	3404640
GCA_002886505.1	4411399
GCA_002447235.1	4411398
GCA_001405015.1	3449564
GCA_902362765.1	3449564
GCA_010092655.1	1932640
GCA_022509305.1	1932640
GCA_035405345.1	1409009
GCA_036836395.1	1409009
GCA_013415245.1	1967238
GCA_015234615.1	1967238
GCA_003311825.1	4021660
GCA_963878545.1	4021660
GCA_015272975.1	2757937
GCA_022396215.1	2757937
GCA_900104575.1	4863531
GCA_902386805.1	4863531
GCA_001855145.1	2788370
GCA_003710305.1	2788370
GCA_029284775.1	4067669
GCA_029285075.1	4067669
GCA_029285275.1	4067669
GCA_029285395.1	4067670
GCA_029285675.1	4067669
GCA_023893915.1	3861678
GCA_024594855.1	3861678
GCA_015904925.1	1672961
GCA_017594905.1	1672961
GCA_005845205.1	2251529
GCA_015548755.1	2251529
GCA_945831185.1	2246653
GCA_945874955.1	2246653
GCA_902755665.1	2495623
GCA_900321115.1	2495623
GCA_035393445.1	4431564
GCA_036825275.1	4431564
GCA_012045365.1	2774080
GCA_012045505.1	2774076
GCA_002859645.1	4102575
GCA_001985985.1	4102567
GCA_035441525.1	1896474
GCA_036827585.1	1896474
GCA_015273015.1	2746521
GCA_022396095.1	2746521
GCA_900549455.1	1908924
GCA_902481805.1	1908924
GCA_002875065.1	5582678
GCA_963877745.1	5582678
GCA_904501945.1	2255267
GCA_015656845.1	2255267
GCA_015904865.1	1650739
GCA_017594815.1	1650739
GCA_003471765.1	2258161
GCA_902364615.1	2258161
GCA_900313785.1	2731248
GCA_902757525.1	2731248
GCA_022405205.1	2751661
GCA_022405255.1	2751661
GCA_003397485.1	7009409
GCA_009299775.1	7009409
GCA_003355085.1	4112629
GCA_002286295.1	4112627
GCA_019375135.1	5003992
GCA_009600665.1	5003992
GCA_902374555.1	4681222
GCA_000239335.1	4681222
GCA_921447065.1	3289414
GCA_000739315.1	3289409
GCA_026410105.1	5626354
GCA_026410125.1	5626348
GCA_900316735.1	2998218
GCA_902759145.1	2998218
GCA_018327265.1	2230853
GCA_018327325.1	2230853
GCA_025971775.1	1643323
GCA_027860375.1	1643323
GCA_006151705.1	6188539
GCA_901007645.1	6188539
GCA_016813695.1	3983916
GCA_016813735.1	3983916
GCA_902362875.1	3036595
GCA_900066705.1	3036595
GCA_003149225.1	6668541
GCA_900115935.1	6668541
GCA_019137795.1	3498368
GCA_963895405.1	3498368
GCA_015905165.1	1667459
GCA_017595035.1	1667459
GCA_035435305.1	3050324
GCA_036786185.1	3050324
GCA_035398225.1	1885066
GCA_036739335.1	1885066
GCA_028226565.1	5838431
GCA_028225535.1	5838427
GCA_000469345.1	3447136
GCA_902375155.1	3447136
GCA_026128545.1	5726691
GCA_026198275.1	5726691
GCA_026625025.1	5467641
GCA_000195775.2	5467641
GCA_035063525.1	5154846
GCA_036440635.1	5154846
GCA_000417505.1	2615280
GCA_902385975.1	2615280
GCA_002447875.1	4411290
GCA_002446875.1	4411288
GCA_900541065.1	2270965
GCA_902480685.1	2270965
GCA_040367275.1	2233133
GCA_900087685.2	2233133
GCA_011765235.1	4472460
GCA_963887985.1	4472460
GCA_020685185.1	1716260
GCA_022127985.1	1716260
GCA_020687665.1	1716265
GCA_022128005.1	1716265
GCA_035400005.1	2137638
GCA_036738715.1	2137638
GCA_019047805.1	2881812
GCA_017876455.1	2881812
GCA_035395885.1	2546434
GCA_036823375.1	2546434
GCA_020783915.1	4914361
GCA_020783955.1	4914362
GCA_035400245.1	763767
GCA_036825215.1	763767
GCA_002995435.1	3751213
GCA_963877065.1	3751213
GCA_035398905.1	4468852
GCA_036795595.1	4468852
GCA_902479795.1	1665260
GCA_900556145.1	1665260
GCA_004010975.1	3007503
GCA_015238575.1	3007502
GCA_036417805.1	6716160
GCA_036417915.1	6716160
GCA_025055575.1	2436020
GCA_033583435.1	2436020
GCA_024752515.1	4215585
GCA_022700955.1	4215582
GCA_002633395.1	8325244
GCA_900090155.1	8325244
GCA_034646055.1	891374
GCA_034646875.2	891374
GCA_902759555.1	3800881
GCA_900317155.1	3800881
GCA_902758475.1	3414015
GCA_900315035.1	3414015
GCA_009647385.1	5469970
GCA_963886325.1	5469970
GCA_902759295.1	2189629
GCA_900315045.1	2189629
GCA_039749075.1	4728525
GCA_039749235.1	4728527
GCA_039749295.1	4728527
GCA_018603475.1	3998712
GCA_018603455.1	3998707
GCA_001039555.1	4683052
GCA_963865605.1	4683052
GCA_900543485.1	2474898
GCA_902481085.1	2474898
GCA_013294665.1	6140113
GCA_013294915.1	6140113
GCA_013295665.1	6140113
GCA_013296105.1	6140110
GCA_900317465.1	3266496
GCA_902758895.1	3266496
GCA_902758915.1	2304701
GCA_900316225.1	2304701
GCA_035394345.1	3421460
GCA_036725205.1	3421460
GCA_001485215.1	6386310
GCA_963869305.1	6386310
GCA_005844305.1	3334864
GCA_015550775.1	3334864
GCA_002237775.1	3835730
GCA_900156125.1	3835730
GCA_014237495.1	3259324
GCA_028286225.1	3259324
GCA_040373215.1	2217882
GCA_900087625.2	2217882
GCA_900768855.1	1361363
GCA_902486555.1	1361363
GCA_003211835.1	1103143
GCA_902612685.1	1103143
GCA_041051995.1	5847894
GCA_021727355.1	5847886
GCA_018619515.1	7871924
GCA_022399475.1	7871924
GCA_001404695.1	2187920
GCA_902362815.1	2187920
GCA_003436715.1	3900702
GCA_902399905.1	3900702
GCA_017115705.1	3102825
GCA_901284425.1	3102825
GCA_003283915.1	1904729
GCA_902513355.1	1904729
GCA_035427225.1	4601253
GCA_036720075.1	4601253
GCA_040735115.1	4430612
GCA_040820785.1	4430612
GCA_009627215.1	3693564
GCA_009627115.1	3693560
GCA_900314585.1	1038029
GCA_902755175.1	1038029
GCA_902758045.1	2244306
GCA_900320805.1	2244306
GCA_023534565.1	5411477
GCA_023535245.1	5411477
GCA_902758145.1	1796167
GCA_900318905.1	1796167
GCA_949543935.1	1599227
GCA_949551925.1	1599227
GCA_019839265.1	1610081
GCA_019839305.1	1610078
GCA_017896365.1	1267801
GCA_022343905.1	1267799
GCA_018679745.1	2393299
GCA_013042345.1	2393299
GCA_900542925.1	2558178
GCA_902479445.1	2558178
GCA_902480655.1	1879491
GCA_900543755.1	1879491
GCA_019270215.1	4917491
GCA_019270195.1	4917491
GCA_016894145.1	4917491
GCA_003478355.1	4339245
GCA_902366885.1	4339245
GCA_013043165.1	3185625
GCA_018677035.1	3185625
GCA_902364975.1	2282570
GCA_003467965.1	2282570
GCA_003282205.1	1330070
GCA_902525505.1	1330070
GCA_002705665.1	9563454
GCA_009863085.1	9563454
GCA_900090095.1	9563454
GCA_017166665.1	5221475
GCA_017166875.1	5221469
GCA_036040015.1	4963617
GCA_036227785.1	4963617
GCA_003460645.1	2745360
GCA_902385305.1	2745360
GCA_000319005.1	1046379
GCA_000319065.1	1046364
GCA_000318965.1	1046381
GCA_000318945.1	1046376
GCA_025604185.1	4690471
GCA_040751115.1	4690471
GCA_036039865.1	5128032
GCA_036227745.1	5128032
GCA_036725545.1	3203405
GCA_035404965.1	3203405
GCA_012225065.1	1652366
GCA_012224905.1	1652365
GCA_025218445.1	5434384
GCA_032192175.1	5434384
GCA_000068585.1	1038842
GCA_000318885.1	1038839
GCA_000441755.1	1038839
GCA_900556335.1	1339630
GCA_902480725.1	1339630
GCA_020881555.1	5199519
GCA_963895205.1	5199519
GCA_003672645.1	1467048
GCA_013331145.1	1467048
GCA_900541135.1	2082758
GCA_902481915.1	2082758
GCA_902363945.1	2290750
GCA_003462845.1	2290750
GCA_037479095.1	5190298
GCA_013450275.1	5190298
GCA_009746275.1	5547185
GCA_013187315.1	5547185
GCA_035435205.1	2686072
GCA_036800105.1	2686072
GCA_902757625.1	2594579
GCA_900318735.1	2594579
GCA_016890025.1	2654561
GCA_024172385.1	2654556
GCA_016814715.1	4317604
GCA_016814855.1	4317602
GCA_040529295.1	4001338
GCA_040529315.1	4001338
GCA_021560675.1	3959116
GCA_021560695.1	3959115
GCA_949517855.1	3913466
GCA_949544375.1	3913466
GCA_902758925.1	2816217
GCA_900320795.1	2816217
GCA_001718115.2	5766661
GCA_021496095.1	5766661
GCA_001268385.1	5282192
GCA_001269045.1	5282192
GCA_902756285.1	2321131
GCA_900316795.1	2321131
GCA_022325035.1	5625737
GCA_034651915.1	5625737
GCA_902170395.1	4817417
GCA_963900315.1	4817417
GCA_017169745.1	3854523
GCA_017169895.1	3854521
GCA_015354775.1	2591797
GCA_036400595.1	2591797
GCA_004634925.1	4110548
GCA_022407895.1	4110545
GCA_001655395.1	1139594
GCA_005341485.1	1139592
GCA_029958745.3	1139595
GCA_029958825.3	1139592
GCA_040543005.1	1139588
GCA_040543035.1	1139589
GCA_040543045.1	1139588
GCA_040405045.1	1139588
GCA_040405265.1	1139587
GCA_040407655.1	1139587
GCA_040409765.1	1139595
GCA_040542995.1	1139587
GCA_029958785.3	1139591
GCA_029866645.1	1139594
GCA_902756555.1	1590850
GCA_900313505.1	1590850
GCA_003672275.1	1598946
GCA_013329355.1	1598946
GCA_902170325.1	4847790
GCA_963900465.1	4847790
GCA_900545875.1	1874529
GCA_902480065.1	1874529
GCA_019047505.1	2154796
GCA_900475385.1	2154796
GCA_030719625.1	1728921
GCA_030720365.1	1728920
GCA_900319565.1	2598674
GCA_902759835.1	2598674
GCA_025567135.1	3614006
GCA_900066445.1	3614006
GCA_000311865.1	1773998
GCA_902374715.1	1773998
GCA_031349165.2	1733516
GCA_031587895.2	1733516
GCA_003050425.1	5406706
GCA_963878275.1	5406706
GCA_003278145.1	1370115
GCA_902554645.1	1370115
GCA_023534585.1	5430250
GCA_023535285.1	5430250
GCA_003281005.1	1119353
GCA_902538845.1	1119353
GCA_000508965.1	3357599
GCA_902385955.1	3357599
GCA_036997805.1	5745213
GCA_026161705.1	5745213
GCA_016917495.1	4552574
GCA_016917555.1	4552574
GCA_018502105.1	2802382
GCA_018502265.1	2802382
GCA_018501985.1	2802382
GCA_035400185.1	2145293
GCA_036733245.1	2145293
GCA_008867795.1	5650604
GCA_009746205.1	5650604
GCA_019249435.1	5650604
GCA_021018785.1	1944152
GCA_008041995.1	1944145
GCA_000025245.2	1944152
GCA_014805785.2	5024881
GCA_014840915.2	5024881
GCA_035337855.1	3816888
GCA_036743755.1	3816888
GCA_035441745.1	1904471
GCA_036830475.1	1904471
GCA_900766555.1	1121428
GCA_902485535.1	1121428
GCA_035063465.1	5112392
GCA_036442775.1	5112392
GCA_001525265.1	5068335
GCA_900075085.1	5068345
GCA_900095855.1	1715864
GCA_902376155.1	1715864
GCA_900554475.1	1552334
GCA_902480795.1	1552334
GCA_900550865.1	2425923
GCA_902481385.1	2425923
GCA_037150855.1	5336614
GCA_037151595.1	5336614
GCA_004792765.1	4774539
GCA_004792855.1	4774539
GCA_900128935.1	3196090
GCA_900143415.1	3196090
GCA_900148695.1	3196090
GCA_001078885.1	4721397
GCA_001084245.1	4721404
GCA_025054815.1	3983825
GCA_033582975.1	3983825
GCA_035441785.1	2489486
GCA_036805945.1	2489486
GCA_900542125.1	2220706
GCA_902483265.1	2220706
GCA_902385785.1	2369669
GCA_001040725.1	2369669
GCA_001983165.1	6508266
GCA_009671285.1	6508266
GCA_900313635.1	1814546
GCA_902757595.1	1814546
GCA_900010465.1	4028842
GCA_900011305.1	4028842
GCA_015549345.1	4976175
GCA_040246985.1	4976175
GCA_010883135.1	1766235
GCA_013184585.1	1766235
GCA_900318995.1	2502088
GCA_902755015.1	2502088
GCA_016807345.1	1623435
GCA_021890155.1	1623435
GCA_902479655.1	1046494
GCA_900544605.1	1046494
GCA_949429755.1	1550334
GCA_949461835.1	1550334
GCA_949523285.1	1550334
GCA_022407655.1	4113734
GCA_001988315.1	4113730
GCA_030122865.1	4090469
GCA_030122885.1	4090469
GCA_034497605.1	2792429
GCA_034506925.1	2792429
GCA_013041705.1	2687830
GCA_018677415.1	2687830
GCA_003435055.1	3436300
GCA_902385365.1	3436300
GCA_000014445.1	2075763
GCA_016127295.1	2075758
GCA_001457025.1	4226231
GCA_900094675.1	4226231
GCA_028322845.1	2779554
GCA_039757675.1	2779554
GCA_900541115.1	2005890
GCA_902481895.1	2005890
GCA_035394185.1	3587191
GCA_036841485.1	3587191
GCA_902364105.1	2452967
GCA_003459505.1	2452967
GCA_011771255.1	2185789
GCA_011773645.1	2185789
GCA_902759365.1	1878602
GCA_900316535.1	1878602
GCA_003287565.1	5378237
GCA_963878765.1	5378237
GCA_024177465.1	4867487
GCA_020080855.1	4867486
GCA_007559325.1	4374034
GCA_008630605.1	4374034
GCA_900991335.1	1758731
GCA_900993815.1	1758730
GCA_021559715.1	4004057
GCA_009738165.1	4004056
GCA_900769535.1	1366229
GCA_902487015.1	1366229
GCA_001712995.1	1139178
GCA_001713055.1	1139184
GCA_001713075.1	1139185
GCA_949529735.1	3588923
GCA_949550405.1	3588923
GCA_041755335.1	3079302
GCA_041764985.1	3079302
GCA_041765495.1	3079302
GCA_009915665.1	3953645
GCA_963894305.1	3953645
GCA_035519815.1	3444995
GCA_036825335.1	3444995
GCA_902755435.1	2892285
GCA_900321385.1	2892285
GCA_037713025.1	1702064
GCA_037719745.1	1702064
GCA_037716265.1	1702061
GCA_948874515.1	2028562
GCA_949064025.1	2028562
GCA_003480915.1	6085081
GCA_902399985.1	6085081
GCA_900538965.1	2737642
GCA_905213375.1	2737642
GCA_013296195.1	6140023
GCA_013295605.1	6140016
GCA_902486825.1	2902010
GCA_900769345.1	2902010
GCA_900760055.1	2897966
GCA_902483565.1	2897966
GCA_004635725.1	4105318
GCA_002442775.1	4105315
GCA_015547465.1	6653351
GCA_028399385.1	6653351
GCA_001807895.1	4491970
GCA_902386605.1	4491970
GCA_005221925.1	5555919
GCA_005221825.1	5555918
GCA_005221805.1	5555919
GCA_005221965.1	5555919
GCA_005222025.1	5555917
GCA_002213565.1	2999326
GCA_002213605.1	2999326
GCA_002213665.1	2999326
GCA_002213905.1	2999326
GCA_900102475.1	4521825
GCA_902377505.1	4521825
GCA_900321175.1	1490328
GCA_902756735.1	1490328
GCA_000010685.1	4371711
GCA_001580385.1	4371707
GCA_945827725.1	2851814
GCA_945875605.1	2851814
GCA_900313845.1	2712658
GCA_902755875.1	2712658
GCA_035404905.1	2654659
GCA_036845705.1	2654659
GCA_001364735.1	4720926
GCA_001082385.1	4720931
GCA_945827865.1	2370644
GCA_945869085.1	2370644
GCA_902759205.1	3525557
GCA_900317055.1	3525557
GCA_900317325.1	3474993
GCA_902758295.1	3474993
GCA_900315885.1	1324263
GCA_902757235.1	1324263
GCA_900545965.1	2306396
GCA_902480255.1	2306396
GCA_003481595.1	4216544
GCA_902385535.1	4216544
GCA_035404605.1	3538058
GCA_036725505.1	3538058
GCA_000209915.1	2943413
GCA_902388055.1	2943413
GCA_001851105.1	4392982
GCA_001841065.1	4392978
GCA_035427285.1	3175179
GCA_036827325.1	3175179
GCA_023574125.1	2644957
GCA_024160125.1	2644957
GCA_902758095.1	1670752
GCA_900319785.1	1670752
GCA_900096885.1	3666504
GCA_001456955.1	3666504
GCA_902757635.1	1979317
GCA_900313305.1	1979317
GCA_902758005.1	3155700
GCA_900315525.1	3155700
GCA_000255275.1	2530683
GCA_004916775.1	2530683
GCA_004916755.1	2530683
GCA_017115255.1	3165248
GCA_901284485.2	3165249
GCA_003024675.1	2525977
GCA_902387245.1	2525977
GCA_002241165.1	3624703
GCA_963874295.1	3624703
GCA_037168565.1	5107465
GCA_040010195.1	5107465
GCA_003211595.1	423104
GCA_902609375.1	423104
GCA_900768785.1	2721654
GCA_902486475.1	2721654
GCA_900143325.1	5792259
GCA_900148555.1	5792259
GCA_003478275.1	2599910
GCA_902364995.1	2599910
GCA_038442225.1	4230633
GCA_019457715.1	4230633
GCA_025600235.1	7735192
GCA_027858115.1	7735192
GCA_023534425.1	5352985
GCA_023535025.1	5352985
GCA_025060695.1	1496868
GCA_033579975.1	1496868
GCA_902758865.1	3206823
GCA_900319175.1	3206823
GCA_900320245.1	3022080
GCA_902758775.1	3022080
GCA_015354935.1	2592203
GCA_036400955.1	2592203
GCA_900320475.1	1902837
GCA_902756955.1	1902837
GCA_900319495.1	2948979
GCA_902755085.1	2948979
GCA_015656655.1	1934215
GCA_904502275.1	1934215
GCA_902756465.1	2960931
GCA_900315835.1	2960931
GCA_003253815.1	4208157
GCA_902386215.1	4208157
GCA_010287895.1	3743002
GCA_963887785.1	3743002
GCA_000736015.1	4539435
GCA_000735975.1	4539435
GCA_000736135.1	4539435
GCA_000736155.1	4539435
GCA_000736215.1	4539435
GCA_000736115.1	4539435
GCA_015354865.1	2591829
GCA_036400495.1	2591829
GCA_036999105.1	5802665
GCA_026162285.1	5802665
GCA_005341445.1	2337585
GCA_004193955.1	2337583
GCA_004295625.1	2337582
GCA_004193695.1	2337580
GCA_001653315.1	2337578
GCA_001682255.2	2337578
GCA_004332375.1	2337578
GCA_002953235.1	2337575
GCA_004323755.1	2337575
GCA_949547005.1	1956583
GCA_949550415.1	1956583
GCA_020881515.1	5327954
GCA_963896415.1	5327954
GCA_003859345.1	5178624
GCA_009823215.1	5178624
GCA_036865385.1	5574104
GCA_036865395.1	5574096
GCA_902756755.1	1543929
GCA_900321395.1	1543929
GCA_900318745.1	2000197
GCA_902757715.1	2000197
GCA_003858715.1	5294665
GCA_009822765.1	5294665
GCA_004345225.1	5712688
GCA_963881205.1	5712688
GCA_019633635.1	2821068
GCA_900176155.1	2821068
GCA_900764795.1	1615634
GCA_902484855.1	1615634
GCA_034187855.1	5671248
GCA_040796745.1	5671248
GCA_921446915.1	3294316
GCA_921446815.1	3294317
GCA_947644105.1	2299728
GCA_948548395.1	2299726
GCA_900771295.1	2073085
GCA_902488085.1	2073085
GCA_033658425.1	2536263
GCA_033659405.1	2536263
GCA_000630405.1	1830053
GCA_000629685.1	1830053
GCA_902760165.1	2326076
GCA_900314765.1	2326076
GCA_002952915.1	4651849
GCA_002952935.1	4651849
GCA_002953095.1	4651849
GCA_002953755.1	4651849
GCA_002953795.1	4651849
GCA_002953815.1	4651849
GCA_002953835.1	4651849
GCA_002952875.1	4651848
GCA_002952955.1	4651848
GCA_002953055.1	4651848
GCA_002953075.1	4651848
GCA_002953855.1	4651848
GCA_002953015.1	4651847
GCA_006367125.1	4072210
GCA_026805135.1	4072210
GCA_034006155.1	3035819
GCA_020532545.1	3035819
GCA_900771345.1	1267897
GCA_902487995.1	1267897
GCA_949546935.1	2143950
GCA_949550335.1	2143950
GCA_035328645.1	3931966
GCA_036782815.1	3931966
GCA_948827805.1	513238
GCA_949084585.1	513238
GCA_001229545.1	1714563
GCA_902386995.1	1714563
GCA_002078495.2	2536054
GCA_023611885.1	2536054
GCA_001703935.1	2273479
GCA_022509245.1	2273479
GCA_035329985.1	4053000
GCA_036724425.1	4053000
GCA_013114445.1	5477446
GCA_963889865.1	5477446
GCA_033659045.1	2496197
GCA_033659465.1	2496197
GCA_013112725.1	5511085
GCA_016743635.1	5511085
GCA_003710355.1	2824170
GCA_003971155.1	2824170
GCA_003209635.1	1179292
GCA_902635935.1	1179292
GCA_902364425.1	3654385
GCA_003435855.1	3654385
GCA_000158315.2	3487504
GCA_902373815.1	3487504
GCA_900094975.1	4481988
GCA_001456935.1	4481988
GCA_002442675.1	4106441
GCA_004636945.1	4106441
GCA_003339845.1	3864912
GCA_902387185.1	3864912
GCA_000612845.1	4433668
GCA_902377545.1	4433668
GCA_036419615.1	5551563
GCA_031675475.2	5551562
GCA_030734165.1	5551558
GCA_008087145.1	3957889
GCA_900604895.1	3957889
GCA_015656755.1	1533135
GCA_904501935.1	1533135
GCA_003858735.1	5336692
GCA_009822835.1	5336692
GCA_003672335.1	1721152
GCA_013329285.1	1721152
GCA_900538825.1	1622414
GCA_902481125.1	1622414
GCA_030719665.1	1670976
GCA_030720265.1	1670976
GCA_949496495.1	600019
GCA_949544195.1	600019
GCA_900314475.1	1876527
GCA_902803965.1	1876527
GCA_900318385.1	1963108
GCA_902755495.1	1963108
GCA_009626035.1	4773924
GCA_009627255.1	4773924
GCA_009626695.1	4773923
GCA_009627755.1	4773923
GCA_009626215.1	4773922
GCA_012974225.1	4773922
GCA_009625735.1	4773921
GCA_009625955.1	4773920
GCA_009626135.1	4773920
GCA_009626335.1	4773920
GCA_009627315.1	4773919
GCA_009625915.1	4773917
GCA_009625875.1	4773916
GCA_009626595.1	4773916
GCA_009626775.1	4773916
GCA_003472385.1	2227305
GCA_902364545.1	2227305
GCA_017115235.1	3164963
GCA_901284445.1	3164963
GCA_002738465.1	4768474
GCA_963876755.1	4768474
GCA_001713275.1	1139163
GCA_001713335.1	1139158
GCA_001761515.1	1139160
GCA_001713095.1	1139159
GCA_001469885.1	6152032
GCA_001641605.1	6152032
GCA_000331515.1	5536962
GCA_963861245.1	5536962
GCA_902757535.1	2111028
GCA_900320915.1	2111028
GCA_003030305.1	2495001
GCA_004136195.1	2495002
GCA_025847965.1	4624501
GCA_025941685.1	4624501
GCA_004571015.1	2822460
GCA_015235475.1	2822460
GCA_900552955.1	1832154
GCA_902480185.1	1832154
GCA_017298875.1	5160510
GCA_017298755.1	5160508
GCA_017298795.1	5160509
GCA_017298835.1	5160509
GCA_017298895.1	5160509
GCA_017298995.1	5160509
GCA_017299015.1	5160510
GCA_017299275.1	5160509
GCA_017301255.1	5160510
GCA_034424255.1	5160509
GCA_017298715.1	5160508
GCA_017298775.1	5160508
GCA_017298975.1	5160508
GCA_017299575.1	5160507
GCA_025370235.1	6987046
GCA_030326365.1	6987046
GCA_000695035.1	5270185
GCA_001315185.1	5270185
GCA_000455245.1	2672431
GCA_902375145.1	2672431
GCA_019835745.1	4760010
GCA_019835785.1	4760012
GCA_001987535.1	4111653
GCA_001605425.1	4111652
GCA_001985545.1	4111652
GCA_004635885.1	4111650
GCA_001988335.1	4111645
GCA_000742395.1	4470927
GCA_902387685.1	4470927
GCA_035404825.1	4304789
GCA_036725585.1	4304789
GCA_020714765.1	4679287
GCA_000623195.2	4679291
GCA_004125375.1	2206088
GCA_900519135.1	2206088
GCA_003205155.1	3666497
GCA_004921785.1	3666497
GCA_036999065.1	5719713
GCA_026161765.1	5719713
GCA_003282155.1	1452096
GCA_902525875.1	1452096
GCA_025657435.1	4839494
GCA_025657495.1	4839494
GCA_025657555.1	4839494
GCA_025657655.1	4839494
GCA_025657675.1	4839494
GCA_025657715.1	4839494
GCA_025657725.1	4839494
GCA_001368875.1	5845613
GCA_963870105.1	5845613
GCA_040534315.1	4712944
GCA_040534655.1	4712937
GCA_902754835.1	3373141
GCA_900322175.1	3373141
GCA_005844235.1	5139912
GCA_028396925.1	5139912
GCA_002997215.1	4085460
GCA_002892855.1	4085463
GCA_035329745.1	1436440
GCA_036817765.1	1436440
GCA_900556105.1	1234261
GCA_902483245.1	1234261
GCA_001042925.1	6291043
GCA_012987025.1	6291043
GCA_019329565.1	2732707
GCA_019329245.1	2732705
GCA_019330225.1	2732705
GCA_035395745.1	3197457
GCA_036778175.1	3197457
GCA_028064075.1	3148293
GCA_021814475.1	3148293
GCA_000571375.1	2897057
GCA_000542635.1	2897063
GCA_031199985.1	4349904
GCA_031201715.1	4349904
GCA_023534055.1	5158403
GCA_023534865.1	5158403
GCA_024599995.1	7006087
GCA_024600015.1	7006086
GCA_024600315.1	7006086
GCA_035329625.1	3098382
GCA_036782835.1	3098382
GCA_011771315.1	4688826
GCA_011773685.1	4688826
GCA_003214595.1	1110800
GCA_902568415.1	1110800
GCA_001988535.1	4103242
GCA_004009355.1	4103241
GCA_002286075.1	4103239
GCA_001987055.1	4103237
GCA_002442795.1	4103236
GCA_016462085.1	2764700
GCA_024581315.1	2764700
GCA_902756135.1	2239558
GCA_900320115.1	2239558
GCA_005844645.1	4440416
GCA_015554795.1	4440416
GCA_900549185.1	1922254
GCA_902481845.1	1922254
GCA_001705235.1	4677181
GCA_002796935.1	4677181
GCA_001952995.1	4859000
GCA_001953675.1	4858999
GCA_001953695.1	4859001
GCA_035396605.1	3534754
GCA_036769905.1	3534754
GCA_902479315.1	2155682
GCA_900540955.1	2155682
GCA_032738445.1	5332594
GCA_035020365.1	5332594
GCA_025421915.1	4550075
GCA_028464405.1	4550075
GCA_900321785.1	2390805
GCA_902755645.1	2390805
GCA_003473885.1	2785699
GCA_902364535.1	2785699
GCA_023373625.1	6439223
GCA_023373645.1	6439216
GCA_900170005.1	3948172
GCA_902386835.1	3948172
GCA_003469845.1	3617583
GCA_902364805.1	3617583
GCA_036999385.1	5741106
GCA_026163965.1	5741106
GCA_902758675.1	2867120
GCA_900313595.1	2867120
GCA_902479325.1	1782446
GCA_900557795.1	1782446
GCA_001987715.1	4107558
GCA_001605685.1	4107557
GCA_035396905.1	1012939
GCA_036821405.1	1012939
GCA_945868755.1	1704601
GCA_945829365.1	1704601
GCA_021496805.1	2136182
GCA_021496945.1	2136182
GCA_006508025.1	3288649
GCA_921447535.1	3288654
GCA_902755525.1	2258234
GCA_900319075.1	2258234
GCA_036311885.1	2823764
GCA_037483025.1	2823764
GCA_009759745.1	2338024
GCA_009789135.1	2338023
GCA_035326085.1	2820559
GCA_036822915.1	2820559
GCA_017367345.1	1838081
GCA_022509625.1	1838081
GCA_001487105.1	3069885
GCA_902375815.1	3069885
GCA_949529225.1	1642991
GCA_949541635.1	1642991
GCA_000165065.1	4486197
GCA_902374175.1	4486197
GCA_002241275.1	3838079
GCA_963874835.1	3838079
GCA_035396325.1	3173441
GCA_036845885.1	3173441
GCA_022483875.1	1965554
GCA_022484225.1	1965548
GCA_003387115.1	3966900
GCA_003096555.1	3966897
GCA_000381365.1	5315450
GCA_902374995.1	5315450
GCA_902481335.1	2149943
GCA_900548545.1	2149943
GCA_025421815.1	5150426
GCA_028464485.1	5150426
GCA_036821445.1	663693
GCA_035397205.1	663693
GCA_003481215.1	3472493
GCA_902399925.1	3472493
GCA_003472365.1	2363031
GCA_902364565.1	2363031
GCA_900540845.1	1846287
GCA_905194045.1	1846287
GCA_013155325.1	2801456
GCA_018390465.1	2801456
GCA_003213155.1	1039357
GCA_902577195.1	1039357
GCA_001835055.1	4934264
GCA_001833545.1	4934259
GCA_035398285.1	2497168
GCA_036768235.1	2497168
GCA_002237805.1	2876326
GCA_900177335.1	2876326
GCA_001985825.1	4108752
GCA_004636785.1	4108749
GCA_000287075.2	3780662
GCA_963860455.1	3780662
GCA_023066175.1	2866140
GCA_022982495.1	2866137
GCA_023066255.1	2866143
GCA_023066275.1	2866139
GCA_900556485.1	2983269
GCA_902482815.1	2983269
GCA_001613145.1	8654199
GCA_963869495.1	8654199
GCA_036731095.1	1435937
GCA_035435345.1	1435937
GCA_001456965.1	7478744
GCA_900094765.1	7478744
GCA_029580995.1	1668545
GCA_029580755.1	1668535
GCA_900318875.1	2815524
GCA_902756205.1	2815524
GCA_000154465.1	2550678
GCA_902373695.1	2550678
GCA_902375375.1	3750216
GCA_000753435.1	3750216
GCA_003211555.1	1113470
GCA_902609505.1	1113470
GCA_900554525.1	1653947
GCA_902481345.1	1653947
GCA_010590585.1	5955295
GCA_963887975.1	5955295
GCA_026128335.1	5583680
GCA_026198135.1	5583680
GCA_019835645.1	4760333
GCA_019836025.1	4760333
GCA_002874775.1	2759678
GCA_902387115.1	2759678
GCA_016807405.1	1624336
GCA_021890165.1	1624336
GCA_035399925.1	1678778
GCA_036787475.1	1678778
GCA_900770295.1	2941827
GCA_902487385.1	2941827
GCA_005844955.1	6690361
GCA_015547195.1	6690361
GCA_003384195.1	2537015
GCA_005774125.1	2537015
GCA_005937745.1	2537015
GCA_003282805.1	1237145
GCA_902516455.1	1237145
GCA_000010425.1	2089645
GCA_028743295.1	2089645
GCA_035398185.1	537329
GCA_036743475.1	537329
GCA_001243895.1	3987368
GCA_902375515.1	3987368
GCA_017315595.1	2468630
GCA_024091885.1	2468630
GCA_037914925.1	4295479
GCA_006088795.1	4295477
GCA_000277025.1	2682626
GCA_000277065.1	2682626
GCA_000169035.1	2439869
GCA_902374195.1	2439869
GCA_003836705.1	6487401
GCA_963881815.1	6487401
GCA_004120765.1	4699593
GCA_002037995.1	4699587
GCA_006366935.1	3971098
GCA_026805225.1	3971098
GCA_030130045.1	3822818
GCA_030130685.1	3822818
GCA_000373565.1	9161949
GCA_009864845.1	9161949
GCA_003465125.1	3083830
GCA_902364005.1	3083830
GCA_003720545.1	2880683
GCA_002225135.1	2880678
GCA_025572335.1	5733819
GCA_026153955.1	5733819
GCA_013415405.1	2450181
GCA_015234665.1	2450181
GCA_014736495.1	3589384
GCA_002284945.1	3589384
GCA_031462545.1	4683382
GCA_036543245.1	4683382
GCA_002775715.1	3022625
GCA_002775745.1	3022629
GCA_004634545.1	3698889
GCA_012974205.1	3698886
GCA_009627375.1	3696562
GCA_009627155.1	3696560
GCA_009627095.1	3696559
GCA_902755635.1	2527405
GCA_900314795.1	2527405
GCA_002161855.1	6537383
GCA_902387705.1	6537383
GCA_002975205.1	5399770
GCA_037479355.1	5399770
GCA_000269985.1	8783278
GCA_009862315.1	8783278
GCA_945830455.1	1990387
GCA_945874575.1	1990387
GCA_025055285.1	3616589
GCA_033583235.1	3616589
GCA_900143435.1	2983423
GCA_900148635.1	2983423
GCA_041753775.1	2974863
GCA_041764935.1	2974863
GCA_041764885.1	2974862
GCA_041765065.1	2974862
GCA_902386455.1	1770849
GCA_001699385.1	1770849
GCA_026198365.1	5632206
GCA_037005765.1	5632206
GCA_035396305.1	2254392
GCA_036821345.1	2254392
GCA_001986275.1	4106355
GCA_004636865.1	4106349
GCA_001987915.1	4106346
GCA_001754075.1	3318223
GCA_902386665.1	3318223
GCA_001244405.1	5156194
GCA_902375555.1	5156194
GCA_900551715.1	2543992
GCA_902481425.1	2543992
GCA_900320555.1	1857179
GCA_902756495.1	1857179
GCA_011771445.1	2725236
GCA_011773845.1	2725236
GCA_000736235.1	4539435
GCA_000736255.1	4539435
GCA_000735795.1	4539435
GCA_030719685.1	1670892
GCA_030719985.1	1670890
GCA_030719645.1	1670886
GCA_030719705.1	1670886
GCA_003859315.1	5248217
GCA_009823155.1	5248217
GCA_900538725.1	4513078
GCA_902480395.1	4513078
GCA_900769975.1	3076540
GCA_902487205.1	3076540
GCA_901212385.1	4513594
GCA_963901125.1	4513594
GCA_009762015.1	4967237
GCA_009794685.1	4967237
GCA_015656305.1	1552558
GCA_904502125.1	1552558
GCA_003859125.1	5252251
GCA_009823355.1	5252251
GCA_035432265.1	2465210
GCA_036827505.1	2465210
GCA_900764705.1	1662291
GCA_902484785.1	1662291
GCA_009663855.1	4528123
GCA_000833145.1	4528118
GCA_014263375.1	4528118
GCA_020685345.1	1709519
GCA_022127815.1	1709519
GCA_026202455.1	2761846
GCA_040493555.1	2761846
GCA_034719005.1	5447683
GCA_034931875.1	5447683
GCA_040391575.1	2265593
GCA_900087645.2	2265593
GCA_015905105.1	1651292
GCA_017594885.1	1651292
GCA_036774935.1	1663062
GCA_035435645.1	1663062
GCA_017898235.1	6476039
GCA_018112045.1	6476039
GCA_011365835.1	5089416
GCA_011365985.1	5089416
GCA_011365995.1	5089416
GCA_000826985.1	1667638
GCA_000829095.1	1667638
GCA_900020315.1	2808854
GCA_001237945.1	2808848
GCA_002072775.2	4433542
GCA_037942495.1	4433542
GCA_003212345.1	2002423
GCA_902592035.1	2002423
GCA_900322215.1	1589682
GCA_902756965.1	1589682
GCA_002154375.1	8426988
GCA_963873625.1	8426988
GCA_003215075.1	1090298
GCA_902566125.1	1090298
GCA_035404845.1	2233253
GCA_036743095.1	2233253
GCA_902385945.1	4528241
GCA_001050795.1	4528241
GCA_949497125.1	1733062
GCA_949544185.1	1733062
GCA_902760135.1	2146192
GCA_900322085.1	2146192
GCA_014076845.1	4528254
GCA_963890125.1	4528254
GCA_900321145.1	2377287
GCA_902760005.1	2377287
GCA_000284655.1	2013072
GCA_963861935.1	2013072
GCA_035396045.1	2371237
GCA_036771775.1	2371237
GCA_003465925.1	3458647
GCA_902363855.1	3458647
GCA_002097755.1	4026639
GCA_963873415.1	4026639
GCA_902487145.1	1332557
GCA_900769965.1	1332557
GCA_001275135.1	3788330
GCA_902386785.1	3788330
GCA_900317995.1	2083781
GCA_902755585.1	2083781
GCA_017115335.1	3102788
GCA_902652725.1	3102789
GCA_003346715.1	5884319
GCA_013166715.1	5884319
GCA_001852555.1	4407201
GCA_000660745.1	4407199
GCA_900319605.1	2703664
GCA_902755025.1	2703664
GCA_001976905.1	7128993
GCA_001980565.1	7128993
GCA_001418225.1	4170676
GCA_001517385.1	4170676
GCA_902364605.1	3326062
GCA_003473865.1	3326062
GCA_040735095.1	4418077
GCA_040820205.1	4418077
GCA_036999645.1	5674608
GCA_026164045.1	5674608
GCA_900317365.1	4234413
GCA_902760095.1	4234413
GCA_025057615.1	1402427
GCA_033579995.1	1402427
GCA_025059235.1	1389232
GCA_033579595.1	1389232
GCA_016879865.1	5921229
GCA_024520815.1	5921229
GCA_035329885.1	5038417
GCA_036826395.1	5038417
GCA_040931825.1	2840230
GCA_040931805.1	2840229
GCA_900313455.1	2083948
GCA_902755895.1	2083948
GCA_945828565.1	1905949
GCA_945877825.1	1905949
GCA_035426865.1	2183734
GCA_036720015.1	2183734
GCA_033658825.1	2537093
GCA_033659655.1	2537093
GCA_033658165.1	2540267
GCA_033658805.1	2540267
GCA_024160205.1	3210596
GCA_024721305.1	3210596
GCA_949519355.1	1175874
GCA_949529795.1	1175874
GCA_002915525.1	4813137
GCA_902387505.1	4813137
GCA_035394145.1	2020468
GCA_036842505.1	2020468
GCA_900540195.1	3921942
GCA_902482405.1	3921942
GCA_949541245.1	2191029
GCA_949552275.1	2191029
GCA_035395645.1	1401033
GCA_036820175.1	1401033
GCA_019270375.1	4951267
GCA_019270575.1	4951267
GCA_019270275.1	4951267
GCA_019270295.1	4951267
GCA_019270355.1	4951267
GCA_019270455.1	4951267
GCA_001471395.2	4432093
GCA_963870535.1	4432093
GCA_002705725.1	7969495
GCA_009862205.1	7969495
GCA_900090185.1	7969495
GCA_002632765.1	5026191
GCA_963876465.1	5026191
GCA_022407235.1	4106674
GCA_001987735.1	4106673
GCA_004009215.1	4106670
GCA_001605605.1	4106666
GCA_902364065.1	2580820
GCA_003458855.1	2580820
GCA_009915865.1	3756868
GCA_963896215.1	3756868
GCA_036987495.1	2111649
GCA_016585725.1	2111646
GCA_002775835.1	2986900
GCA_002775995.1	2986900
GCA_009816195.1	1790046
GCA_009815935.1	1790048
GCA_023806225.1	6356835
GCA_023806425.1	6356835
GCA_024179265.1	6356835
GCA_004635645.1	4107132
GCA_002442655.1	4107128
GCA_023338425.1	5108453
GCA_023338345.1	5108452
GCA_900761895.1	2635273
GCA_902484095.1	2635273
GCA_900319205.1	2626742
GCA_902755705.1	2626742
GCA_009707205.1	4367485
GCA_014493605.1	4367485
GCA_003241585.1	8374384
GCA_003241635.1	8374384
GCA_902759435.1	1873893
GCA_900314735.1	1873893
GCA_002531855.1	7268818
GCA_002914525.1	7268818
GCA_009915345.1	3769170
GCA_963886875.1	3769170
GCA_949429765.1	1537209
GCA_949478665.1	1537209
GCA_949523215.1	1537209
GCA_902757385.1	2323383
GCA_900316335.1	2323383
GCA_948852815.1	2127343
GCA_949096005.1	2127343
GCA_949506275.1	2078493
GCA_949535735.1	2078493
GCA_015656715.1	2044524
GCA_904501885.1	2044524
GCA_900236525.1	3295083
GCA_900236335.1	3295083
GCA_900236355.1	3295079
GCA_035395205.1	391044
GCA_036743335.1	391044
GCA_948892665.1	2567898
GCA_948917635.1	2567898
GCA_019780135.1	3090338
GCA_028745765.1	3090338
GCA_004635865.1	4112682
GCA_001988915.1	4112678
GCA_001989215.1	4108659
GCA_001989315.1	4108658
GCA_004009315.1	4106328
GCA_001986875.1	4106327
GCA_002442715.1	4106326
GCA_000791825.1	6380431
GCA_000794625.1	6380431
GCA_018618015.1	2802712
GCA_018618035.1	2802708
GCA_948824055.1	2332838
GCA_948942995.1	2332838
GCA_949429075.1	1990164
GCA_949461605.1	1990164
GCA_949462185.1	1990164
GCA_034497405.1	2854232
GCA_034506975.1	2854232
GCA_001007025.1	1228125
GCA_001007105.1	1228123
GCA_004570415.1	2860887
GCA_015234955.1	2860887
GCA_900315015.1	2800133
GCA_902755205.1	2800133
GCA_001854085.1	3343822
GCA_902386435.1	3343822
GCA_003215055.1	923408
GCA_902566655.1	923408
GCA_034015095.1	2556042
GCA_034016795.1	2556042
GCA_003283045.1	786008
GCA_902514925.1	786008
GCA_900552805.1	1514881
GCA_902479605.1	1514881
GCA_024732365.1	4810445
GCA_024732345.1	4810435
GCA_003859325.1	5115070
GCA_009823055.1	5115070
GCA_902387145.1	1854434
GCA_002165855.1	1854434
GCA_023756885.1	5745692
GCA_024260585.1	5745692
GCA_024519245.1	5745692
GCA_025456465.1	5745692
GCA_948645355.1	1951475
GCA_948677765.1	1951475
GCA_038385395.1	1838577
GCA_038386885.1	1838577
GCA_038388625.1	1838577
GCA_038390225.1	1838577
GCA_038390915.1	1838577
GCA_003627235.1	2015501
GCA_003627875.1	2015495
GCA_900768405.1	2443711
GCA_902486395.1	2443711
GCA_003947375.1	4974499
GCA_963881385.1	4974499
GCA_020097235.1	5022873
GCA_020099235.1	5022873
GCA_020099255.1	5022873
GCA_002859685.1	4104273
GCA_022409375.1	4104272
GCA_032286425.1	4104270
GCA_004635945.1	4104267
GCA_036736565.1	2008359
GCA_035394665.1	2008359
GCA_902756915.1	2294010
GCA_900315935.1	2294010
GCA_013371365.1	2895802
GCA_013371415.1	2895802
GCA_015556685.1	4496427
GCA_028329405.1	4496427
GCA_011771275.1	3238322
GCA_011773655.1	3238322
GCA_902803945.1	3144759
GCA_900314005.1	3144759
GCA_002241285.1	3849935
GCA_963875205.1	3849935
GCA_013112585.1	4942932
GCA_016743495.1	4942932
GCA_900538535.1	2223689
GCA_902481465.1	2223689
GCA_900554495.1	1922704
GCA_902481925.1	1922704
GCA_900079135.1	3234289
GCA_900070335.1	3234289
GCA_902486665.1	870958
GCA_900769165.1	870958
GCA_018799025.1	5392094
GCA_019271875.1	5392094
GCA_019271955.1	5392094
GCA_019271975.1	5392094
GCA_019271995.1	5392094
GCA_019272015.1	5392094
GCA_019272035.1	5392094
GCA_019272055.1	5392094
GCA_019272075.1	5392094
GCA_019272095.1	5392094
GCA_019272155.1	5392094
GCA_019272235.1	5392094
GCA_019272355.1	5392094
GCA_019272405.1	5392094
GCA_019272495.1	5392094
GCA_019272575.1	5392094
GCA_019272675.1	5392094
GCA_019272715.1	5392094
GCA_019272755.1	5392094
GCA_019272775.1	5392094
GCA_019272795.1	5392094
GCA_019272815.1	5392094
GCA_019272835.1	5392094
GCA_019272855.1	5392094
GCA_019272875.1	5392094
GCA_019272895.1	5392094
GCA_019271115.1	5392094
GCA_019273715.1	5392094
GCA_019270795.1	5392094
GCA_019271075.1	5392094
GCA_019270995.1	5392094
GCA_019271055.1	5392094
GCA_019270695.1	5392094
GCA_023534535.1	5395654
GCA_023535205.1	5395654
GCA_004343545.1	5577610
GCA_963881165.1	5577610
GCA_006376225.1	3209246
GCA_023006615.1	3209246
GCA_943789195.1	3250518
GCA_943842505.1	3250518
GCA_900315585.1	2768493
GCA_902755575.1	2768493
GCA_000438455.1	1509734
GCA_902375165.1	1509734
GCA_949541285.1	1247667
GCA_949550305.1	1247667
GCA_015688845.1	1866166
GCA_904501895.1	1866166
GCA_037727755.1	1692340
GCA_037733045.1	1692337
GCA_030131125.1	4040795
GCA_030131025.1	4040795
GCA_945830655.1	1129533
GCA_945869665.1	1129533
GCA_035394945.1	2715540
GCA_036817325.1	2715540
GCA_023716705.1	5023509
GCA_023716545.1	5023509
GCA_035405525.1	3978773
GCA_036834385.1	3978773
GCA_900769195.1	1280127
GCA_902486605.1	1280127
GCA_902757745.1	2785289
GCA_900316215.1	2785289
GCA_900086585.1	4661482
GCA_902375995.1	4661482
GCA_900313765.1	2203536
GCA_902759045.1	2203536
GCA_948786495.1	3723648
GCA_949028365.1	3723648
GCA_012037005.1	2254971
GCA_013344265.1	2254971
GCA_900766815.1	1683805
GCA_902485675.1	1683805
GCA_903879285.1	7943034
GCA_905232265.1	7943034
GCA_902202835.1	6962280
GCA_963900995.1	6962280
GCA_013048585.1	3980405
GCA_963888495.1	3980405
GCA_000952155.1	5265703
GCA_963866605.1	5265703
GCA_902483705.1	2096251
GCA_900760885.1	2096251
GCA_949487585.1	1307695
GCA_949540795.1	1307695
GCA_900556405.1	1973013
GCA_902481365.1	1973013
GCA_949505995.1	3556163
GCA_949553155.1	3556163
GCA_000576305.1	4961801
GCA_001315125.1	4961801
GCA_003477705.1	2953222
GCA_902364385.1	2953222
GCA_002839545.1	1995263
GCA_026552815.1	1995263
GCA_028549675.1	4019433
GCA_028549915.1	4019425
GCA_028550035.1	4019429
GCA_028550075.1	4019432
GCA_009739695.1	2899723
GCA_009739675.1	2899718
GCA_001987115.1	4107454
GCA_001987815.1	4107448
GCA_004007625.1	4107445
GCA_002762215.1	6398100
GCA_002116905.1	6398096
GCA_900546515.1	2307981
GCA_902479575.1	2307981
GCA_947496105.1	4475435
GCA_947503735.1	4475435
GCA_947503935.1	4475435
GCA_900489785.1	1085504
GCA_900489795.1	1085503
GCA_003858975.1	4993247
GCA_009823115.1	4993247
GCA_002209025.1	1641468
GCA_000830825.1	1641471
GCA_000830845.1	1641469
GCA_003469355.1	2471397
GCA_902366535.1	2471397
GCA_900764865.1	2583592
GCA_902484795.1	2583592
GCA_016881865.1	2932173
GCA_016882045.1	2932174
GCA_003573655.1	8655042
GCA_024704855.1	8655042
GCA_900539915.1	2162791
GCA_902483225.1	2162791
GCA_023534665.1	5438279
GCA_023535395.1	5438279
GCA_001702095.1	2058319
GCA_902386585.1	2058319
GCA_030548785.1	2996367
GCA_018861145.1	2996367
GCA_011774365.1	2238320
GCA_011777245.1	2238320
GCA_008867915.1	5188638
GCA_009746165.1	5188638
GCA_019249415.1	5188638
GCA_006348835.1	1578222
GCA_006348885.1	1578216
GCA_949503335.1	2180489
GCA_949551125.1	2180489
GCA_008085795.1	2110643
GCA_002162175.1	2110642
GCA_901212365.1	4542840
GCA_963900445.1	4542840
GCA_900319125.1	2023784
GCA_902758875.1	2023784
GCA_003214555.1	466341
GCA_902569125.1	466341
GCA_006364035.1	2992056
GCA_040235205.1	2992056
GCA_001418345.1	2437751
GCA_001517265.1	2437751
GCA_019130275.1	3772123
GCA_019130315.1	3772119
GCA_900760905.1	2174245
GCA_902483635.1	2174245
GCA_009916025.1	3843049
GCA_963896135.1	3843049
GCA_035435665.1	2960311
GCA_036754725.1	2960311
GCA_015354985.1	2593393
GCA_036400915.1	2593393
GCA_902364885.1	2328499
GCA_003469285.1	2328499
GCA_005773845.1	2483928
GCA_005937555.1	2483928
GCA_000625415.2	4685845
GCA_000624375.2	4685845
GCA_000624935.2	4685844
GCA_000625175.2	4685843
GCA_000624195.2	4685836
GCA_000626135.2	4685838
GCA_000625375.2	4685841
GCA_000625315.2	4685842
GCA_000624215.2	4685843
GCA_000625015.2	4685845
GCA_000625275.2	4685838
GCA_000625515.2	4685845
GCA_000625615.2	4685843
GCA_000625695.2	4685841
GCA_000625595.2	4685838
GCA_000623495.2	4685838
GCA_000623955.2	4685841
GCA_000624475.2	4685842
GCA_000625035.2	4685845
GCA_000625235.2	4685838
GCA_000625355.2	4685839
GCA_000625395.2	4685841
GCA_000623935.2	4685844
GCA_000624095.2	4685842
GCA_000624295.2	4685845
GCA_000624735.2	4685840
GCA_000625055.2	4685845
GCA_000625475.2	4685843
GCA_000624915.2	4685843
GCA_000625495.2	4685840
GCA_000624115.2	4685836
GCA_000624015.2	4685841
GCA_000624555.2	4685845
GCA_000623215.2	4685841
GCA_000626475.2	4685836
GCA_000624815.2	4685840
GCA_000623855.2	4685836
GCA_000625075.2	4685836
GCA_000623895.2	4685845
GCA_000624895.2	4685838
GCA_000626035.2	4685836
GCA_000626495.2	4685836
GCA_000626515.2	4685839
GCA_000625955.2	4685839
GCA_000624235.2	4685844
GCA_000624835.2	4685838
GCA_000623975.2	4685842
GCA_000624035.2	4685841
GCA_000626555.2	4685842
GCA_000625335.2	4685838
GCA_000623155.2	4685841
GCA_000623835.2	4685841
GCA_000624515.2	4685839
GCA_000625635.2	4685839
GCA_000624135.2	4685844
GCA_000625975.2	4685841
GCA_000968775.2	4685841
GCA_000623815.2	4685839
GCA_000623995.2	4685844
GCA_036884645.1	5236208
GCA_036884755.1	5236208
GCA_014467075.1	3590719
GCA_014131675.1	3590716
GCA_009659535.1	6926196
GCA_015354265.1	6926196
GCA_013043295.1	1167840
GCA_018680225.1	1167840
GCA_016650465.1	6269793
GCA_016650825.1	6269793
GCA_016650535.1	6269793
GCA_016650725.1	6269793
GCA_016650735.1	6269793
GCA_016650745.1	6269793
GCA_016650765.1	6269793
GCA_016651045.1	6269793
GCA_016651205.1	6269793
GCA_902760245.1	2250450
GCA_900315715.1	2250450
GCA_035441445.1	1480656
GCA_036827385.1	1480656
GCA_900709235.2	4340976
GCA_900709245.2	4340976
GCA_005472495.1	1847213
GCA_005472715.1	1847213
GCA_013694015.1	4685872
GCA_016106135.1	4685872
GCA_000373405.1	8075580
GCA_009872615.1	8075580
GCA_003213515.1	1223742
GCA_902574605.1	1223742
GCA_000011885.1	4585229
GCA_001045395.1	4585229
GCA_015355035.1	2593384
GCA_036400895.1	2593384
GCA_900761995.1	2233075
GCA_902484035.1	2233075
GCA_902487955.1	933712
GCA_900771395.1	933712
GCA_002448095.1	4411314
GCA_002446915.1	4411312
GCA_002448175.1	4411310
GCA_002447295.1	4411306
GCA_014217175.1	4411308
GCA_003710445.1	2952075
GCA_003710685.1	2952075
GCA_001855945.1	4395702
GCA_001845085.1	4395703
GCA_900765575.1	3495834
GCA_902484985.1	3495834
GCA_013041825.1	2162884
GCA_018677475.1	2162884
GCA_013114435.1	5278385
GCA_963889515.1	5278385
GCA_902364755.1	3784784
GCA_003480695.1	3784784
GCA_009746145.1	5415482
GCA_013187635.1	5415482
GCA_900120565.1	4368277
GCA_900124175.1	4368280
GCA_035404685.1	1657498
GCA_036733165.1	1657498
GCA_000375725.1	7564593
GCA_009863265.1	7564593
GCA_033191195.1	3841318
GCA_033190675.1	3841316
GCA_902483765.1	1949652
GCA_900760575.1	1949652
GCA_003282985.1	1024954
GCA_902515425.1	1024954
GCA_900316715.1	2844414
GCA_902757355.1	2844414
GCA_900080555.1	2737101
GCA_900083335.1	2737102
GCA_902387215.1	2621983
GCA_003402575.1	2621983
GCA_900240205.1	3898073
GCA_901484875.1	3898073
GCA_003311815.1	4050103
GCA_963878005.1	4050103
GCA_019265105.1	5033927
GCA_019265085.1	5033927
GCA_019265065.1	5033927
GCA_019711235.1	5033927
GCA_902757875.1	1680784
GCA_900317385.1	1680784
GCA_001048495.1	5597818
GCA_963865535.1	5597818
GCA_001929565.1	2387582
GCA_001930385.1	2387582
GCA_963993185.1	4405232
GCA_963993275.1	4405232
GCA_008692555.1	2678495
GCA_963887175.1	2678495
GCA_900554625.1	2131833
GCA_902482075.1	2131833
GCA_900317105.1	2786494
GCA_902756765.1	2786494
GCA_949486855.1	2660227
GCA_949523705.1	2660227
GCA_000829905.1	2850586
GCA_902375445.1	2850586
GCA_035435385.1	2210049
GCA_036818005.1	2210049
GCA_036999505.1	5787580
GCA_026163975.1	5787580
GCA_900320205.1	2331419
GCA_902758525.1	2331419
GCA_949282015.1	1711097
GCA_949282045.1	1711096
GCA_000817045.1	1958651
GCA_902387355.1	1958651
GCA_005845245.1	4609219
GCA_015553745.1	4609219
GCA_902385505.1	2254676
GCA_003438785.1	2254676
GCA_000148995.1	2598321
GCA_902373705.1	2598321
GCA_021404315.1	4430678
GCA_022097085.1	4430678
GCA_032276425.1	4102192
GCA_000193595.3	4102186
GCA_015657045.1	1777024
GCA_904501755.1	1777024
GCA_035520535.1	4174311
GCA_036789925.1	4174311
GCA_023655525.1	2779484
GCA_023655675.1	2779484
GCA_023655405.1	2779477
GCA_003480255.1	2159993
GCA_902364965.1	2159993
GCA_034497245.1	2912985
GCA_034507025.1	2912985
GCA_949459345.1	3772374
GCA_949461665.1	3772374
GCA_037055875.1	4605723
GCA_037061485.1	4605718
GCA_033042155.1	2056757
GCA_001329455.1	2056762
GCA_000308855.1	6785212
GCA_963861485.1	6785212
GCA_001049895.1	2843796
GCA_902375525.1	2843796
GCA_900318555.1	3258646
GCA_902757425.1	3258646
GCA_031456005.1	5612871
GCA_031456995.1	5612867
GCA_949516235.1	1455567
GCA_949534005.1	1455567
GCA_000628665.1	1830843
GCA_000628385.1	1830836
GCA_900319035.1	2484868
GCA_902755735.1	2484868
GCA_900553175.1	1454145
GCA_902481785.1	1454145
GCA_035398805.1	2510765
GCA_036772195.1	2510765
GCA_902480235.1	2223395
GCA_900539045.1	2223395
GCA_035404665.1	2688910
GCA_036827365.1	2688910
GCA_002895145.1	3286445
GCA_000008145.1	3286445
GCA_016807475.1	1617108
GCA_021890275.1	1617108
GCA_001969405.1	3439440
GCA_001989475.1	3439438
GCA_902375195.1	2284954
GCA_000479265.1	2284954
GCA_002056235.1	4729916
GCA_001356135.1	4729919
GCA_003859815.1	2637021
GCA_003860215.1	2637021
GCA_003213675.1	875006
GCA_902571695.1	875006
GCA_015656415.1	1985416
GCA_904502015.1	1985416
GCA_012225445.1	1612572
GCA_012225685.1	1612567
GCA_018802245.1	3310423
GCA_902829275.1	3310423
GCA_001691275.1	5535903
GCA_963869885.1	5535903
GCA_022068225.1	2153840
GCA_040687945.1	2153837
GCA_003403135.1	4909058
GCA_018361125.1	4909063
GCA_018361065.1	4909059
GCA_018361105.1	4909059
GCA_018361145.1	4909059
GCA_018361185.1	4909059
GCA_018361205.1	4909059
GCA_018361225.1	4909059
GCA_018361245.1	4909059
GCA_002213805.1	2910922
GCA_002213825.1	2910921
GCA_010590485.1	5197038
GCA_963887885.1	5197038
GCA_020052295.1	1047239
GCA_020061265.1	1047239
GCA_035323345.1	3400396
GCA_036804685.1	3400396
GCA_034651435.1	4890530
GCA_036039615.1	4890530
GCA_949519515.1	1700482
GCA_949530395.1	1700482
GCA_002632485.1	4575308
GCA_963876265.1	4575308
GCA_001641755.2	3643020
GCA_001507605.1	3643020
GCA_001855255.1	4402033
GCA_000656855.1	4402031
GCA_008274275.1	5661349
GCA_015645825.1	5661349
GCA_033658285.1	2798442
GCA_033659585.1	2798442
GCA_900765975.1	2652700
GCA_902487565.1	2652700
GCA_005781255.1	4899277
GCA_963883145.1	4899277
GCA_013295145.1	6140068
GCA_013297255.1	6140068
GCA_013294225.1	6140067
GCA_003097315.1	4985720
GCA_963878705.1	4985720
GCA_900217165.1	3460249
GCA_902386485.1	3460249
GCA_003672555.1	1758403
GCA_013329925.1	1758403
GCA_900769445.1	1966624
GCA_902486915.1	1966624
GCA_900317615.1	2346441
GCA_902757405.1	2346441
GCA_001875645.1	4981029
GCA_000805795.1	4981029
GCA_035396785.1	2904765
GCA_036725075.1	2904765
GCA_030644125.1	2798464
GCA_030644165.1	2798460
GCA_037083585.1	4523964
GCA_037083525.1	4523964
GCA_008462025.1	2338159
GCA_006974065.1	2338156
GCA_949516145.1	1613740
GCA_949533945.1	1613740
GCA_039677875.1	3847786
GCA_039677805.1	3847794
GCA_002881535.1	1841963
GCA_002882275.1	1841962
GCA_023534045.1	4887773
GCA_023534905.1	4887773
GCA_001986355.1	4106504
GCA_001987755.1	4106503
GCA_001605525.1	4106502
GCA_001985525.1	4106501
GCA_001986215.1	4106500
GCA_001986835.1	4106500
GCA_001986315.1	4106497
GCA_004009235.1	4106497
GCA_032739145.1	5477211
GCA_035020205.1	5477211
GCA_023534385.1	5452681
GCA_023535105.1	5452681
GCA_003281865.1	1340335
GCA_902530585.1	1340335
GCA_040404775.1	1139611
GCA_030028295.2	1139609
GCA_009704235.1	744608
GCA_947459775.1	744608
GCA_900555455.1	4940098
GCA_902482975.1	4940098
GCA_024396475.1	5065748
GCA_024396495.1	5065747
GCA_009762615.1	2334827
GCA_000144935.3	2334828
GCA_024969505.1	2444495
GCA_024969545.1	2444491
GCA_024969445.1	2444489
GCA_024968705.1	2444487
GCA_016612285.1	2878675
GCA_021198215.1	2878668
GCA_000732035.1	6415108
GCA_000751155.1	6415108
GCA_003050205.1	5380622
GCA_963878805.1	5380622
GCA_900177565.1	4101091
GCA_001649495.1	4101091
GCA_016019905.1	4889295
GCA_016722795.1	4889295
GCA_016792205.1	4889295
GCA_002807945.1	4042529
GCA_002808405.1	4042531
GCA_001457875.1	2458350
GCA_902375775.1	2458350
GCA_015354785.1	2333082
GCA_036400635.1	2333082
GCA_902170795.1	4580138
GCA_963900165.1	4580138
GCA_900770705.1	1994731
GCA_902487595.1	1994731
GCA_000746985.1	4788109
GCA_963864655.1	4788109
GCA_949533595.1	2103579
GCA_949544635.1	2103579
GCA_002876465.1	5542839
GCA_963877835.1	5542839
GCA_902170245.1	4671117
GCA_963900675.1	4671117
GCA_900542275.1	2107327
GCA_902481135.1	2107327
GCA_009913655.1	3223643
GCA_009913635.1	3223644
GCA_009913615.1	3223642
GCA_003475685.1	4537596
GCA_902364335.1	4537596
GCA_012933055.2	3206679
GCA_014874615.1	3206679
GCA_017898025.1	3206679
GCA_018847415.1	3119572
GCA_018847075.1	3119569
GCA_028892635.1	4930521
GCA_028893475.1	4930520
GCA_024498695.1	4889381
GCA_024498755.1	4889381
GCA_024498795.1	4889381
GCA_000187895.1	4421924
GCA_902374375.1	4421924
GCA_900318305.1	2316693
GCA_902759935.1	2316693
GCA_003312995.1	4697885
GCA_902387865.1	4697885
GCA_035328565.1	5470220
GCA_036846615.1	5470220
GCA_014235365.1	6775059
GCA_014235375.1	6775059
GCA_009767255.1	5136547
GCA_009793525.1	5136547
GCA_021327895.1	2820368
GCA_040529645.1	2820368
GCA_900105665.1	4814885
GCA_001692855.1	4814885
GCA_023534375.1	5459035
GCA_023535045.1	5459035
GCA_003185995.1	3663966
GCA_963878025.1	3663966
GCA_000469305.1	1946426
GCA_902375185.1	1946426
GCA_902759025.1	2451988
GCA_900316865.1	2451988
GCA_002447155.1	4411217
GCA_002447095.1	4411215
GCA_000954155.1	4411216
GCA_001276195.1	6719392
GCA_002146595.1	6719392
GCA_003626735.1	3968731
GCA_018613975.1	3968731
GCA_900770165.1	2356172
GCA_902487325.1	2356172
GCA_948601995.1	2309900
GCA_948947665.1	2309900
GCA_949099765.1	2309900
GCA_035441685.1	3309392
GCA_036752805.1	3309392
GCA_009814835.1	1788550
GCA_009815045.1	1788546
GCA_009816945.1	1788552
GCA_013112535.1	3050554
GCA_016743465.1	3050554
GCA_035337775.1	2450144
GCA_036795975.1	2450144
GCA_003439315.1	2244779
GCA_902385385.1	2244779
GCA_004636365.1	4106495
GCA_001986695.1	4106491
GCA_001605115.1	4106490
GCA_009807135.1	2076301
GCA_013623465.1	2076301
GCA_902760195.1	797426
GCA_900320735.1	797426
GCA_001275545.2	2116811
GCA_002197265.1	2116811
GCA_002197245.1	2116810
GCA_002197425.1	2116810
GCA_900555815.1	1434744
GCA_902480215.1	1434744
GCA_039645535.1	2016721
GCA_037891825.1	2016716
GCA_035404885.1	3688192
GCA_036759025.1	3688192
GCA_900116635.1	3182127
GCA_963899695.1	3182127
GCA_003478995.1	3124708
GCA_902364075.1	3124708
GCA_035441485.1	1017599
GCA_036792855.1	1017599
GCA_008868065.1	5539940
GCA_009746265.1	5539940
GCA_018502045.1	2784749
GCA_018502005.1	2784749
GCA_018502025.1	2784749
GCA_018502065.1	2784749
GCA_013283115.1	3439089
GCA_013283465.1	3439089
GCA_900218025.1	4884413
GCA_003149145.1	4884413
GCA_010975045.1	4719885
GCA_024701165.1	4719885
GCA_001985365.1	4108484
GCA_001985625.1	4108484
GCA_004635085.1	4108484
GCA_004635585.1	4108483
GCA_004635305.1	4108481
GCA_001989015.1	4108480
GCA_001986735.1	4108479
GCA_004007415.1	4108479
GCA_002069155.1	4108478
GCA_002776745.1	1047716
GCA_002776795.1	1047716
GCA_025056745.1	2738233
GCA_033583655.1	2738233
GCA_003439395.1	6146539
GCA_902385395.1	6146539
GCA_015656165.1	1024112
GCA_904502205.1	1024112
GCA_000743895.1	3194687
GCA_001633285.1	3194687
GCA_013693985.1	4688958
GCA_016106075.1	4688958
GCA_949496585.1	2359916
GCA_949519375.1	2359916
GCA_019335305.1	3165344
GCA_019801825.1	3165344
GCA_019801885.1	3165344
GCA_002091615.1	5028176
GCA_028895395.1	5028176
GCA_902364525.1	4368209
GCA_003433755.1	4368209
GCA_035392745.1	3623088
GCA_036759045.1	3623088
GCA_029674865.1	5115942
GCA_029674885.1	5115942
GCA_029674905.1	5115942
GCA_004152505.1	2928270
GCA_022509555.1	2928270
GCA_015905005.1	1627684
GCA_017594855.1	1627684
GCA_900543515.1	2110577
GCA_902480045.1	2110577
GCA_000210855.2	5067450
GCA_000188735.1	5067451
GCA_036755705.1	1939656
GCA_035394485.1	1939656
GCA_026642415.1	901747
GCA_026642435.1	901747
GCA_011774415.1	2736368
GCA_011777375.1	2736368
GCA_004342205.1	5597816
GCA_963880805.1	5597816
GCA_025985485.1	5933411
GCA_000452605.3	5933410
GCA_900313535.1	1704834
GCA_902760275.1	1704834
GCA_022096855.1	2886057
GCA_023135215.1	2886057
GCA_000736535.1	4106896
GCA_963864025.1	4106896
GCA_902757015.1	1764549
GCA_900321905.1	1764549
GCA_002881255.1	1841945
GCA_002881215.1	1841943
GCA_024623445.1	5192010
GCA_024649665.1	5192010
GCA_003212925.1	1017047
GCA_902584595.1	1017047
GCA_005221865.1	5553168
GCA_005221665.1	5553169
GCA_004324355.1	1524262
GCA_009362415.1	1524262
GCA_015548605.1	1957832
GCA_039757415.1	1957832
GCA_003019925.1	5408082
GCA_902387975.1	5408082
GCA_949497165.1	2375465
GCA_949519395.1	2375465
GCA_900770075.1	2346376
GCA_902487285.1	2346376
GCA_001987335.1	4113693
GCA_900465925.1	4113685
GCA_000509425.1	6112248
GCA_001315105.1	6112248
GCA_020719285.1	1627623
GCA_020720025.1	1627622
GCA_020720295.1	1627620
GCA_020720445.1	1627619
GCA_020719435.1	1627618
GCA_013465595.1	1627624
GCA_013466015.1	1627623
GCA_013465795.1	1627622
GCA_013466235.1	1627620
GCA_009817055.1	1788698
GCA_009817915.1	1788702
GCA_024169855.1	5258504
GCA_024169885.1	5258496
GCA_900320455.1	2350890
GCA_902760085.1	2350890
GCA_900769995.1	1542153
GCA_902487165.1	1542153
GCA_029855265.1	4641806
GCA_026210695.1	4641811
GCA_000364765.1	1046341
GCA_000364785.1	1046341
GCA_900143365.1	3114862
GCA_900148545.1	3114862
GCA_019670345.1	5055998
GCA_019670285.1	5055996
GCA_002924425.1	2006235
GCA_002924325.1	2006240
GCA_026198195.1	5702840
GCA_037005705.1	5702840
GCA_036282925.1	2779656
GCA_036282775.1	2779660
GCA_023806595.1	3742337
GCA_031732915.1	3742337
GCA_900070205.1	2423295
GCA_001442855.1	2423295
GCA_036998085.1	5792155
GCA_026162265.1	5792155
GCA_900143475.1	2778343
GCA_900148685.1	2778343
GCA_002189605.1	3963196
GCA_004365825.1	3963196
GCA_015656465.1	1819053
GCA_904502055.1	1819053
GCA_015291905.1	5494304
GCA_015291925.1	5494304
GCA_036841985.1	1492311
GCA_035392865.1	1492311
GCA_029537415.1	4299854
GCA_005937795.2	4299846
GCA_016807315.1	1655909
GCA_021890055.1	1655909
GCA_004008975.1	4088701
GCA_001986025.1	4088698
GCA_004348775.1	5827786
GCA_963881975.1	5827786
GCA_002843345.1	4796048
GCA_963877245.1	4796048
GCA_900318475.1	2712506
GCA_902754965.1	2712506
GCA_001941585.1	3409143
GCA_019930765.1	3409142
GCA_009814485.1	1788623
GCA_009814965.1	1788625
GCA_000493315.1	6354192
GCA_963865155.1	6354192
GCA_900637675.1	2253416
GCA_029910475.1	2253418
GCA_000318765.1	1050130
GCA_000318665.1	1050127
GCA_002966535.1	1876981
GCA_900519455.1	1876981
GCA_011771415.1	3311811
GCA_011773795.1	3311811
GCA_001692615.1	4791397
GCA_001692515.1	4791396
GCA_013329905.1	1484247
GCA_003672175.1	1484247
GCA_041874635.1	2820462
GCA_000011265.1	2820462
GCA_000813475.1	4376717
GCA_963866875.1	4376717
GCA_035392925.1	1968708
GCA_036727755.1	1968708
GCA_035327285.1	2274144
GCA_036782935.1	2274144
GCA_016458845.1	1694669
GCA_017357025.1	1694668
GCA_011771345.1	3409282
GCA_011773695.1	3409282
GCA_902399915.1	2284659
GCA_003436735.1	2284659
GCA_902509075.1	6069016
GCA_963900235.1	6069016
GCA_902386325.1	5677722
GCA_000703485.1	5677722
GCA_018802225.1	3312578
GCA_902829265.1	3312578
GCA_001985805.1	4102205
GCA_001988695.1	4102202
GCA_001985105.1	4102201
GCA_001988095.1	4102201
GCA_001988255.1	4102201
GCA_004008955.1	4102199
GCA_004135035.1	2722586
GCA_016722985.1	2722586
GCA_003990305.1	4782590
GCA_963880915.1	4782590
GCA_022811005.1	6634623
GCA_022811045.1	6634620
GCA_022810945.1	6634619
GCA_022811065.1	6634619
GCA_003282485.1	1189654
GCA_902518445.1	1189654
GCA_900320325.1	2158211
GCA_902757785.1	2158211
GCA_949496475.1	2304328
GCA_949519445.1	2304328
GCA_902375395.1	4309569
GCA_000752035.1	4309569
GCA_900315655.1	2575445
GCA_902758425.1	2575445
GCA_009814935.1	1788911
GCA_009812525.1	1788908
GCA_036999825.1	5634182
GCA_026164105.1	5634182
GCA_030761875.1	3284935
GCA_030762435.1	3284927
GCA_900545745.1	1813301
GCA_902480115.1	1813301
GCA_902379005.2	2810675
GCA_000317915.1	2810675
GCA_001521695.2	6186545
GCA_007197955.1	6186545
GCA_900317075.1	1806492
GCA_902757195.1	1806492
GCA_035393525.1	1827765
GCA_036769735.1	1827765
GCA_002174215.1	2094755
GCA_028621815.1	2094755
GCA_001932935.1	3515597
GCA_001746795.1	3515597
GCA_035395805.1	2310842
GCA_036774765.1	2310842
GCA_902386295.1	2094695
GCA_002761995.1	2094695
GCA_025056305.1	2409590
GCA_033583475.1	2409590
GCA_035010305.1	4853414
GCA_035010545.1	4853413
GCA_002876945.2	5627598
GCA_963877225.1	5627598
GCA_001051015.2	2467698
GCA_002900845.1	2467698
GCA_900143375.1	2793504
GCA_900148715.1	2793504
GCA_001457415.1	5263775
GCA_902375625.1	5263775
GCA_013043085.1	2455877
GCA_018680475.1	2455877
GCA_011066255.1	4789862
GCA_963888145.1	4789862
GCA_030720485.1	1728933
GCA_030720445.1	1728934
GCA_030720625.1	1728933
GCA_030720285.1	1728930
GCA_030719585.1	1728926
GCA_030719845.1	1728927
GCA_030720525.1	1728925
GCA_030719465.1	1728925
GCA_016815055.1	4310992
GCA_016815115.1	4310993
GCA_003279765.1	873216
GCA_902558955.1	873216
GCA_020466945.1	2059616
GCA_000441435.1	2059616
GCA_900770685.1	1070832
GCA_902487635.1	1070832
GCA_900143305.1	3341582
GCA_900148535.1	3341582
GCA_023534215.1	4801374
GCA_023534945.1	4801374
GCA_000974285.1	3564998
GCA_902386695.1	3564998
GCA_902759805.1	2188662
GCA_900321595.1	2188662
GCA_035398575.1	1573983
GCA_036768435.1	1573983
GCA_035397785.1	1883354
GCA_036795525.1	1883354
GCA_900769235.1	2130921
GCA_902486855.1	2130921
GCA_902374515.1	4883880
GCA_000239255.1	4883880
GCA_902759895.1	2487714
GCA_900317445.1	2487714
GCA_024732285.1	4811261
GCA_024732305.1	4811260
GCA_003950725.1	7212420
GCA_003952185.1	7212419
GCA_002925905.1	6193009
GCA_901556995.1	6193009
GCA_000260715.1	1932693
GCA_003671995.1	1932687
GCA_000242435.1	2499879
GCA_902374635.1	2499879
GCA_003858885.1	5555042
GCA_009822965.1	5555042
GCA_033170295.1	5041864
GCA_033170335.1	5041857
GCA_017724115.1	4395318
GCA_017724215.1	4395318
GCA_900547285.1	1896416
GCA_902483335.1	1896416
GCA_902479305.1	1418375
GCA_900548845.1	1418375
GCA_011038775.1	2502093
GCA_017811745.1	2502093
GCA_001510645.1	5321099
GCA_001541085.1	5321099
GCA_010592485.1	5408603
GCA_963887285.1	5408603
GCA_036999185.1	5862442
GCA_026161975.1	5862442
GCA_004329705.1	4474039
GCA_001306455.1	4474039
GCA_900546645.1	2819390
GCA_902483125.1	2819390
GCA_009626555.1	4773885
GCA_009626855.1	4773878
GCA_009625935.1	4773877
GCA_009625995.1	4773877
GCA_009626495.1	4773877
GCA_003186765.1	4773876
GCA_009626175.1	4773876
GCA_000256485.1	5810698
GCA_963860685.1	5810698
GCA_001901655.1	6632161
GCA_001984885.1	6632161
GCA_945874035.1	1509071
GCA_945830545.1	1509071
GCA_003938045.1	3012993
GCA_021376205.1	3012994
GCA_035397905.1	1777246
GCA_036769945.1	1777246
GCA_902385235.1	1825047
GCA_003433955.1	1825047
GCA_900543565.1	1529515
GCA_902479765.1	1529515
GCA_902170255.1	4654004
GCA_963900475.1	4654004
GCA_035395845.1	1890069
GCA_036739055.1	1890069
GCA_025567345.1	2912566
GCA_900066115.1	2912566
GCA_001418005.1	4373820
GCA_001517345.1	4373820
GCA_036825155.1	3640690
GCA_035404545.1	3640690
GCA_902170385.1	4246048
GCA_963900645.1	4246048
GCA_949530495.1	2061490
GCA_949542325.1	2061490
GCA_902760225.1	1032804
GCA_900313815.1	1032804
GCA_000509045.1	6168028
GCA_902385905.1	6168028
GCA_902364205.1	2845821
GCA_003478665.1	2845821
GCA_011774405.1	3544185
GCA_011777305.1	3544185
GCA_014490085.1	3135567
GCA_024433585.1	3135567
GCA_003281045.1	912480
GCA_902537915.1	912480
GCA_036743275.1	1740630
GCA_035394965.1	1740630
GCA_033141605.1	2826325
GCA_033141865.1	2826325
GCA_035394785.1	2376990
GCA_036769845.1	2376990
GCA_002967715.1	6638894
GCA_003335525.1	6638894
GCA_900766795.1	2989686
GCA_902485715.1	2989686
GCA_900770715.1	1915631
GCA_902487695.1	1915631
GCA_900321805.1	1892137
GCA_902757125.1	1892137
GCA_016813575.1	3983970
GCA_016813745.1	3983970
GCA_016813935.1	3983970
GCA_900545835.1	1986334
GCA_902481665.1	1986334
GCA_900320825.1	3029516
GCA_902760045.1	3029516
GCA_000754925.1	4620096
GCA_963864395.1	4620096
GCA_034440435.1	8125928
GCA_021772095.1	8125928
GCA_018881485.1	5144974
GCA_025696365.1	5144974
GCA_003849805.1	4737819
GCA_963881055.1	4737819
GCA_021327755.1	2784838
GCA_040529685.1	2784838
GCA_035392985.1	2379007
GCA_036725285.1	2379007
GCA_035393185.1	2086101
GCA_036781805.1	2086101
GCA_902487455.1	1572375
GCA_900770585.1	1572375
GCA_002237815.1	8242209
GCA_003001675.1	8242209
GCA_009759705.1	2337511
GCA_001481715.1	2337508
GCA_015272955.1	2757668
GCA_022396195.1	2757668
GCA_002607735.1	3836940
GCA_963876675.1	3836940
GCA_902756235.1	1195531
GCA_900320505.1	1195531
GCA_035396525.1	3490806
GCA_036733345.1	3490806
GCA_035394505.1	1963837
GCA_036838105.1	1963837
GCA_949496705.1	3447033
GCA_949540585.1	3447033
GCA_000624995.2	4685984
GCA_000624715.2	4685975
GCA_001185455.1	6095620
GCA_963868145.1	6095620
GCA_902755975.1	2463973
GCA_900318595.1	2463973
GCA_900555385.1	3148284
GCA_902480305.1	3148284
GCA_900771065.1	1897567
GCA_902487825.1	1897567
GCA_009814955.1	1788420
GCA_009815015.1	1788420
GCA_009817315.1	1788415
GCA_009818775.1	1788420
GCA_009819075.1	1788419
GCA_003212275.1	1120369
GCA_902595245.1	1120369
GCA_013112825.1	2529513
GCA_016743675.1	2529513
GCA_949523795.1	1654563
GCA_949530075.1	1654563
GCA_022096935.1	2060038
GCA_023128215.1	2060038
GCA_025218215.1	5242743
GCA_032193255.1	5242743
GCA_900120775.1	4363363
GCA_900121415.1	4363361
GCA_035396505.1	1979268
GCA_036748135.1	1979268
GCA_005311105.1	1139773
GCA_003076575.1	1139772
GCA_000815245.1	2872771
GCA_003073395.1	2872769
GCA_003073435.1	2872769
GCA_000815045.1	2872768
GCA_900553725.1	5266198
GCA_902480535.1	5266198
GCA_037590645.1	1653662
GCA_037587365.1	1653661
GCA_902374255.1	2965437
GCA_000186505.1	2965437
GCA_902170695.1	4609446
GCA_963900195.1	4609446
GCA_002448015.1	4411454
GCA_002447775.1	4411449
GCA_002887335.1	4411446
GCA_900316355.1	3158208
GCA_902755355.1	3158208
GCA_026914045.1	5179023
GCA_028883955.1	5179023
GCA_034556115.1	5595720
GCA_037031185.1	5595720
GCA_003469985.1	2506353
GCA_902364765.1	2506353
GCA_902757885.1	1944175
GCA_900321135.1	1944175
GCA_015550275.1	2176788
GCA_028311545.1	2176788
GCA_035394025.1	4789822
GCA_036787535.1	4789822
GCA_003279985.1	823747
GCA_902554365.1	823747
GCA_902480285.1	653054
GCA_900557225.1	653054
GCA_000258345.2	1800792
GCA_963861005.1	1800792
GCA_945827715.1	1949542
GCA_945869155.1	1949542
GCA_006383385.1	5180936
GCA_905331735.1	5180936
GCA_900548795.1	1762327
GCA_902479475.1	1762327
GCA_036039625.1	5112716
GCA_036227705.1	5112716
GCA_900542965.1	2082654
GCA_902481995.1	2082654
GCA_003008415.2	3046750
GCA_003008475.2	3046750
GCA_900771265.1	2109164
GCA_902487815.1	2109164
GCA_003050175.1	5373700
GCA_963879075.1	5373700
GCA_029624915.1	5563814
GCA_029624975.1	5563809
GCA_900317535.1	3142184
GCA_902754995.1	3142184
GCA_022924395.1	1613194
GCA_022923615.1	1613185
GCA_001375675.1	2849407
GCA_902375685.1	2849407
GCA_001689765.1	9192944
GCA_963869805.1	9192944
GCA_001105825.1	4932344
GCA_001104465.1	4932344
GCA_024762155.1	2033272
GCA_040733935.1	2033272
GCA_900763715.1	1489289
GCA_902484535.1	1489289
GCA_001244635.1	5090979
GCA_963868735.1	5090979
GCA_902759955.1	1626409
GCA_900313125.1	1626409
GCA_002965565.1	5544922
GCA_963876925.1	5544922
GCA_040377535.1	2173999
GCA_900087865.2	2173999
GCA_011066275.1	4791260
GCA_963888365.1	4791260
GCA_003568885.1	1888139
GCA_902386165.1	1888139
GCA_003475205.1	2229519
GCA_902364355.1	2229519
GCA_900770765.1	1743156
GCA_902487745.1	1743156
GCA_035393265.1	2782172
GCA_036769765.1	2782172
GCA_903879245.1	8485156
GCA_905232205.1	8485156
GCA_030179395.1	2599029
GCA_030179455.1	2599029
GCA_017896245.1	1267786
GCA_021496155.1	1267786
GCA_021496175.1	1267786
GCA_021496195.1	1267786
GCA_021496235.1	1267786
GCA_022343865.1	1267787
GCA_022343885.1	1267787
GCA_022343925.1	1267787
GCA_022343845.1	1267787
GCA_000671895.1	4405034
GCA_001544935.1	4405033
GCA_023534515.1	5429765
GCA_023535185.1	5429765
GCA_021440805.1	4768016
GCA_963898015.1	4768016
GCA_010602725.1	4972320
GCA_963888425.1	4972320
GCA_035395165.1	4628393
GCA_036821365.1	4628393
GCA_000020925.1	4917459
GCA_000192085.1	4917459
GCA_900322055.1	1342860
GCA_902760235.1	1342860
GCA_900761355.1	2919488
GCA_902483915.1	2919488
GCA_003547035.1	7102313
GCA_902141795.1	7102313
GCA_900313195.1	1597431
GCA_902757685.1	1597431
GCA_902757985.1	2170668
GCA_900321455.1	2170668
GCA_029908945.1	2144009
GCA_029908735.1	2144012
GCA_009765635.1	4608970
GCA_963886745.1	4608970
GCA_902170425.1	4722684
GCA_963900705.1	4722684
GCA_900313955.1	2679024
GCA_902803935.1	2679024
GCA_900550825.1	1986846
GCA_902480155.1	1986846
GCA_035395385.1	3127587
GCA_036838025.1	3127587
GCA_022642445.1	2581306
GCA_022644445.1	2581306
GCA_902757765.1	3175722
GCA_900315695.1	3175722
GCA_900541185.1	2006763
GCA_902483195.1	2006763
GCA_039831955.1	2743465
GCA_040188855.1	2743465
GCA_003225665.1	6865389
GCA_003225695.1	6865389
GCA_003225735.1	6865389
GCA_902758325.1	2387511
GCA_900316295.1	2387511
GCA_040735135.1	4416618
GCA_040820805.1	4416618
GCA_016893255.1	2941669
GCA_025154095.1	2941669
GCA_013330305.1	1090207
GCA_003672735.1	1090207
GCA_003283025.1	978245
GCA_902514955.1	978245
GCA_035393965.1	4011240
GCA_036743315.1	4011240
GCA_902487765.1	2467170
GCA_900770895.1	2467170
GCA_902757575.1	2606182
GCA_900320175.1	2606182
GCA_035404485.1	2489366
GCA_036821165.1	2489366
GCA_900760165.1	2114254
GCA_902483735.1	2114254
GCA_001938035.1	5635623
GCA_003069555.1	5635622
GCA_003213435.1	1002500
GCA_902575115.1	1002500
GCA_005845105.1	2671468
GCA_015557495.1	2671468
GCA_902485645.1	1262402
GCA_900766875.1	1262402
GCA_009915875.1	3880783
GCA_963894655.1	3880783
GCA_035396665.1	4087385
GCA_036803465.1	4087385
GCA_900771115.1	1270081
GCA_902487835.1	1270081
GCA_035441585.1	2603047
GCA_036807125.1	2603047
GCA_008374755.1	5433891
GCA_016918115.1	5433891
GCA_040529275.1	4001363
GCA_040536945.1	4001363
GCA_040529205.1	4001362
GCA_040267665.1	4001356
GCA_040529285.1	4001356
GCA_040529305.1	4001356
GCA_040529325.1	4001356
GCA_040529215.1	4001355
GCA_040536965.1	4001355
GCA_002857475.1	1794084
GCA_002858505.1	1794081
GCA_015709185.1	2163684
GCA_022811585.1	2163681
GCA_003955865.1	2163678
GCA_900315365.1	2774568
GCA_902756905.1	2774568
GCA_902483995.1	1644369
GCA_900761765.1	1644369
GCA_025258925.1	4104686
GCA_025258945.1	4104686
GCA_000188195.1	2306546
GCA_902374345.1	2306546
GCA_009916035.1	4101098
GCA_963895915.1	4101098
GCA_002201515.1	3307069
GCA_016696845.1	3307069
GCA_011464075.1	1017263
GCA_011464975.1	1017258
GCA_902381695.1	2493224
GCA_000411235.1	2493224
GCA_003311895.1	4038943
GCA_963878775.1	4038943
GCA_034497685.1	2754574
GCA_034507055.1	2754574
GCA_948835465.1	1746540
GCA_948944375.1	1746540
GCA_003013815.1	5603048
GCA_963879095.1	5603048
GCA_003340255.1	3738151
GCA_902388285.1	3738151
GCA_022982515.1	2866086
GCA_023066295.1	2866088
GCA_037478355.1	4679819
GCA_037482055.1	4679819
GCA_015656935.1	2132630
GCA_904501725.1	2132630
GCA_000772945.1	4047197
GCA_002200865.1	4047197
GCA_036312105.1	2786375
GCA_037483085.1	2786375
GCA_900143455.1	2690170
GCA_900148705.1	2690170
GCA_035327185.1	2357540
GCA_036801105.1	2357540
GCA_035327145.1	3297239
GCA_036753945.1	3297239
GCA_035394645.1	2910682
GCA_036743285.1	2910682
GCA_900320155.1	2565855
GCA_902755165.1	2565855
GCA_020003215.1	4963326
GCA_021556405.1	4963326
GCA_003049865.1	5733793
GCA_963878595.1	5733793
GCA_022016005.1	6799186
GCA_037104505.1	6799186
GCA_900541865.1	2551568
GCA_902480275.1	2551568
GCA_900319085.1	3144729
GCA_902758535.1	3144729
GCA_014844595.1	3261110
GCA_014844635.1	3261108
GCA_013402255.1	2879691
GCA_013402445.1	2879695
GCA_003287655.1	5483072
GCA_963878345.1	5483072
GCA_002165775.1	1872282
GCA_902387125.1	1872282
GCA_902759745.1	1832786
GCA_900319595.1	1832786
GCA_902758985.1	3252935
GCA_900317685.1	3252935
GCA_902758585.1	2560064
GCA_900315925.1	2560064
GCA_902759085.1	1852739
GCA_900319945.1	1852739
GCA_903823905.1	2811998
GCA_903874495.1	2811995
GCA_035394865.1	2794965
GCA_036827845.1	2794965
GCA_900316125.1	2068327
GCA_902755145.1	2068327
GCA_002913835.1	2010217
GCA_902387105.1	2010217
GCA_022015915.1	6735452
GCA_037104525.1	6735452
GCA_038125865.1	2728852
GCA_038169365.1	2728847
GCA_005844885.1	6855201
GCA_015552205.1	6855201
GCA_003478905.1	3231072
GCA_902364155.1	3231072
GCA_016893825.1	5070622
GCA_016893645.1	5070622
GCA_000320405.1	3553721
GCA_902374805.1	3553721
GCA_901446755.2	4817656
GCA_901457785.2	4817656
GCA_002357135.1	1283942
GCA_002357275.1	1283942
GCA_949486885.1	1814543
GCA_949523165.1	1814543
GCA_002919355.1	3000661
GCA_002919345.1	3000661
GCA_000961335.1	5223748
GCA_000961355.1	5223747
GCA_000177195.2	7414440
GCA_009865465.1	7414440
GCA_020053655.1	1404577
GCA_020061365.1	1404577
GCA_012952165.1	2369234
GCA_012952225.1	2369234
GCA_900320515.1	2115538
GCA_902755965.1	2115538
GCA_023066195.1	2866151
GCA_022982435.1	2866149
GCA_003006755.1	3695193
GCA_963878105.1	3695193
GCA_021493535.1	5325726
GCA_029194715.1	5325726
GCA_000826085.1	2934258
GCA_902375435.1	2934258
GCA_945829745.1	1821368
GCA_945870765.1	1821368
GCA_900766975.1	2173228
GCA_902485785.1	2173228
GCA_000689235.1	2065074
GCA_030489705.1	2065074
GCA_009815835.1	1788611
GCA_009816835.1	1788606
GCA_009817565.1	1788608
GCA_009817795.1	1788608
GCA_902374245.1	1649151
GCA_000185345.1	1649151
GCA_021609405.1	5560226
GCA_963897885.1	5560226
GCA_030053795.1	4215653
GCA_016065415.1	4215646
GCA_023716345.1	2821295
GCA_023716305.1	2821298
GCA_003547015.1	7179387
GCA_902141815.1	7179387
GCA_030520935.1	3342280
GCA_030521185.1	3342280
GCA_001048555.1	5564744
GCA_963865695.1	5564744
GCA_013402225.1	2879449
GCA_017589795.1	2879453
GCA_900106785.1	3475353
GCA_902386825.1	3475353
GCA_003258615.1	3306513
GCA_009935675.1	3306513
GCA_900315995.1	1305056
GCA_902751235.1	1305056
GCA_902486455.1	2015725
GCA_900768685.1	2015725
GCA_902754915.1	2229286
GCA_900317905.1	2229286
GCA_034497625.1	2742957
GCA_034506995.1	2742957
GCA_949496775.1	2024809
GCA_949544165.1	2024809
GCA_943357275.1	916874
GCA_947498255.1	916874
GCA_003435415.1	2478513
GCA_902399855.1	2478513
GCA_001325705.1	4351109
GCA_001387595.1	4351113
GCA_001986715.1	4106294
GCA_001988455.1	4106294
GCA_009727505.1	6357971
GCA_009727535.1	6357971
GCA_018595875.1	2750049
GCA_026624645.1	2750049
GCA_902759115.1	1705686
GCA_900320945.1	1705686
GCA_902486515.1	2316811
GCA_900768845.1	2316811
GCA_900983395.1	1804808
GCA_900983835.1	1804814
GCA_023284125.1	2959508
GCA_023285815.1	2959507
GCA_902759505.1	1822297
GCA_900318125.1	1822297
GCA_001194545.1	2877437
GCA_001193255.1	2877444
GCA_024434455.1	5316255
GCA_025532035.1	5316255
GCA_020731085.1	3499753
GCA_030125475.1	3499753
GCA_900545625.1	1925341
GCA_902482065.1	1925341
GCA_003050145.1	5535057
GCA_963879065.1	5535057
GCA_012033755.1	4639830
GCA_012241585.1	4639830
GCA_003353115.1	4639830
GCA_036999365.1	5772200
GCA_026163915.1	5772200
GCA_023516275.1	2657959
GCA_000349765.2	2657957
GCA_000513115.1	4538064
GCA_001315065.1	4538064
GCA_026133825.1	5632708
GCA_026199055.1	5632708
GCA_000398925.1	3325721
GCA_902374965.1	3325721
GCA_003050165.1	5461378
GCA_963879045.1	5461378
GCA_948819755.1	4130071
GCA_949013505.1	4130071
GCA_945829615.1	1989598
GCA_945874445.1	1989598
GCA_000597825.1	1665702
GCA_902388215.1	1665702
GCA_000750395.2	4679127
GCA_000750415.2	4679126
GCA_001892435.1	5301649
GCA_001893155.1	5301649
GCA_900769745.1	2131277
GCA_902487065.1	2131277
GCA_000628085.1	1831353
GCA_000628125.1	1831353
GCA_902726565.1	4521316
GCA_963901385.1	4521316
GCA_003311965.1	3896089
GCA_963878035.1	3896089
GCA_013043305.1	813197
GCA_018680295.1	813197
GCA_002334825.1	5136113
GCA_002334845.1	5136113
GCA_025566865.1	4023593
GCA_900066145.1	4023593
GCA_030348835.1	4169409
GCA_030348865.1	4169409
GCA_035435685.1	3209973
GCA_036744435.1	3209973
GCA_006542455.1	907156
GCA_006659155.1	907156
GCA_902759625.1	1330085
GCA_900321085.1	1330085
GCA_902488165.1	2586855
GCA_900751035.1	2586855
GCA_036865155.1	5478840
GCA_036865005.1	5478837
GCA_003265425.1	4390550
GCA_900491695.1	4390550
GCA_900556705.1	1331647
GCA_902481905.1	1331647
GCA_025058055.1	1169490
GCA_033579555.1	1169490
GCA_017301275.1	5161769
GCA_017301295.1	5161766
GCA_041052675.1	5847603
GCA_041052005.1	5847598
GCA_013112745.1	2872843
GCA_016743615.1	2872843
GCA_030069665.1	2929948
GCA_030069925.1	2929948
GCA_000146835.1	1705064
GCA_902373715.1	1705064
GCA_035404385.1	1447293
GCA_036825135.1	1447293
GCA_949429665.1	2460588
GCA_949459435.1	2460588
GCA_949478765.1	2460588
GCA_963901695.1	4487783
GCA_943914245.1	4487783
GCA_949506045.1	3367143
GCA_949550155.1	3367143
GCA_902755785.1	1887862
GCA_900313655.1	1887862
GCA_013295535.1	6139954
GCA_013295635.1	6139952
GCA_015656455.1	1946814
GCA_904502165.1	1946814
GCA_902754925.1	2775318
GCA_900316495.1	2775318
GCA_006226255.1	4621851
GCA_963883775.1	4621851
GCA_003212815.1	708624
GCA_902586265.1	708624
GCA_009649895.1	5143213
GCA_009649935.1	5143213
GCA_006439115.1	1938749
GCA_013401825.1	1938749
GCA_002800055.1	5039966
GCA_002801765.1	5039966
GCA_002980095.1	5026532
GCA_037479335.1	5026532
GCA_003259575.1	7380346
GCA_009862045.1	7380346
GCA_949512995.1	1272555
GCA_949528935.1	1272555
GCA_035329705.1	2582784
GCA_036843485.1	2582784
GCA_035441645.1	2080150
GCA_036837235.1	2080150
GCA_002834225.1	2151595
GCA_902387655.1	2151595
GCA_949535135.1	3600124
GCA_949542345.1	3600124
GCA_900316785.1	3438961
GCA_902755835.1	3438961
GCA_016890085.1	4808040
GCA_016888985.1	4808040
GCA_000092365.1	1986154
GCA_006088775.1	1986154
GCA_013048775.1	3954657
GCA_963888765.1	3954657
GCA_020405895.1	2753603
GCA_020567745.1	2753603
GCA_035397585.1	1949756
GCA_036818835.1	1949756
GCA_902170745.1	4838889
GCA_963900535.1	4838889
GCA_964187095.1	2032128
GCA_964186865.1	2032128
GCA_014525475.1	2402842
GCA_016916895.1	2402842
GCA_003798465.1	2495332
GCA_000025765.1	2495334
GCA_900143465.1	3718385
GCA_900148655.1	3718385
GCA_001020485.1	3522904
GCA_963867025.1	3522904
GCA_015560185.1	3314175
GCA_005845155.1	3314175
GCA_023016425.1	1139665
GCA_005311065.1	1139665
GCA_949487025.1	2035238
GCA_949550575.1	2035238
GCA_002310395.1	2878897
GCA_900092595.1	2878896
GCA_000010465.1	2878897
GCA_002310435.1	2878897
GCA_945831635.1	1509988
GCA_945868945.1	1509988
GCA_039620435.1	4586412
GCA_039621415.1	4586408
GCA_016602175.1	1791536
GCA_016602185.1	1791535
GCA_001244395.1	3076437
GCA_902386635.1	3076437
GCA_900199375.1	3294868
GCA_902386185.1	3294868
GCA_900766635.1	1693287
GCA_902485605.1	1693287
GCA_900539295.1	2242985
GCA_902480165.1	2242985
GCA_009674585.1	3487106
GCA_008806915.1	3487106
GCA_000334195.1	5076254
GCA_963861305.1	5076254
GCA_003064665.1	4736000
GCA_001100425.1	4736002
GCA_035323375.1	4778276
GCA_036796915.1	4778276
GCA_902756855.1	2998267
GCA_900315975.1	2998267
GCA_035394745.1	2850747
GCA_036817145.1	2850747
GCA_005773965.1	2484004
GCA_005937265.1	2484004
GCA_004922825.1	2384294
GCA_019794715.1	2384294
GCA_001458115.1	4207226
GCA_902375835.1	4207226
GCA_900765165.1	2478402
GCA_902484925.1	2478402
GCA_900768625.1	2843857
GCA_902486405.1	2843857
GCA_004125825.1	4111109
GCA_013166675.1	4111109
GCA_037168585.1	5019666
GCA_040010415.1	5019666
GCA_033284645.1	3022523
GCA_033284685.1	3022517
GCA_021197275.1	2923495
GCA_021198035.1	2923495
GCA_003214455.1	1212678
GCA_902570235.1	1212678
GCA_002284855.1	1353947
GCA_013467635.1	1353947
GCA_902850325.2	2208353
GCA_903910355.1	2208353
GCA_003439785.1	3143729
GCA_902385345.1	3143729
GCA_000968355.2	2727312
GCA_000968395.2	2727312
GCA_000968435.2	2727312
GCA_009815975.1	1790007
GCA_009816115.1	1790013
GCA_035405145.1	1682640
GCA_036842485.1	1682640
GCA_900552925.1	1811394
GCA_902482005.1	1811394
GCA_001027105.1	2782562
GCA_006094915.1	2782561
GCA_022869625.1	2782561
GCA_017900955.1	5030087
GCA_017900975.1	5030087
GCA_017900995.1	5030087
GCA_017901015.1	5030087
GCA_018343835.1	5030087
GCA_009497695.1	5472671
GCA_000009885.1	5472672
GCA_000285835.2	3427329
GCA_902374775.1	3427329
GCA_902755945.1	1738585
GCA_900318985.1	1738585
GCA_014863765.1	4632672
GCA_014863645.1	4632668
GCA_014863665.1	4632668
GCA_014863825.1	4632668
GCA_900319025.1	1936798
GCA_902758275.1	1936798
GCA_030179275.1	2914323
GCA_040493615.1	2914323
GCA_000154385.1	3127383
GCA_902373685.1	3127383
GCA_001404475.1	4418465
GCA_902362535.1	4418465
GCA_900314215.1	2880939
GCA_902804135.1	2880939
GCA_002952615.1	1674020
GCA_002952535.1	1674019
GCA_002952515.1	1674018
GCA_002952675.1	1674018
GCA_002952455.1	1674015
GCA_015546835.1	2009525
GCA_039757835.1	2009525
GCA_003459195.1	2910400
GCA_902364135.1	2910400
GCA_000731195.1	2840742
GCA_000731275.1	2840742
GCA_000146325.1	1942827
GCA_902373655.1	1942827
GCA_025421855.1	5228564
GCA_028464355.1	5228564
GCA_903938375.1	2689597
GCA_903953475.1	2689597
GCA_030023685.1	3980991
GCA_030546555.1	3980991
GCA_028322025.1	2780119
GCA_039757575.1	2780119
GCA_032739335.1	5180001
GCA_036663495.1	5180001
GCA_022700975.1	4215563
GCA_022700935.1	4215560
GCA_039780895.1	1667854
GCA_029909575.1	1667850
GCA_902482555.1	1865341
GCA_900547135.1	1865341
GCA_001145045.1	2146004
GCA_001130865.1	2146000
GCA_900765385.1	3265104
GCA_902485025.1	3265104
GCA_902364445.2	4239024
GCA_003477535.1	4239024
GCA_015558185.1	3414958
GCA_028322885.1	3414958
GCA_003213165.1	964287
GCA_902576625.1	964287
GCA_035394005.1	2919823
GCA_036829115.1	2919823
GCA_009887825.1	5678393
GCA_023893985.1	5678393
GCA_008120895.1	4576586
GCA_008120875.1	4576591
GCA_008120855.1	4576591
GCA_035397545.1	2590787
GCA_036795495.1	2590787
GCA_901212475.1	2571953
GCA_902167595.1	2571953
GCA_005890035.1	2847448
GCA_005954685.1	2847448
GCA_007556695.2	2847446
GCA_020532085.1	2812189
GCA_034007905.1	2812189
GCA_037283365.1	3072051
GCA_037283435.1	3072051
GCA_019375095.1	5346552
GCA_009600645.1	5346552
GCA_033658685.1	2537878
GCA_033659525.1	2537878
GCA_018798945.1	4325234
GCA_018798925.1	4325234
GCA_007097045.1	5620879
GCA_015209285.1	5620879
GCA_900542385.1	1749361
GCA_902481295.1	1749361
GCA_900544775.1	2163775
GCA_902480335.1	2163775
GCA_004135025.1	2690341
GCA_016723005.1	2690341
GCA_012276725.1	2521937
GCA_012276865.1	2521937
GCA_900091655.1	4410591
GCA_902376085.1	4410591
GCA_004636005.1	4107723
GCA_004009095.1	4107721
GCA_001605585.1	4107716
GCA_949516205.1	1706450
GCA_949523085.1	1706450
GCA_015549205.1	2967959
GCA_028325425.1	2967959
GCA_902850275.2	2174336
GCA_903908965.1	2174336
GCA_003435615.1	2464025
GCA_902364745.1	2464025
GCA_002870665.1	6758464
GCA_963877515.1	6758464
GCA_933217695.1	2816651
GCA_936275985.1	2816651
GCA_008039245.1	5131519
GCA_963884105.1	5131519
GCA_001138665.1	2145043
GCA_001084125.1	2145042
GCA_900550395.1	2431801
GCA_902482495.1	2431801
GCA_900126815.1	2795851
GCA_900128155.1	2795847
GCA_015656995.1	2207863
GCA_904501855.1	2207863
GCA_017846585.1	1724900
GCA_014874795.1	1724900
GCA_001889545.1	2738877
GCA_001889505.1	2738876
GCA_000765215.1	3267429
GCA_902386515.1	3267429
GCA_015904825.1	1615726
GCA_017594765.1	1615726
GCA_003028755.1	4709905
GCA_003028715.1	4709911
GCA_947059895.1	5301548
GCA_947066655.1	5301548
GCA_003280485.1	1098312
GCA_902543155.1	1098312
GCA_003459805.1	1989891
GCA_902364015.1	1989891
GCA_949506295.1	2599015
GCA_949519305.1	2599015
GCA_949538965.1	1313052
GCA_949544645.1	1313052
GCA_003461085.1	2889150
GCA_902364185.1	2889150
GCA_001986335.1	4109711
GCA_001987975.1	4109710
GCA_022407315.1	4109715
GCA_902758835.1	1987320
GCA_900316085.1	1987320
GCA_017115605.1	3165493
GCA_901284475.1	3165493
GCA_003209195.1	968825
GCA_902609255.1	968825
GCA_002386385.1	4885099
GCA_902388105.1	4885099
GCA_017833055.1	6008248
GCA_017832075.1	6008246
GCA_902756805.1	1718940
GCA_900321665.1	1718940
GCA_003215115.1	278323
GCA_902565765.1	278323
GCA_949530415.1	2111780
GCA_949540595.1	2111780
GCA_003991285.1	6007619
GCA_025950225.1	6007619
GCA_009800025.1	6264405
GCA_009800065.1	6264405
GCA_025054875.1	2773271
GCA_033583115.1	2773271
GCA_900317345.1	1956806
GCA_902759235.1	1956806
GCA_900176615.1	2759335
GCA_902386705.1	2759335
GCA_002083785.1	3328953
GCA_003503675.1	3328953
GCA_019550835.1	1450864
GCA_019798045.1	1450864
GCA_000695055.1	5156544
GCA_001315205.1	5156544
GCA_034651235.1	4925463
GCA_036039195.1	4925463
GCA_036311865.1	2868315
GCA_037483105.1	2868315
GCA_900475375.1	3874791
GCA_011612125.1	3874794
GCA_036542325.1	3874794
GCA_020388135.1	2766975
GCA_020388155.1	2766975
GCA_015354845.1	2592887
GCA_036400555.1	2592887
GCA_029286515.1	3824810
GCA_029286555.1	3824812
GCA_949517905.1	2154213
GCA_949538005.1	2154213
GCA_001085865.1	4577421
GCA_963866405.1	4577421
GCA_020341695.1	5785768
GCA_020341675.1	5785766
GCA_016917455.1	4552879
GCA_016917515.1	4552880
GCA_902486415.1	1691378
GCA_900768725.1	1691378
GCA_012910805.1	5939001
GCA_963888885.1	5939001
GCA_902758705.1	2142923
GCA_900315535.1	2142923
GCA_001157385.1	5023250
GCA_902388045.1	5023250
GCA_028875625.1	3197555
GCA_947581785.1	3197555
GCA_000221625.1	2335323
GCA_022482305.1	2335323
GCA_022482365.1	2335319
GCA_036999125.1	5728647
GCA_026162115.1	5728647
GCA_943787695.1	1479352
GCA_943842795.1	1479352
GCA_003214465.1	1805654
GCA_902570085.1	1805654
GCA_900321345.1	1845301
GCA_902756865.1	1845301
GCA_900321615.1	2269045
GCA_902759985.1	2269045
GCA_900315095.1	3243784
GCA_902759005.1	3243784
GCA_030271335.1	2779483
GCA_030271415.1	2779483
GCA_030271495.1	2779483
GCA_010994095.1	4622342
GCA_006151975.2	4622342
GCA_030069845.1	2968178
GCA_030069945.1	2968178
GCA_002882835.1	1842115
GCA_002882555.1	1842113
GCA_949521785.1	1754325
GCA_949553095.1	1754325
GCA_900044555.1	2831747
GCA_900045105.1	2831745
GCA_004569525.1	2837491
GCA_015235165.1	2837491
GCA_023806165.1	6670354
GCA_023806325.1	6670354
GCA_024179225.1	6670354
GCA_902758655.1	2134419
GCA_900316815.1	2134419
GCA_010287885.1	3677844
GCA_963888465.1	3677844
GCA_035435725.1	2915722
GCA_036737475.1	2915722
GCA_013048635.1	4110525
GCA_963887575.1	4110525
GCA_035400265.1	3023697
GCA_036725345.1	3023697
GCA_023534495.1	5401614
GCA_023535165.1	5401614
GCA_036865525.1	4803440
GCA_036865505.1	4803438
GCA_900313315.1	2047072
GCA_902757845.1	2047072
GCA_041052305.1	5848720
GCA_041052835.1	5848720
GCA_900240245.1	3329949
GCA_902386895.1	3329949
GCA_013109645.1	4415702
GCA_013109025.1	4415702
GCA_013108905.1	4415705
GCA_902479485.1	1467573
GCA_900553405.1	1467573
GCA_018690095.1	1268455
GCA_000953315.1	1268461
GCA_902508085.1	5862521
GCA_963900335.1	5862521
GCA_012912105.1	8310715
GCA_963888085.1	8310715
GCA_040735085.1	4425619
GCA_040820195.1	4425619
GCA_035393825.1	2168732
GCA_036817385.1	2168732
GCA_002811245.1	3619996
GCA_963876685.1	3619996
GCA_006364635.1	3409192
GCA_022870105.1	3409194
GCA_003991055.1	4106512
GCA_001986065.1	4106507
GCA_013694005.1	4685982
GCA_016106125.1	4685982
GCA_005408385.1	1139569
GCA_005311165.1	1139568
GCA_015239355.1	1139569
GCA_015239315.1	1139569
GCA_040405055.1	1139574
GCA_029958865.3	1139571
GCA_029958845.3	1139573
GCA_000410555.1	1139569
GCA_902170505.1	4320469
GCA_963901335.1	4320469
GCA_004569535.1	2333308
GCA_015235135.1	2333308
GCA_015773155.1	4921223
GCA_016722745.1	4921223
GCA_016792545.1	4921223
GCA_003354745.1	2813964
GCA_003354625.1	2813963
GCA_026133665.1	5637344
GCA_026198955.1	5637344
GCA_019371095.1	5403619
GCA_009600795.1	5403619
GCA_001406275.1	3141705
GCA_902362835.1	3141705
GCA_035326985.1	4102204
GCA_036846665.1	4102204
GCA_035395705.1	2102084
GCA_036799555.1	2102084
GCA_025604085.1	4691816
GCA_040750945.1	4691816
GCA_902756795.1	2044722
GCA_900321715.1	2044722
GCA_009915625.1	3974052
GCA_963886335.1	3974052
GCA_900548725.1	1209627
GCA_902479505.1	1209627
GCA_003211695.1	1138562
GCA_902608355.1	1138562
GCA_902758545.1	1829572
GCA_900316615.1	1829572
GCA_902482155.1	3890464
GCA_900544445.1	3890464
GCA_002041625.1	4694997
GCA_002076985.1	4694997
GCA_003570965.1	1844642
GCA_003152755.1	1844642
GCA_900637025.1	1931548
GCA_016127555.1	1931547
GCA_003287735.1	5059726
GCA_963878445.1	5059726
GCA_025218225.1	5391700
GCA_032192105.1	5391700
GCA_035404745.1	2557652
GCA_036848335.1	2557652
GCA_002284875.1	1456516
GCA_013467655.1	1456516
GCA_015657125.1	1261787
GCA_904501815.1	1261787
GCA_030286025.1	8548838
GCA_023210535.1	8548838
GCA_025055635.1	2322478
GCA_033583455.1	2322478
GCA_005844575.1	4627252
GCA_015556485.1	4627252
GCA_900761675.1	1776245
GCA_902483985.1	1776245
GCA_000628805.1	1829890
GCA_000628365.1	1829889
GCA_002026255.1	6368940
GCA_963871815.1	6368940
GCA_900321775.1	2137456
GCA_902755715.1	2137456
GCA_001457795.1	1818711
GCA_902375795.1	1818711
GCA_019705475.1	2788931
GCA_019705315.1	2788929
GCA_005844995.1	3259681
GCA_015667175.1	3259681
GCA_001678855.1	2940227
GCA_902388075.1	2940227
GCA_900542015.1	2937871
GCA_905194035.1	2937871
GCA_001435475.1	2241837
GCA_902375735.1	2241837
GCA_040328075.1	4014452
GCA_040328055.1	4014448
GCA_004342545.1	5802368
GCA_963880845.1	5802368
GCA_035393145.1	4846279
GCA_036834505.1	4846279
GCA_949541305.1	808130
GCA_949550325.1	808130
GCA_900320435.1	2084525
GCA_902756835.1	2084525
GCA_900018785.1	3689702
GCA_902375895.1	3689702
GCA_002446935.1	4411180
GCA_002446975.1	4411180
GCA_003053245.1	1970718
GCA_027662945.1	1970717
GCA_025460125.1	1779835
GCA_025460135.1	1779835
GCA_900763835.1	2430566
GCA_902484525.1	2430566
GCA_003278805.1	1216121
GCA_902537795.1	1216121
GCA_016018115.1	4757130
GCA_005518325.1	4757126
GCA_902759465.1	1877393
GCA_900316705.1	1877393
GCA_902487235.1	902654
GCA_900770135.1	902654
GCA_001989115.1	4105638
GCA_022407195.1	4105636
GCA_022407255.1	4105635
GCA_020051875.1	3929570
GCA_020059545.1	3929570
GCA_000820245.1	4708594
GCA_963866445.1	4708594
GCA_000155855.1	3028326
GCA_902373835.1	3028326
GCA_002197285.1	2116773
GCA_002812445.1	2116769
GCA_902487755.1	856870
GCA_900771155.1	856870
GCA_035396245.1	2456319
GCA_036787605.1	2456319
GCA_001851765.1	4403833
GCA_000668815.1	4403825
GCA_949421395.1	2231241
GCA_951802015.1	2231241
GCA_040436695.1	5674659
GCA_040436715.1	5674660
GCA_002900725.1	7201137
GCA_002921005.1	7201137
GCA_030979955.1	3929784
GCA_008802875.1	3929782
GCA_024218535.1	3929782
GCA_026240675.1	3929781
GCA_037199675.2	2818489
GCA_003194205.1	2818490
GCA_002214125.1	2942234
GCA_002214145.1	2942234
GCA_902374405.1	6950059
GCA_000204455.2	6950059
GCA_002915215.1	4361703
GCA_003383475.1	4361703
GCA_035398605.1	3367322
GCA_036807285.1	3367322
GCA_902374015.1	3144656
GCA_000159175.1	3144656
GCA_009915825.1	3865785
GCA_963895805.1	3865785
GCA_021655455.1	5507508
GCA_021655435.1	5507507
GCA_007858915.1	5559141
GCA_963885185.1	5559141
GCA_001974565.1	5660371
GCA_963872585.1	5660371
GCA_013415325.1	4259108
GCA_015234745.1	4259108
GCA_945831475.1	1232109
GCA_945867635.1	1232109
GCA_900319225.1	2533828
GCA_902756375.1	2533828
GCA_023534785.1	4924652
GCA_023535425.1	4924652
GCA_900186855.1	3426113
GCA_003004135.1	3426115
GCA_001418255.1	3203428
GCA_001517285.1	3203428
GCA_004569295.1	2688339
GCA_015235405.1	2688339
GCA_000010005.1	2039414
GCA_040142685.1	2039406
GCA_036248025.1	8435804
GCA_036248185.1	8435804
GCA_004570915.1	2276358
GCA_015235015.1	2276358
GCA_031461135.1	2124687
GCA_031461215.1	2124687
GCA_003050465.1	5394028
GCA_963878565.1	5394028
GCA_002241405.1	3902904
GCA_963874495.1	3902904
GCA_002317045.1	4714983
GCA_963875315.1	4714983
GCA_013177435.1	2824877
GCA_020990745.1	2824882
GCA_902486615.1	2091537
GCA_900769035.1	2091537
GCA_041765515.1	3036531
GCA_041765035.1	3036530
GCA_022237045.1	3931234
GCA_022241045.1	3931234
GCA_025559745.1	2939425
GCA_025559725.1	2939423
GCA_025559685.1	2939422
GCA_900053105.1	2074554
GCA_900057145.2	2074546
GCA_002951975.1	1674002
GCA_002952395.1	1674004
GCA_002952435.1	1673998
GCA_002952415.1	1674005
GCA_945830615.1	2213018
GCA_945869645.1	2213018
GCA_014844255.1	3221312
GCA_014844375.1	3221309
GCA_014844475.1	3221306
GCA_014844535.1	3221305
GCA_025058985.1	746211
GCA_033579815.1	746211
GCA_036998925.1	5789960
GCA_026161645.1	5789960
GCA_945828755.1	2393823
GCA_945876365.1	2393823
GCA_016813295.1	4035277
GCA_016813355.1	4035277
GCA_900547505.1	1843617
GCA_902480855.1	1843617
GCA_028463705.1	4073262
GCA_028463645.1	4073260
GCA_037888845.1	4956101
GCA_037888835.1	4956099
GCA_035325245.1	4773960
GCA_036734365.1	4773960
GCA_900318145.1	3235512
GCA_902758215.1	3235512
GCA_003214995.1	742861
GCA_902566885.1	742861
GCA_025460035.1	1603578
GCA_025460085.1	1603583
GCA_025460435.1	1603582
GCA_029855185.1	4641771
GCA_029855225.1	4641767
GCA_029855285.1	4641767
GCA_030234195.1	5601289
GCA_033194975.1	5601289
GCA_949516275.1	1968121
GCA_949522145.1	1968121
GCA_900762475.1	2589662
GCA_902484345.1	2589662
GCA_035395785.1	1717889
GCA_036848415.1	1717889
GCA_900547785.1	1488827
GCA_902479395.1	1488827
GCA_902485745.1	1989769
GCA_900766605.1	1989769
GCA_020389485.1	2754401
GCA_020389565.1	2754399
GCA_949487125.1	764975
GCA_949542235.1	764975
GCA_902486705.1	2777574
GCA_900769075.1	2777574
GCA_900318045.1	3499388
GCA_902759385.1	3499388
GCA_900319325.1	1274194
GCA_902754905.1	1274194
GCA_003312035.1	4189996
GCA_963895855.1	4189996
GCA_000163735.1	2174425
GCA_902374055.1	2174425
GCA_902757895.1	1867782
GCA_900315855.1	1867782
GCA_013304555.1	3396819
GCA_024460575.1	3396819
GCA_000826105.1	4723534
GCA_902375475.1	4723534
GCA_020683985.1	4408917
GCA_020684205.1	4408919
GCA_016342525.1	5008763
GCA_016839055.1	5008763
GCA_036998745.1	5773039
GCA_026162055.1	5773039
GCA_011771365.1	4480624
GCA_011773745.1	4480624
GCA_002000765.1	2950021
GCA_002000665.1	2950020
GCA_002000705.1	2950020
GCA_002000745.1	2950020
GCA_002000725.1	2950019
GCA_900320125.1	2820299
GCA_902757725.1	2820299
GCA_949459295.1	1981977
GCA_949478785.1	1981977
GCA_037076515.1	2791224
GCA_003827735.1	2791218
GCA_001049635.1	2845909
GCA_001049675.1	2845909
GCA_013415205.1	1704623
GCA_015234775.1	1704623
GCA_003287665.1	5489329
GCA_963878325.1	5489329
GCA_025459565.1	1670982
GCA_025459725.1	1670980
GCA_025459745.1	1670977
GCA_025459755.1	1670982
GCA_900314955.1	4012971
GCA_902758155.1	4012971
GCA_900770105.1	3478423
GCA_902487295.1	3478423
GCA_003477405.1	3018774
GCA_902364485.1	3018774
GCA_949543945.1	1169248
GCA_949551935.1	1169248
GCA_036866315.1	4610737
GCA_036865835.1	4610735
GCA_001007935.1	4067838
GCA_024760305.1	4067838
GCA_030131325.1	3907143
GCA_030131505.1	3907143
GCA_030131565.1	3907143
GCA_949503285.1	500242
GCA_949553035.1	500242
GCA_900768075.1	2233925
GCA_902486205.1	2233925
GCA_003207475.1	4458952
GCA_003313525.1	4458952
GCA_900551345.1	1753072
GCA_902482165.1	1753072
GCA_001377855.1	4355346
GCA_001390475.1	4355348
GCA_900055075.1	2076330
GCA_900062045.1	2076327
GCA_029452625.1	3291655
GCA_029452745.1	3291647
GCA_000390265.1	1869612
GCA_000978555.1	1869610
GCA_000978575.1	1869610
GCA_003465905.1	2049854
GCA_902363955.1	2049854
GCA_036866255.1	4518924
GCA_036866235.1	4518917
GCA_949523865.1	1913484
GCA_949538065.1	1913484
GCA_024220955.1	1744399
GCA_024221535.1	1744400
GCA_002447935.1	4411159
GCA_002448035.1	4411157
GCA_001842095.1	4411162
GCA_902760215.1	2281751
GCA_900321515.1	2281751
GCA_900054085.1	2075270
GCA_900063535.1	2075273
GCA_004795975.1	1273530
GCA_004795955.1	1273527
GCA_902757145.1	1940277
GCA_900321065.1	1940277
GCA_900767675.1	2286053
GCA_902486135.1	2286053
GCA_902487925.1	1798350
GCA_900771195.1	1798350
GCA_003212415.1	1084689
GCA_902589275.1	1084689
GCA_007051035.1	6449416
GCA_963885145.1	6449416
GCA_902757295.1	2563270
GCA_900316095.1	2563270
GCA_003210115.1	1331683
GCA_902575355.1	1331683
GCA_003970055.1	6650291
GCA_963882075.1	6650291
GCA_003432465.1	4668082
GCA_963880155.1	4668082
GCA_000612035.1	5004588
GCA_963863795.1	5004588
GCA_902484315.1	1711797
GCA_900762585.1	1711797
GCA_024260655.1	5517180
GCA_024435295.1	5517180
GCA_001712955.1	1139143
GCA_001713155.1	1139138
GCA_001713295.1	1139135
GCA_001761565.1	1139139
GCA_001713315.1	1139137
GCA_900540885.1	2680968
GCA_902480765.1	2680968
GCA_902859675.1	1918914
GCA_963901445.1	1918914
GCA_000092665.1	1042996
GCA_002776915.1	1042998
GCA_003050125.1	5370660
GCA_963878265.1	5370660
GCA_025566985.1	1967735
GCA_902363535.1	1967735
GCA_002252585.1	1926345
GCA_902387325.1	1926345
GCA_020387775.1	5042059
GCA_963895705.1	5042059
GCA_009816535.1	1788491
GCA_009816895.1	1788493
GCA_009817615.1	1788490
GCA_009818055.1	1788487
GCA_009819155.1	1788487
GCA_016917615.1	4552699
GCA_016917635.1	4552700
GCA_016917595.1	4552700
GCA_016917375.1	4552700
GCA_016917435.1	4552699
GCA_035396845.1	3047720
GCA_036777025.1	3047720
GCA_900315455.1	4757724
GCA_902756505.1	4757724
GCA_004009735.1	4107611
GCA_001989095.1	4107607
GCA_035427045.1	2944367
GCA_036827345.1	2944367
GCA_902487305.1	1103913
GCA_900770045.1	1103913
GCA_902758765.1	1927582
GCA_900321225.1	1927582
GCA_003437625.1	2802641
GCA_902399785.1	2802641
GCA_900767375.1	1789928
GCA_902485865.1	1789928
GCA_013331485.1	1042332
GCA_003672205.1	1042332
GCA_902702755.1	2042889
GCA_014843095.1	2042887
GCA_900321995.1	1898193
GCA_902760145.1	1898193
GCA_025218415.1	5334023
GCA_032192565.1	5334023
GCA_026133685.1	5531066
GCA_026198775.1	5531066
GCA_949487165.1	2472279
GCA_949550605.1	2472279
GCA_035329845.1	2513286
GCA_036734305.1	2513286
GCA_041199905.1	3103432
GCA_041199915.1	3103432
GCA_900770265.1	1967662
GCA_902487265.1	1967662
GCA_014058465.1	2277198
GCA_014058485.1	2277198
GCA_014058585.1	2277198
GCA_014058605.1	2277198
GCA_014058665.1	2277198
GCA_014058625.1	2277197
GCA_014058645.1	2277197
GCA_900317675.1	1982930
GCA_902758635.1	1982930
GCA_003278085.1	1266754
GCA_902559595.1	1266754
GCA_900771485.1	2060420
GCA_902488025.1	2060420
GCA_902483105.1	2929430
GCA_900541215.1	2929430
GCA_003205135.1	3661035
GCA_004921305.1	3661035
GCA_001469965.1	2292855
GCA_001641825.1	2292855
GCA_022407295.1	4103224
GCA_001987075.1	4103220
GCA_001987175.1	4103217
GCA_900769565.1	1484614
GCA_902486965.1	1484614
GCA_035394285.1	1434023
GCA_036774465.1	1434023
GCA_008802595.1	6420646
GCA_026126925.1	6420646
GCA_005844425.1	2027776
GCA_015552365.1	2027776
GCA_902483675.1	1972106
GCA_900760475.1	1972106
GCA_003477985.1	4193207
GCA_902364295.1	4193207
GCA_001418245.1	2259819
GCA_001517365.1	2259819
GCA_900766585.1	2381083
GCA_902485575.1	2381083
GCA_001436125.1	1926334
GCA_902386305.1	1926334
GCA_900760925.1	2769713
GCA_902483595.1	2769713
GCA_003215235.1	1065802
GCA_902564835.1	1065802
GCA_035397265.1	3536575
GCA_036745795.1	3536575
GCA_030130725.1	3849021
GCA_030131425.1	3849021
GCA_028807115.1	4253751
GCA_028807155.1	4253751
GCA_035394565.1	2155392
GCA_036828325.1	2155392
GCA_900540785.1	3168635
GCA_902481615.1	3168635
GCA_024260545.1	5573060
GCA_024435135.1	5573060
GCA_003280495.1	842054
GCA_902540505.1	842054
GCA_006971245.1	2337545
GCA_002953955.1	2337541
GCA_900767755.1	1993474
GCA_902486145.1	1993474
GCA_023655445.1	2779633
GCA_023655745.1	2779632
GCA_023657275.1	2779632
GCA_006385285.1	4807035
GCA_006385485.1	4807035
GCA_009913495.1	4100473
GCA_009913375.1	4100472
GCA_035323125.1	3493464
GCA_036772335.1	3493464
GCA_035393945.1	2463170
GCA_036795415.1	2463170
GCA_900068875.1	9754510
GCA_900068885.1	9754510
GCA_900759815.1	2346212
GCA_902483445.1	2346212
GCA_945827755.1	2027408
GCA_945875365.1	2027408
GCA_902467555.1	1578561
GCA_900553125.1	1578561
GCA_902486385.1	1782337
GCA_900768745.1	1782337
GCA_020051905.1	4207972
GCA_020061465.1	4207972
GCA_903642125.2	2360362
GCA_963901475.1	2360362
GCA_003281085.1	954793
GCA_902535815.1	954793
GCA_002946555.2	4093145
GCA_002946515.2	4093143
GCA_900555915.1	1933519
GCA_902483255.1	1933519
GCA_035427145.1	2064676
GCA_036824585.1	2064676
GCA_900769885.1	1678929
GCA_902487125.1	1678929
GCA_000463345.3	4971757
GCA_002847015.1	4971756
GCA_902364365.1	6486514
GCA_003474285.1	6486514
GCA_000269565.1	3861289
GCA_902374685.1	3861289
GCA_035398785.1	1363012
GCA_036806065.1	1363012
GCA_019839325.1	1610063
GCA_019839235.1	1610061
GCA_019839285.1	1610063
GCA_902375285.1	4108375
GCA_000527275.1	4108375
GCA_006366735.1	4074076
GCA_026805125.1	4074076
GCA_900315485.1	2524716
GCA_902756305.1	2524716
GCA_900316445.1	4041420
GCA_902758285.1	4041420
GCA_000259915.1	2233070
GCA_001190115.1	2233070
GCA_014844755.1	3261163
GCA_014844735.1	3261159
GCA_016134915.1	6552683
GCA_021497285.1	6552683
GCA_000008445.1	5503926
GCA_000022865.1	5503926
GCA_014249775.1	5503926
GCA_015557435.1	2374434
GCA_039758935.1	2374434
GCA_003208675.1	3906813
GCA_900116375.1	3906813
GCA_035619215.1	2361880
GCA_035619235.1	2361880
GCA_040430575.1	5262801
GCA_040430655.1	5262801
GCA_013112715.1	5550143
GCA_016743555.1	5550143
GCA_949517985.1	1947115
GCA_949548085.1	1947115
GCA_035435505.1	2276961
GCA_036817925.1	2276961
GCA_963900155.1	3137644
GCA_902498745.1	3137644
GCA_003629935.1	6319499
GCA_963879335.1	6319499
GCA_009649915.1	4938529
GCA_009650415.1	4938529
GCA_949546915.1	2452510
GCA_949550375.1	2452510
GCA_003259365.1	8956806
GCA_009862305.1	8956806
GCA_003023805.1	5264779
GCA_902387575.1	5264779
GCA_019683715.1	3144294
GCA_023511585.1	3144294
GCA_009915635.1	3910755
GCA_963885725.1	3910755
GCA_034651635.1	5561554
GCA_040796725.1	5561554
GCA_902363985.1	2098592
GCA_003479805.1	2098592
GCA_002356855.1	1283994
GCA_002356915.1	1283994
GCA_003467125.1	2876808
GCA_902365025.1	2876808
GCA_900321965.1	2923055
GCA_902758565.1	2923055
GCA_005844435.1	2084952
GCA_015671015.1	2084952
GCA_009816485.1	1788514
GCA_009814475.1	1788506
GCA_009816565.1	1788514
GCA_009816975.1	1788508
GCA_004847585.1	4808479
GCA_004848145.1	4808481
GCA_004847505.1	4808476
GCA_004847145.1	4808478
GCA_003586715.1	2941624
GCA_902386675.1	2941624
GCA_001262715.1	1261374
GCA_001513715.1	1261375
GCA_900762605.1	5094537
GCA_902484405.1	5094537
GCA_902385425.1	4475735
GCA_003438995.1	4475735
GCA_900766215.1	1914287
GCA_902485185.1	1914287
GCA_902170305.1	5007657
GCA_963901175.1	5007657
GCA_900321635.1	1827585
GCA_902756045.1	1827585
GCA_017329305.1	2769460
GCA_017328685.1	2769458
GCA_025567165.1	3561714
GCA_902362725.1	3561714
GCA_001893875.1	4969120
GCA_001893905.1	4969120
GCA_001766355.1	3431804
GCA_001766275.1	3431799
GCA_013330165.1	1065655
GCA_003672415.1	1065655
GCA_036838945.1	2630089
GCA_035396725.1	2630089
GCA_015999565.1	3915550
GCA_023115375.1	3915550
GCA_008367895.1	3915550
GCA_020539465.1	4843731
GCA_020858795.1	4843733
GCA_900319585.1	1958703
GCA_902759035.1	1958703
GCA_009910945.1	1867499
GCA_016605745.1	1867499
GCA_902759345.1	1891157
GCA_900317315.1	1891157
GCA_002241265.1	3624696
GCA_963874265.1	3624696
GCA_035405065.1	2375266
GCA_036847645.1	2375266
GCA_902484385.1	2215926
GCA_900762965.1	2215926
GCA_012276815.1	2650426
GCA_012276855.1	2650426
GCA_900478135.1	3976274
GCA_902386615.1	3976274
GCA_030719785.1	1670869
GCA_030719905.1	1670869
GCA_030719945.1	1670868
GCA_030720305.1	1670867
GCA_030719385.1	1670865
GCA_030719805.1	1670865
GCA_030720005.1	1670865
GCA_027359825.1	2851643
GCA_027359915.1	2851643
GCA_000243215.1	3773011
GCA_902374615.1	3773011
GCA_035394885.1	2009749
GCA_036725135.1	2009749
GCA_900541715.1	1990751
GCA_902481225.1	1990751
GCA_002900865.1	4158865
GCA_002900885.1	4158865
GCA_020881335.1	4621771
GCA_963894935.1	4621771
GCA_014926245.2	5843889
GCA_028462395.1	5843889
GCA_009626655.1	4773807
GCA_009626155.1	4773805
GCA_015557285.1	2045520
GCA_028328315.1	2045520
GCA_024260605.1	5491750
GCA_024435255.1	5491750
GCA_035395605.1	2534104
GCA_036849395.1	2534104
GCA_900315675.1	3618630
GCA_902756145.1	3618630
GCA_015553015.1	1964791
GCA_039756775.1	1964791
GCA_000513135.1	4740369
GCA_001315085.1	4740369
GCA_025059545.1	1490003
GCA_033580175.1	1490003
GCA_021848765.1	3327853
GCA_028065635.1	3327853
GCA_006511345.1	2764300
GCA_006511685.1	2764300
GCA_015551275.1	6091855
GCA_039760995.1	6091855
GCA_003149165.1	3511778
GCA_900217845.1	3511778
GCA_900557735.1	3134352
GCA_902482575.1	3134352
GCA_000145315.2	3663932
GCA_902373605.1	3663932
GCA_014900155.1	4409038
GCA_020683885.1	4409045
GCA_000660625.1	4409044
GCA_040400385.1	2226486
GCA_900087725.2	2226486
GCA_900516625.2	5768755
GCA_902157265.1	5768755
GCA_900771945.1	1225701
GCA_902488125.1	1225701
GCA_902759575.1	904095
GCA_900321795.1	904095
GCA_000513595.1	3032624
GCA_000513635.1	3032624
GCA_000513655.1	3032624
GCA_002213585.1	3032624
GCA_902486115.1	1003444
GCA_900767715.1	1003444
GCA_000412335.2	4886981
GCA_902375075.1	4886981
GCA_035393405.1	1990677
GCA_036771955.1	1990677
GCA_035435285.1	2757117
GCA_036780665.1	2757117
GCA_949518935.1	2179656
GCA_949544575.1	2179656
GCA_900770665.1	2461139
GCA_902487585.1	2461139
GCA_902373985.1	2436766
GCA_000158495.1	2436766
GCA_900550275.1	2326356
GCA_902481045.1	2326356
GCA_036736605.1	2083308
GCA_035398705.1	2083308
GCA_002881575.1	1848972
GCA_002881235.1	1848971
GCA_902758085.1	3036666
GCA_900314645.1	3036666
GCA_013402135.1	2879624
GCA_013402355.1	2879625
GCA_949496515.1	1333802
GCA_949519315.1	1333802
GCA_037056125.1	2958494
GCA_037055935.1	2958488
GCA_001044745.1	5414722
GCA_902386225.1	5414722
GCA_900768805.1	2158154
GCA_902486435.1	2158154
GCA_005843885.1	5120753
GCA_005781185.1	5120753
GCA_024662475.1	7284104
GCA_024662735.1	7284104
GCA_024662895.1	7284104
GCA_024663375.1	7284104
GCA_024663895.1	7284104
GCA_024664155.1	7284104
GCA_024664175.1	7284104
GCA_024663615.1	7284098
GCA_024663995.1	7284098
GCA_025604105.1	4688330
GCA_040751055.1	4688330
GCA_009372075.1	3371741
GCA_009607675.1	3371741
GCA_035395145.1	1890130
GCA_036735145.1	1890130
GCA_902480145.1	2686801
GCA_900550095.1	2686801
GCA_003209875.1	743757
GCA_902583015.1	743757
GCA_001404575.1	4305808
GCA_902362625.1	4305808
GCA_035395465.1	1776807
GCA_036798205.1	1776807
GCA_900446015.1	3303043
GCA_000245835.1	3303039
GCA_900769525.1	1583718
GCA_902486905.1	1583718
GCA_949516215.1	1568158
GCA_949541655.1	1568158
GCA_000173495.1	1043182
GCA_000173475.1	1043181
GCA_000590715.1	1043181
GCA_900767015.1	2333717
GCA_902485765.1	2333717
GCA_002835995.1	4749264
GCA_963877255.1	4749264
GCA_000160455.2	2123925
GCA_902374045.1	2123925
GCA_012029585.1	4781662
GCA_963888625.1	4781662
GCA_019374985.1	5421180
GCA_009600675.1	5421180
GCA_030234395.1	5822685
GCA_033195095.1	5822685
GCA_013043065.1	4335650
GCA_018678325.1	4335650
GCA_005222345.1	5531321
GCA_001753545.1	5531320
GCA_902488245.1	1306285
GCA_900772745.1	1306285
GCA_002171775.2	1730803
GCA_002700485.1	1730803
GCA_000628225.1	1832587
GCA_000628625.1	1832593
GCA_001729005.1	4781805
GCA_963870135.1	4781805
GCA_949521935.1	1244205
GCA_949523785.1	1244205
GCA_035327085.1	4103148
GCA_036822335.1	4103148
GCA_028540465.1	3122330
GCA_028540805.1	3122327
GCA_035404945.1	2539547
GCA_036825175.1	2539547
GCA_003464085.1	4360356
GCA_902366925.1	4360356
GCA_024221115.1	1713836
GCA_024221285.1	1713840
GCA_002632875.1	4127775
GCA_963876105.1	4127775
GCA_001308065.1	4641665
GCA_009800245.1	4641661
GCA_902364875.1	2516774
GCA_003469815.1	2516774
GCA_949282055.1	1753524
GCA_949282005.1	1753518
GCA_902758955.1	2819502
GCA_900319695.1	2819502
GCA_029285035.1	4067442
GCA_029285045.1	4067441
GCA_900320955.1	2291898
GCA_902758515.1	2291898
GCA_945830645.1	2852751
GCA_945863655.1	2852751
GCA_025567465.1	2871164
GCA_900066395.1	2871164
GCA_003214615.1	1142243
GCA_902567835.1	1142243
GCA_949429105.1	2053891
GCA_949461725.1	2053891
GCA_949462175.1	2053891
GCA_900319885.1	1201259
GCA_902758755.1	1201259
GCA_032279645.1	4104319
GCA_004007475.1	4104318
GCA_010858045.1	6445564
GCA_963887355.1	6445564
GCA_900095845.1	1925331
GCA_902376125.1	1925331
GCA_009796365.1	2213024
GCA_009796895.1	2213024
GCA_036237115.1	6967503
GCA_036233515.1	6967501
GCA_001956895.1	3184301
GCA_022342445.1	3184301
GCA_019270135.1	4733683
GCA_019378855.1	4733683
GCA_019269135.1	4733683
GCA_019269295.1	4733683
GCA_019269415.1	4733683
GCA_019270155.1	4733682
GCA_003350165.1	4463252
GCA_963879285.1	4463252
GCA_900770055.1	1902494
GCA_902487225.1	1902494
GCA_035329765.1	1037878
GCA_036788695.1	1037878
GCA_900766245.1	1815915
GCA_902485525.1	1815915
GCA_002875005.1	5596074
GCA_963877665.1	5596074
GCA_900556655.1	2985142
GCA_902480885.1	2985142
GCA_900761215.1	1263407
GCA_902483895.1	1263407
GCA_900541195.1	2113240
GCA_902483345.1	2113240
GCA_949497265.1	2082090
GCA_949544225.1	2082090
GCA_949487275.1	2142197
GCA_949523195.1	2142197
GCA_002859545.1	2342911
GCA_002859245.1	2342910
GCA_017832315.1	4704906
GCA_017833255.1	4704906
GCA_018727785.1	1689585
GCA_958296365.1	1689585
GCA_002945855.1	4119932
GCA_002946195.1	4119929
GCA_002632825.1	4668612
GCA_963876825.1	4668612
GCA_000154405.1	1703872
GCA_902373675.1	1703872
GCA_949429055.1	2285287
GCA_949460505.1	2285287
GCA_949464205.1	2285287
GCA_902758105.1	1482811
GCA_900313625.1	1482811
GCA_003478175.1	2830308
GCA_902385265.1	2830308
GCA_040374935.1	2211894
GCA_900087875.2	2211894
GCA_039649375.1	2944751
GCA_039747995.1	2944751
GCA_003672685.1	1724669
GCA_013330925.1	1724669
GCA_030719605.1	1670855
GCA_030720165.1	1670855
GCA_030720145.1	1670854
GCA_030736775.1	1670852
GCA_030720765.1	1670850
GCA_030720085.1	1670848
GCA_030719745.1	1670847
GCA_030720385.1	1670847
GCA_003384625.1	2543034
GCA_005937785.1	2543034
GCA_949538125.1	1599375
GCA_949550545.1	1599375
GCA_002775875.1	3022415
GCA_002776135.1	3022424
GCA_002776055.1	3022420
GCA_902508095.1	5794436
GCA_963901105.1	5794436
GCA_009707135.1	2099300
GCA_013623475.1	2099300
GCA_902363875.1	2308647
GCA_003465595.1	2308647
GCA_015553305.1	2908332
GCA_039758715.1	2908332
GCA_001997935.1	4411532
GCA_002000925.1	4411532
GCA_002000965.1	4411532
GCA_001998645.1	4411532
GCA_001997425.1	4411532
GCA_021327715.1	2826239
GCA_040529695.1	2826239
GCA_001913195.1	3005352
GCA_001952795.1	3005348
GCA_000447435.2	4767351
GCA_963864675.1	4767351
GCA_025058955.1	1089245
GCA_033580105.1	1089245
GCA_006246515.1	4414981
GCA_963882925.1	4414981
GCA_002128795.1	4385818
GCA_001849325.1	4385822
GCA_004635825.1	4104254
GCA_001987155.1	4104253
GCA_004636805.1	4104253
GCA_001985885.1	4104251
GCA_001987135.1	4104251
GCA_019780225.1	3000710
GCA_028745925.1	3000710
GCA_023267875.1	1473345
GCA_023268205.1	1473345
GCA_029027705.1	4792813
GCA_029027825.1	4792813
GCA_002863825.3	4632139
GCA_024734705.1	4632138
GCA_902759815.1	1639296
GCA_900321845.1	1639296
GCA_035397305.1	2936000
GCA_036769925.1	2936000
GCA_902756275.1	3217158
GCA_900315955.1	3217158
GCA_902759615.1	1773173
GCA_900320385.1	1773173
GCA_902755195.1	3671336
GCA_900318465.1	3671336
GCA_016775745.1	2901393
GCA_026976295.1	2901392
GCA_016745555.1	3884318
GCA_016745795.1	3884320
GCA_007954785.1	1903250
GCA_008033195.1	1903247
GCA_020053455.1	824570
GCA_020060725.1	824570
GCA_900541795.1	2138240
GCA_902481055.1	2138240
GCA_003287575.1	5109397
GCA_963878305.1	5109397
GCA_019265425.1	2886481
GCA_019285495.1	2886481
GCA_003311865.1	4082510
GCA_963878505.1	4082510
GCA_025572565.1	5732660
GCA_026154085.1	5732660
GCA_902386065.1	3953404
GCA_000580495.2	3953404
GCA_000934625.1	1991969
GCA_024665555.1	1991969
GCA_000022665.2	4558953
GCA_000009565.2	4558947
GCA_011189575.1	4899918
GCA_963888115.1	4899918
GCA_005844625.1	4697768
GCA_015559205.1	4697768
GCA_001368915.1	4015175
GCA_902381785.1	4015175
GCA_949447585.1	3175893
GCA_949478685.1	3175893
GCA_949523245.1	3175893
GCA_001319605.1	4682140
GCA_963870125.1	4682140
GCA_002158885.1	2129370
GCA_902386655.1	2129370
GCA_003265515.1	4706728
GCA_900491655.1	4706728
GCA_963900125.1	4706728
GCA_900320615.1	2133517
GCA_902757495.1	2133517
GCA_949544505.1	1307697
GCA_949544655.1	1307697
GCA_013295725.1	6140143
GCA_013296425.1	6140140
GCA_004194455.2	6157093
GCA_004194435.2	6157090
GCA_002919395.1	3133800
GCA_002919195.1	3133800
GCA_007666305.1	2397941
GCA_007666895.1	2397939
GCA_900319735.1	2677877
GCA_902758935.1	2677877
GCA_026128735.1	5552561
GCA_026198575.1	5552561
GCA_902758355.1	2743039
GCA_900321275.1	2743039
GCA_030234345.1	5583773
GCA_033194955.1	5583773
GCA_035329785.1	3430013
GCA_036734285.1	3430013
GCA_902385435.1	3837179
GCA_003481655.1	3837179
GCA_014855505.1	4402645
GCA_022761095.1	4402645
GCA_002204205.1	5471451
GCA_963874245.1	5471451
GCA_008083965.1	4339618
GCA_963885435.1	4339618
GCA_902759155.1	2906013
GCA_900317895.1	2906013
GCA_902759845.1	2314349
GCA_900318355.1	2314349
GCA_005844775.1	6737043
GCA_015668735.1	6737043
GCA_016814755.1	4315149
GCA_016814975.1	4315149
GCA_020714645.1	4713645
GCA_020715265.1	4713643
GCA_020715505.1	4713642
GCA_003954595.1	3989361
GCA_024589495.1	3989365
GCA_900313235.1	2857474
GCA_902758125.1	2857474
GCA_902755415.1	2963161
GCA_900317125.1	2963161
GCA_006367395.1	3885146
GCA_026805095.1	3885146
GCA_002967725.1	7743453
GCA_003044115.1	7743453
GCA_000404145.1	3350620
GCA_000404185.1	3350619
GCA_001987315.1	4107435
GCA_001987835.1	4107434
GCA_004634705.1	4107434
GCA_001986105.1	4107433
GCA_004009575.1	4107433
GCA_001605255.1	4107431
GCA_001988755.1	4107431
GCA_004635505.1	4107431
GCA_004635525.1	4107431
GCA_001986045.1	4107430
GCA_004637265.1	4107429
GCA_001988475.1	4107428
GCA_001987275.1	4107427
GCA_004007335.1	4107426
GCA_948703265.1	900119
GCA_949001325.1	900119
GCA_000987925.1	4837317
GCA_001304755.1	4837316
GCA_900541105.1	2021430
GCA_902481875.1	2021430
GCA_001655375.1	1050509
GCA_001655415.1	1050505
GCA_900184885.1	2859163
GCA_900184965.1	2859163
GCA_900769325.1	2560433
GCA_902486765.1	2560433
GCA_900580925.1	6866515
GCA_963900185.1	6866515
GCA_033657925.1	2518936
GCA_033659425.1	2518936
GCA_035400165.1	5065366
GCA_036787495.1	5065366
GCA_001435665.1	1537388
GCA_902375705.1	1537388
GCA_020406855.1	4692947
GCA_022507295.1	4692947
GCA_009192655.1	2079174
GCA_009192665.1	2079174
GCA_001376615.1	4356693
GCA_001377935.1	4356687
GCA_035324915.1	2764857
GCA_036734265.1	2764857
GCA_000304255.1	5077949
GCA_001244915.1	5077949
GCA_035396645.1	2141812
GCA_036773925.1	2141812
GCA_036998625.1	5802786
GCA_026161545.1	5802786
GCA_902754945.1	2068976
GCA_900317265.1	2068976
GCA_016803535.1	2860498
GCA_016803575.1	2860496
GCA_016803715.1	2860500
GCA_016803775.1	2860499
GCA_016803515.1	2860500
GCA_016803695.1	2860496
GCA_001691055.1	4638003
GCA_963869845.1	4638003
GCA_035325285.1	6204061
GCA_036826495.1	6204061
GCA_902488275.1	2015028
GCA_900772485.1	2015028
GCA_026011355.1	4600560
GCA_030385835.1	4600560
GCA_902756385.1	2566507
GCA_900317035.1	2566507
GCA_900543935.1	2679802
GCA_902480945.1	2679802
GCA_019265165.1	2043655
GCA_019265205.1	2043655
GCA_003213615.1	1279565
GCA_902571845.1	1279565
GCA_011774205.1	6337027
GCA_011777055.1	6337027
GCA_017115585.1	3164623
GCA_901284455.1	3164623
GCA_003050255.1	5402029
GCA_963879005.1	5402029
GCA_036311845.1	2823743
GCA_037483005.1	2823743
GCA_035398265.1	4365775
GCA_036759185.1	4365775
GCA_032738975.1	5597247
GCA_035020285.1	5597247
GCA_003283905.1	1134287
GCA_902512745.1	1134287
GCA_004635225.1	4110584
GCA_004634585.1	4110583
GCA_004635145.1	4110583
GCA_004636545.1	4110583
GCA_004634825.1	4110582
GCA_004635345.1	4110582
GCA_004635245.1	4110581
GCA_004635165.1	4110580
GCA_004635205.1	4110580
GCA_004635265.1	4110580
GCA_004636565.1	4110580
GCA_004771055.1	4110580
GCA_004635105.1	4110579
GCA_004635125.1	4110579
GCA_004635445.1	4110579
GCA_022407135.1	4110579
GCA_004634725.1	4110578
GCA_004634805.1	4110578
GCA_004635185.1	4110577
GCA_004635285.1	4110577
GCA_004635325.1	4110577
GCA_004635365.1	4110576
GCA_004635425.1	4110576
GCA_948774265.1	1838592
GCA_949077125.1	1838592
GCA_900111775.1	3683125
GCA_007051125.1	3683125
GCA_900556975.1	1736572
GCA_902479595.1	1736572
GCA_902488315.1	2408138
GCA_900772925.1	2408138
GCA_902757005.1	1958931
GCA_900317855.1	1958931
GCA_009765545.1	4906861
GCA_009793745.1	4906861
GCA_035397165.1	845300
GCA_036781855.1	845300
GCA_001267815.1	1085764
GCA_900489825.1	1085764
GCA_900318895.1	2810551
GCA_902758735.1	2810551
GCA_002760695.1	4007735
GCA_002760835.1	4007735
GCA_902758815.1	2086324
GCA_900318325.1	2086324
GCA_004768745.1	5256558
GCA_024296805.1	5256558
GCA_902804035.1	2799766
GCA_900314195.1	2799766
GCA_947581615.1	3341153
GCA_030689495.1	3341153
GCA_022237085.1	4075060
GCA_022238725.1	4075059
GCA_022238905.1	4075059
GCA_014237275.1	5093090
GCA_014237465.1	5093090
GCA_002241155.1	3722593
GCA_963874325.1	3722593
GCA_902374955.1	4588940
GCA_000321185.1	4588940
GCA_035398385.1	1951494
GCA_036807245.1	1951494
GCA_016425165.1	2725482
GCA_016424525.1	2725479
GCA_902757165.1	2084691
GCA_900318185.1	2084691
GCA_022096825.1	2266433
GCA_023136245.1	2266433
GCA_014142175.1	8955590
GCA_014142465.1	8955593
GCA_901600665.1	2039591
GCA_901600705.1	2039591
GCA_017115285.1	3104117
GCA_017115685.1	3104117
GCA_902652715.1	3104118
GCA_902652805.1	3104118
GCA_033166735.1	2136646
GCA_033169215.1	2136646
GCA_900764785.1	1776527
GCA_902484805.1	1776527
GCA_013348965.1	5882289
GCA_013349085.1	5882292
GCA_949540555.1	2446649
GCA_949544745.1	2446649
GCA_003259005.1	9085640
GCA_009754885.1	9085640
GCA_003282445.1	1070993
GCA_902520235.1	1070993
GCA_002965585.1	5516841
GCA_963877005.1	5516841
GCA_035325165.1	5230552
GCA_036735925.1	5230552
GCA_020687645.1	1746378
GCA_022128085.1	1746378
GCA_002969175.1	6148198
GCA_013294275.1	6148204
GCA_035327045.1	7105026
GCA_036822395.1	7105026
GCA_000788515.1	3965905
GCA_000788775.1	3965905
GCA_035397175.1	4182254
GCA_036769865.1	4182254
GCA_035329425.1	3684375
GCA_036788615.1	3684375
GCA_902363845.1	2287507
GCA_003465685.1	2287507
GCA_017115205.1	3104037
GCA_902652795.1	3104037
GCA_030234275.1	5835834
GCA_033195015.1	5835834
GCA_013043215.1	3325008
GCA_018831225.1	3325008
GCA_003184045.1	4845100
GCA_902387665.1	4845100
GCA_900541335.1	2416856
GCA_902479405.1	2416856
GCA_000364385.3	5781501
GCA_028596205.1	5781499
GCA_002078335.1	1480876
GCA_000284055.1	1480884
GCA_036838285.1	1399842
GCA_035393685.1	1399842
GCA_030345415.1	4687476
GCA_030345435.1	4687476
GCA_030345455.1	4687476
GCA_030345475.1	4687476
GCA_030345495.1	4687476
GCA_030345515.1	4687476
GCA_030345535.1	4687476
GCA_030345555.1	4687476
GCA_030345575.1	4687476
GCA_030345595.1	4687476
GCA_030345615.1	4687476
GCA_030345635.1	4687476
GCA_902758975.1	2074547
GCA_900320595.1	2074547
GCA_003212315.1	2670740
GCA_902592405.1	2670740
GCA_014884625.1	4400017
GCA_014899905.1	4400017
GCA_025058315.1	1316008
GCA_033579495.1	1316008
GCA_002356255.1	4399916
GCA_000659285.1	4399918
GCA_900322155.1	2928012
GCA_902755905.1	2928012
GCA_040746155.1	3782989
GCA_040746195.1	3782987
GCA_040746265.1	3782987
GCA_040746365.1	3782987
GCA_015656775.1	2210846
GCA_904501915.1	2210846
GCA_017846755.1	1638091
GCA_014874875.1	1638091
GCA_019688965.1	6324113
GCA_019689035.1	6324113
GCA_009746155.1	5562901
GCA_013187345.1	5562901
GCA_016126915.1	2696014
GCA_900637065.1	2696013
GCA_018361045.1	4909043
GCA_018361085.1	4909042
GCA_013149685.1	5110162
GCA_013407205.1	5110159
GCA_000773015.1	4512819
GCA_002200835.1	4512819
GCA_948617435.1	2428479
GCA_948943895.1	2428479
GCA_030236665.1	5837823
GCA_033195055.1	5837823
GCA_009731485.1	1279369
GCA_009731505.1	1279369
GCA_009731525.1	1279369
GCA_902758395.1	1939544
GCA_900317965.1	1939544
GCA_003047005.1	3893072
GCA_003047025.1	3893071
GCA_035427185.1	4745699
GCA_036720005.1	4745699
GCA_016924855.1	5056401
GCA_016924875.1	5056401
GCA_900538345.1	1971073
GCA_902479845.1	1971073
GCA_004564655.1	2730748
GCA_004564685.1	2730745
GCA_000785665.1	4386383
GCA_963863785.1	4386383
GCA_902755095.1	2063325
GCA_900313145.1	2063325
GCA_025567305.1	2648172
GCA_902362435.1	2648172
GCA_022869965.1	4951425
GCA_033403855.1	4951428
GCA_949529365.1	4929717
GCA_949533935.1	4929717
GCA_003584135.1	4331673
GCA_008017365.1	4331673
GCA_001986085.1	4105353
GCA_001988655.1	4105353
GCA_004007535.1	4105353
GCA_004009015.1	4105351
GCA_001605545.1	4105350
GCA_001605625.1	4105348
GCA_004636025.1	4105348
GCA_001988835.1	4105347
GCA_004009695.1	4105347
GCA_004636305.1	4105346
GCA_949004065.1	1866168
GCA_949017815.1	1866168
GCA_002000945.1	4411532
GCA_001998075.1	4411532
GCA_001997725.1	4411532
GCA_001998225.1	4411532
GCA_001997975.1	4411532
GCA_001997805.1	4411532
GCA_001997775.1	4411532
GCA_001997625.1	4411532
GCA_001997465.1	4411532
GCA_001997665.1	4411532
GCA_001997525.1	4411532
GCA_001997585.1	4411532
GCA_001997545.1	4411532
GCA_001997605.1	4411532
GCA_005472315.1	1846182
GCA_005472655.1	1846182
GCA_900275615.1	7787369
GCA_900626115.1	7787369
GCA_026128705.1	5796948
GCA_026198535.1	5796948
GCA_900769725.1	2741496
GCA_902486935.1	2741496
GCA_000730405.1	2338144
GCA_000730365.1	2338139
GCA_900320075.1	2371335
GCA_902758315.1	2371335
GCA_949538195.1	1271170
GCA_949540635.1	1271170
GCA_900553705.1	1702678
GCA_902481865.1	1702678
GCA_035435165.1	2845257
GCA_036774725.1	2845257
GCA_900766165.1	2070322
GCA_902485125.1	2070322
GCA_007786215.1	4215468
GCA_963884875.1	4215468
GCA_005844845.1	5684644
GCA_015548595.1	5684644
GCA_900066205.1	3675824
GCA_902362565.1	3675824
GCA_003283765.1	1201907
GCA_902511355.1	1201907
GCA_001319565.1	4872883
GCA_902387515.1	4872883
GCA_900762045.1	1679770
GCA_902484165.1	1679770
GCA_023573405.1	3890418
GCA_023573485.1	3890419
GCA_011765215.1	4467037
GCA_963888175.1	4467037
GCA_003205175.1	3389936
GCA_004921505.1	3389936
GCA_029228665.1	5162307
GCA_029228795.1	5162311
GCA_020052765.1	1754135
GCA_020060405.1	1754135
GCA_949478285.1	2368961
GCA_949479225.1	2368961
GCA_008868045.1	5510169
GCA_009746185.1	5510169
GCA_019249355.1	5510169
GCA_001299475.1	1920334
GCA_902375635.1	1920334
GCA_005281835.1	5189300
GCA_019350925.1	5189300
GCA_014237215.1	4414841
GCA_014237435.1	4414841
GCA_902381735.1	1932823
GCA_000507865.1	1932823
GCA_036671685.1	2450675
GCA_036671705.1	2450674
GCA_030131155.1	4040268
GCA_030129925.1	4040268
GCA_949487085.1	5027560
GCA_949550615.1	5027560
GCA_015656365.1	1081474
GCA_904502045.1	1081474
GCA_009627615.1	3695489
GCA_009627595.1	3695488
GCA_004296435.1	5001549
GCA_014169715.1	5001549
GCA_035400355.1	3167342
GCA_036792135.1	3167342
GCA_035393625.1	3491159
GCA_036792095.1	3491159
GCA_029909535.1	1668658
GCA_029909695.1	1668658
GCA_003279715.1	1218852
GCA_902555825.1	1218852
GCA_003814345.1	4681481
GCA_003798305.1	4681477
GCA_015668065.1	4260374
GCA_028327755.1	4260374
GCA_015354825.1	2333834
GCA_036400675.1	2333834
GCA_002847845.2	2622382
GCA_030222485.2	2622382
GCA_028882235.1	2087732
GCA_037093045.1	2087732
GCA_020783835.1	4783899
GCA_020784105.1	4783897
GCA_002997815.1	1072952
GCA_002997935.1	1072952
GCA_002997975.1	1072952
GCA_002998035.1	1072951
GCA_014930955.1	1072949
GCA_002997915.1	1072948
GCA_002998175.1	1072948
GCA_002997995.1	1072947
GCA_002998235.1	1072947
GCA_002998015.1	1072945
GCA_000767405.1	1072952
GCA_000767445.1	1072952
GCA_003433255.1	1072952
GCA_000772145.1	1072951
GCA_000709455.1	1072952
GCA_000830965.1	1072952
GCA_000830945.1	1072951
GCA_001752945.1	3404196
GCA_003004155.1	3404198
GCA_035330005.1	3950356
GCA_036832515.1	3950356
GCA_035328625.1	2985919
GCA_036770985.1	2985919
GCA_902754875.1	2198927
GCA_900316725.1	2198927
GCA_036997825.1	5753094
GCA_026161665.1	5753094
GCA_036997945.1	5543000
GCA_026162345.1	5543000
GCA_003215215.1	1133596
GCA_902564675.1	1133596
GCA_029284755.1	4067898
GCA_029285115.1	4067898
GCA_029285315.1	4067897
GCA_029285375.1	4067897
GCA_029285405.1	4067897
GCA_029284935.1	4067897
GCA_029284945.1	4067896
GCA_035398325.1	1947927
GCA_036827205.1	1947927
GCA_016917415.1	4552575
GCA_016917475.1	4552575
GCA_016917675.1	4552575
GCA_030379035.1	5405291
GCA_030382785.1	5405291
GCA_902757325.1	1819388
GCA_900317135.1	1819388
GCA_020685295.1	1718394
GCA_022127825.1	1718394
GCA_035396565.1	1815619
GCA_036781915.1	1815619
GCA_948842095.1	1894267
GCA_949396545.1	1894267
GCA_040088945.1	7746065
GCA_040089035.1	7746064
GCA_040543505.1	2781053
GCA_040543485.1	2781050
GCA_002213705.1	3032209
GCA_002213725.1	3032209
GCA_902485885.1	1222957
GCA_900767525.1	1222957
GCA_902756935.1	3040638
GCA_900316155.1	3040638
GCA_004745385.1	4932766
GCA_963882595.1	4932766
GCA_001375555.1	3755739
GCA_902375755.1	3755739
GCA_902759865.1	2017917
GCA_900321265.1	2017917
GCA_014844495.1	3221293
GCA_014844355.1	3221291
GCA_014844515.1	3221290
GCA_036999485.1	5553034
GCA_026163855.1	5553034
GCA_017357165.1	4104145
GCA_001988215.1	4104135
GCA_004008855.1	4104135
GCA_900763335.1	2030729
GCA_902484505.1	2030729
GCA_900555705.1	1773026
GCA_902483165.1	1773026
GCA_002221625.2	3025655
GCA_016696825.1	3025655
GCA_030973565.1	3333112
GCA_036940545.1	3333112
GCA_009762655.1	2339262
GCA_002072715.1	2339255
GCA_002172695.2	1607798
GCA_002704755.1	1607798
GCA_949530445.1	2484760
GCA_949542405.1	2484760
GCA_018801045.1	2362233
GCA_018801185.1	2362233
GCA_018801065.1	2362232
GCA_018801125.1	2362232
GCA_018801145.1	2362232
GCA_018801085.1	2362231
GCA_018801105.1	2362228
GCA_018801165.1	2362226
GCA_902381635.1	3010111
GCA_000026505.1	3010111
GCA_028889295.1	4757742
GCA_028890205.1	4757739
GCA_004635405.1	4108457
GCA_004006615.1	4108455
GCA_002895775.1	4328543
GCA_003299525.1	4328543
GCA_019903425.1	3525189
GCA_900162675.1	3525189
GCA_035392645.1	2628996
GCA_036733265.1	2628996
GCA_033583275.1	2205994
GCA_025055385.1	2205994
GCA_025152275.1	3196943
GCA_016904015.1	3196940
GCA_022404835.1	4109504
GCA_004636245.1	4109501
GCA_036999165.1	5806204
GCA_026162325.1	5806204
GCA_009761885.1	4960909
GCA_009880975.1	4960909
GCA_900320445.1	2666642
GCA_902756125.1	2666642
GCA_900320025.1	2416991
GCA_902756945.1	2416991
GCA_025379835.1	4448623
GCA_025379925.1	4448623
GCA_001050615.1	6408358
GCA_963867005.1	6408358
GCA_945830335.1	2219223
GCA_945870705.1	2219223
GCA_902387255.1	2762447
GCA_002885265.1	2762447
GCA_002188915.1	4852957
GCA_963873565.1	4852957
GCA_900763025.1	1111568
GCA_902484375.1	1111568
GCA_040734995.1	4417797
GCA_040820185.1	4417797
GCA_014884665.1	4416715
GCA_029867205.1	4416715
GCA_900769365.1	2652504
GCA_902486845.1	2652504
GCA_949538095.1	2373148
GCA_949540605.1	2373148
GCA_964186215.1	3296916
GCA_964186025.1	3296923
GCA_030418525.1	6482104
GCA_022696215.1	6482104
GCA_900769155.1	1396726
GCA_902486595.1	1396726
GCA_015557145.1	1899086
GCA_039757465.1	1899086
GCA_949530505.1	1658931
GCA_949542385.1	1658931
GCA_035395505.1	1970671
GCA_036729185.1	1970671
GCA_902756065.1	2242306
GCA_900316245.1	2242306
GCA_022869605.1	1914863
GCA_002055535.1	1914862
GCA_004028355.1	1914862
GCA_006364235.1	1914862
GCA_009874335.1	4547386
GCA_963886165.1	4547386
GCA_035396545.1	3640405
GCA_036789765.1	3640405
GCA_008033585.1	5054201
GCA_024198375.1	5054201
GCA_003482105.1	2644330
GCA_902385455.1	2644330
GCA_002735645.1	4807169
GCA_963876775.1	4807169
GCA_008087125.1	3958379
GCA_900604905.1	3958379
GCA_022643125.1	2581703
GCA_022645205.1	2581703
GCA_022646025.1	2581703
GCA_022646865.1	2581703
GCA_900321255.1	2776193
GCA_902758965.1	2776193
GCA_014137775.1	5110067
GCA_013149465.1	5110066
GCA_011319335.1	1856380
GCA_011380015.1	1856381
GCA_900554575.1	1868435
GCA_902479645.1	1868435
GCA_038440935.1	1780799
GCA_030732365.1	1780800
GCA_902385935.1	2291643
GCA_000347695.1	2291643
GCA_001498895.1	1660064
GCA_001498755.1	1660060
GCA_000238695.1	3867973
GCA_902374495.1	3867973
GCA_002000645.1	2949913
GCA_002000805.1	2949913
GCA_003595465.1	2949912
GCA_005885795.1	1139838
GCA_001941545.1	1139844
GCA_006491645.1	4013996
GCA_009753805.1	4013996
GCA_017164035.1	4411524
GCA_002886585.1	4411519
GCA_900320885.1	3153267
GCA_902759055.1	3153267
GCA_900319315.1	2705178
GCA_902758825.1	2705178
GCA_023534365.1	5252522
GCA_023535065.1	5252522
GCA_030518715.1	2676782
GCA_031583535.1	2676782
GCA_902755485.1	2405136
GCA_900315595.1	2405136
GCA_902759215.1	1942219
GCA_900318805.1	1942219
GCA_902644055.1	1227259
GCA_902644075.1	1227256
GCA_900760215.1	2053088
GCA_902483585.1	2053088
GCA_019375075.1	5376499
GCA_009600715.1	5376499
GCA_905319545.2	4096109
GCA_905310985.2	4096107
GCA_033580235.1	1800194
GCA_025061835.1	1800194
GCA_003311755.1	4180641
GCA_963877995.1	4180641
GCA_035394045.1	1275349
GCA_036781775.1	1275349
GCA_001007065.1	1228579
GCA_001007085.1	1228576
GCA_003587745.1	2914844
GCA_002488895.1	2914837
GCA_902375335.1	3196602
GCA_000751555.1	3196602
GCA_013009335.1	2063442
GCA_013009575.1	2063442
GCA_025567605.1	3346315
GCA_900066625.1	3346315
GCA_035398465.1	3226627
GCA_036724945.1	3226627
GCA_035398745.1	2452654
GCA_036754905.1	2452654
GCA_001144805.1	4537664
GCA_963866045.1	4537664
GCA_015657155.1	1560463
GCA_904501715.1	1560463
GCA_030028175.1	4688244
GCA_030028135.1	4688237
GCA_902364115.1	2273044
GCA_003462685.1	2273044
GCA_949497205.1	3663388
GCA_949519415.1	3663388
GCA_900313225.1	2503834
GCA_902759225.1	2503834
GCA_023118995.1	6691971
GCA_023119085.1	6691972
GCA_023119065.1	6691970
GCA_900138295.1	5160591
GCA_900138335.1	5160589
GCA_016893725.1	5098585
GCA_016893945.1	5098585
GCA_900315325.1	3113789
GCA_902754935.1	3113789
GCA_003437825.1	2206288
GCA_902399845.1	2206288
GCA_013415145.1	3792167
GCA_015234715.1	3792167
GCA_035396825.1	3464681
GCA_036769855.1	3464681
GCA_000413535.1	3286104
GCA_000480175.1	3286099
GCA_900770605.1	1391946
GCA_902487435.1	1391946
GCA_943788595.1	2600398
GCA_943841235.1	2600398
GCA_902373955.1	3813122
GCA_000158375.2	3813122
GCA_025421895.1	4552652
GCA_028464385.1	4552652
GCA_900046455.1	4057828
GCA_902375875.1	4057828
GCA_000209385.2	2219029
GCA_902381685.1	2219029
GCA_004348755.1	5512522
GCA_963881115.1	5512522
GCA_008330325.1	1862342
GCA_008330425.1	1862338
GCA_003039475.1	3960245
GCA_003347305.1	3960245
GCA_902170635.1	4580219
GCA_963901345.1	4580219
GCA_902486335.1	1302571
GCA_900768425.1	1302571
GCA_004637045.1	4104389
GCA_004637205.1	4104386
GCA_003710185.1	4943973
GCA_001535315.2	4943967
GCA_001900225.1	6213029
GCA_001900195.1	6213026
GCA_003433945.1	6476507
GCA_902364255.1	6476507
GCA_000939155.1	4515005
GCA_001403955.1	4515005
GCA_011464495.1	1017304
GCA_011464655.1	1017297
GCA_000285515.1	5614755
GCA_902374655.1	5614755
GCA_039733145.1	4966911
GCA_039749415.1	4966911
GCA_902385445.1	3138070
GCA_003481445.1	3138070
GCA_009915695.1	3665711
GCA_963895355.1	3665711
GCA_000250875.1	2376899
GCA_902374665.1	2376899
GCA_025560945.1	2449994
GCA_025560925.1	2449987
GCA_021609945.1	6017450
GCA_021496705.1	6017450
GCA_009626955.1	3696594
GCA_016804285.1	3696594
GCA_009627295.1	3696591
GCA_900552705.1	2038947
GCA_902479715.1	2038947
GCA_900319235.1	3720789
GCA_902757815.1	3720789
GCA_025459935.1	1670511
GCA_025460025.1	1670513
GCA_035398645.1	1310646
GCA_036733465.1	1310646
GCA_002276195.1	2429033
GCA_902388255.1	2429033
GCA_019137755.1	3664742
GCA_963894255.1	3664742
GCA_001985505.1	4106384
GCA_001987995.1	4106384
GCA_002859705.1	4106384
GCA_001988735.1	4106382
GCA_004634845.1	4106382
GCA_001987035.1	4106381
GCA_001987935.1	4106381
GCA_001988395.1	4106379
GCA_004636325.1	4106379
GCA_001989135.1	4106378
GCA_001985965.1	4106377
GCA_001989175.1	4106377
GCA_001988675.1	4106376
GCA_004634905.1	4106376
GCA_035393325.1	2687050
GCA_036834525.1	2687050
GCA_902364645.1	2317847
GCA_003471905.1	2317847
GCA_035393305.1	2512260
GCA_036797625.1	2512260
GCA_000763515.1	2919548
GCA_900187195.1	2919553
GCA_900187025.1	2919550
GCA_040235225.1	2919548
GCA_036749315.1	1089627
GCA_035398045.1	1089627
GCA_035323765.1	3415550
GCA_036835995.1	3415550
GCA_005844335.1	2180828
GCA_028311445.1	2180828
GCA_036997045.1	5721211
GCA_026161725.1	5721211
GCA_949523175.1	2479284
GCA_949544545.1	2479284
GCA_035427265.1	2163082
GCA_036786955.1	2163082
GCA_037003365.1	4759186
GCA_037003725.1	4759189
GCA_019271755.1	5392094
GCA_019271575.1	5392094
GCA_019271035.1	5392094
GCA_019271095.1	5392094
GCA_019271235.1	5392094
GCA_019271935.1	5392094
GCA_019271015.1	5392094
GCA_019271295.1	5392094
GCA_019273695.1	5392094
GCA_035397565.1	3372913
GCA_036850175.1	3372913
GCA_900759775.1	1901086
GCA_902483495.1	1901086
GCA_013184565.1	1855968
GCA_010883085.1	1855968
GCA_903879275.1	6468982
GCA_905232285.1	6468982
GCA_902487855.1	1926154
GCA_900771045.1	1926154
GCA_035337835.1	3187334
GCA_036736965.1	3187334
GCA_001025195.1	2079525
GCA_902381755.1	2079525
GCA_009627735.1	4773865
GCA_009627555.1	4773862
GCA_004007035.1	4773857
GCA_009626275.1	4773857
GCA_900024665.1	1990739
GCA_900058665.2	1990745
GCA_024581245.1	2850366
GCA_016462045.1	2850366
GCA_949496505.1	3472099
GCA_949519385.1	3472099
GCA_900552755.1	1986738
GCA_902481195.1	1986738
GCA_020406955.1	4812828
GCA_022507225.1	4812828
GCA_003312085.1	3872198
GCA_963895265.1	3872198
GCA_003627575.1	2333512
GCA_018107745.1	2333512
GCA_949519555.1	2175911
GCA_949523135.1	2175911
GCA_948516645.1	1922065
GCA_949021705.1	1922065
GCA_949101905.1	1922065
GCA_900315505.1	2051198
GCA_902755155.1	2051198
GCA_035400085.1	2250144
GCA_036795365.1	2250144
GCA_900169495.1	3084227
GCA_902386815.1	3084227
GCA_900550595.1	1615471
GCA_902481715.1	1615471
GCA_900021175.1	4199690
GCA_902375915.1	4199690
GCA_900556515.1	1687971
GCA_902483035.1	1687971
GCA_017880275.1	1003485
GCA_017880415.1	1003485
GCA_029436135.1	4030350
GCA_022237585.1	4030349
GCA_000323105.1	2207119
GCA_000323165.1	2207119
GCA_003280015.1	602930
GCA_902554215.1	602930
GCA_009791415.1	2338026
GCA_009789115.1	2338025
GCA_949487645.1	1438126
GCA_949551625.1	1438126
GCA_001153605.1	4716993
GCA_001358155.1	4716985
GCA_000225345.1	3592125
GCA_902387955.1	3592125
GCA_035337955.1	2894044
GCA_036782255.1	2894044
GCA_900552835.1	1552787
GCA_902479425.1	1552787
GCA_022014295.1	5809955
GCA_022556395.1	5809955
GCA_026128765.1	5734235
GCA_026198605.1	5734235
GCA_000623055.2	4679953
GCA_000626375.1	4679953
GCA_015571695.1	4736893
GCA_015571675.1	4736888
GCA_035326185.1	4280692
GCA_036747095.1	4280692
GCA_000981545.1	3969942
GCA_000981565.1	3969941
GCA_900540365.1	1290735
GCA_902467615.1	1290735
GCA_019927405.1	5311625
GCA_037629755.1	5311625
GCA_000821305.1	4325182
GCA_000751675.1	4325182
GCA_902375295.1	4325182
GCA_902759175.1	2316940
GCA_900319055.1	2316940
GCA_031842845.1	2821598
GCA_031843245.1	2821598
GCA_022325085.1	5719056
GCA_034651815.1	5719056
GCA_020683785.1	4409312
GCA_020683465.1	4409314
GCA_025657575.1	4839738
GCA_025657615.1	4839738
GCA_000447415.1	5598253
GCA_963864905.1	5598253
GCA_036322995.1	2066045
GCA_036323095.1	2066045
GCA_008867955.1	5699559
GCA_019249365.1	5699559
GCA_038024245.1	6466641
GCA_038024645.1	6466637
GCA_035400125.1	3299543
GCA_036743215.1	3299543
GCA_902479565.1	2212369
GCA_900539465.1	2212369
GCA_026197785.1	5625493
GCA_037005685.1	5625493
GCA_009739635.2	3065242
GCA_009739615.2	3065236
GCA_017846535.1	1794608
GCA_014874635.1	1794608
GCA_031186115.1	2888315
GCA_036273895.1	2888315
GCA_035426985.1	3030364
GCA_036807965.1	3030364
GCA_006243395.1	4926283
GCA_963882965.1	4926283
GCA_902488145.1	845404
GCA_900771825.1	845404
GCA_900319645.1	2636779
GCA_902758385.1	2636779
GCA_902487275.1	1810421
GCA_900770185.1	1810421
GCA_000341855.1	1552931
GCA_000348765.2	1552931
GCA_035397605.1	3241598
GCA_036847325.1	3241598
GCA_928869835.1	5506662
GCA_928858765.1	5506660
GCA_035337935.1	1876678
GCA_036796055.1	1876678
GCA_015657095.1	1124580
GCA_904501795.1	1124580
GCA_030405285.1	2760493
GCA_900117365.1	2760488
GCA_900544205.1	2128653
GCA_902480085.1	2128653
GCA_002180355.1	1801542
GCA_002180365.1	1801542
GCA_002180385.1	1801541
GCA_035398545.1	2325204
GCA_036848435.1	2325204
GCA_035405385.1	4100961
GCA_036725645.1	4100961
GCA_035394605.1	2175039
GCA_036725175.1	2175039
GCA_949529215.1	1998478
GCA_949538995.1	1998478
GCA_035398475.1	7159727
GCA_036769985.1	7159727
GCA_901764995.1	2276241
GCA_900773985.1	2276241
GCA_945830215.1	2081498
GCA_945868005.1	2081498
GCA_003672465.1	1154143
GCA_013330635.1	1154143
GCA_004795875.1	4727363
GCA_004795915.1	4727363
GCA_036787645.1	3739410
GCA_035396385.1	3739410
GCA_002795325.1	4530867
GCA_963876905.1	4530867
GCA_035397685.1	2114188
GCA_036847035.1	2114188
GCA_900316415.1	2527776
GCA_902756005.1	2527776
GCA_023757085.1	5411823
GCA_023757285.1	5411820
GCA_023757345.1	5411824
GCA_018619585.1	7837758
GCA_022399545.1	7837758
GCA_900549465.1	1995240
GCA_902467605.1	1995240
GCA_002937525.1	2301030
GCA_002938275.1	2301030
GCA_900539405.1	6425839
GCA_902479775.1	6425839
GCA_000179195.1	7443083
GCA_009863225.1	7443083
GCA_902479875.1	2701309
GCA_900548195.1	2701309
GCA_000155205.1	2731235
GCA_902373885.1	2731235
GCA_900770545.1	1382007
GCA_902487495.1	1382007
GCA_005845215.1	6524593
GCA_015549035.1	6524593
GCA_902362955.1	3191314
GCA_900066975.1	3191314
GCA_036998345.1	5785371
GCA_026162085.1	5785371
GCA_000673295.1	4398866
GCA_000661105.1	4398871
GCA_900557695.1	941305
GCA_902483355.1	941305
GCA_001605175.1	4106364
GCA_002018515.1	4106364
GCA_002859665.1	4106356
GCA_035394405.1	1816492
GCA_036778935.1	1816492
GCA_030234245.1	5593705
GCA_033195035.1	5593705
GCA_008709775.1	2038476
GCA_008709805.1	2038476
GCA_900557425.1	667393
GCA_902479915.1	667393
GCA_900541245.1	2129463
GCA_902482625.1	2129463
GCA_003547055.1	7187124
GCA_902141835.1	7187124
GCA_002632445.1	4316335
GCA_963876095.1	4316335
GCA_027270435.1	4940232
GCA_031323735.1	4940232
GCA_015355055.1	2593713
GCA_036400715.1	2593713
GCA_900315845.1	1463713
GCA_902757105.1	1463713
GCA_003268275.1	3014016
GCA_902386965.1	3014016
GCA_949511775.1	3664831
GCA_949550205.1	3664831
GCA_009863275.1	8143430
GCA_000373445.1	8143430
GCA_003718455.1	4906454
GCA_003718395.1	4906452
GCA_030127005.1	4940243
GCA_001448705.2	4940239
GCA_035329605.1	3457760
GCA_036788635.1	3457760
GCA_948838525.1	2719201
GCA_948908405.1	2719201
GCA_001679905.1	6750396
GCA_902387405.1	6750396
GCA_902365005.1	3653786
GCA_003480105.1	3653786
GCA_035393505.1	2120537
GCA_036736585.1	2120537
GCA_020074225.1	2803366
GCA_020074305.1	2803367
GCA_900545375.1	1814262
GCA_902482745.1	1814262
GCA_009816465.1	1788531
GCA_009818705.1	1788526
GCA_902387275.1	2255545
GCA_001854545.1	2255545
GCA_003345675.1	3358809
GCA_003391055.1	3358809
GCA_020108775.1	2798800
GCA_020108785.1	2798800
GCA_020108795.1	2798800
GCA_003438545.1	3833821
GCA_902399825.1	3833821
GCA_018252735.1	2097318
GCA_018253165.1	2097318
GCA_002975235.1	4974493
GCA_037479275.1	4974493
GCA_039832025.1	2741918
GCA_040188795.1	2741918
GCA_035392905.1	1619117
GCA_036759065.1	1619117
GCA_009857075.1	4964098
GCA_000022165.1	4964097
GCA_003481995.1	4093808
GCA_902385325.1	4093808
GCA_037000285.1	5848163
GCA_026164265.1	5848163
GCA_902480495.1	3559920
GCA_900542835.1	3559920
GCA_902366905.1	4347292
GCA_003477525.1	4347292
GCA_038440495.1	1681506
GCA_038440675.1	1681511
GCA_900763145.1	2081808
GCA_902484425.1	2081808
GCA_000827955.1	3611898
GCA_000827935.1	3611897
GCA_902757335.1	2315508
GCA_900313215.1	2315508
GCA_918427955.1	4379821
GCA_918429205.1	4379824
GCA_900321505.1	2621517
GCA_902759605.1	2621517
GCA_003209665.1	2246969
GCA_902594495.1	2246969
GCA_013280555.1	3032819
GCA_019780085.1	3032819
GCA_019137575.1	1892778
GCA_000008985.1	1892775
GCA_019469565.1	1892784
GCA_001597745.1	5603767
GCA_963870035.1	5603767
GCA_902712915.1	3851483
GCA_905116885.1	3851483
GCA_035396445.1	1611192
GCA_036836935.1	1611192
GCA_035325125.1	3454812
GCA_036746735.1	3454812
GCA_001319585.1	4804157
GCA_902387485.1	4804157
GCA_035398205.1	6797470
GCA_036834645.1	6797470
GCA_035393385.1	3438821
GCA_036759085.1	3438821
GCA_003131085.1	2570721
GCA_902387495.1	2570721
GCA_001430805.1	1248181
GCA_001430905.1	1248180
GCA_900475675.1	1793521
GCA_016725165.1	1793521
GCA_026133885.1	5625792
GCA_026199115.1	5625792
GCA_903941265.1	1284935
GCA_903961495.1	1284935
GCA_003287585.1	5314371
GCA_963878145.1	5314371
GCA_004028165.1	3663152
GCA_003864255.1	3663152
GCA_001788355.1	1216931
GCA_001790045.1	1216931
GCA_001790095.1	1216931
GCA_001790115.1	1216931
GCA_015656135.1	1643254
GCA_904501695.1	1643254
GCA_945827705.1	1957212
GCA_945867495.1	1957212
GCA_902758885.1	1598845
GCA_900319655.1	1598845
GCA_900555035.1	3004760
GCA_902481095.1	3004760
GCA_035396585.1	1367166
GCA_036733325.1	1367166
GCA_017833075.1	4598659
GCA_017833125.1	4598657
GCA_001985145.1	4107481
GCA_001985845.1	4107480
GCA_020178685.1	5738481
GCA_020178705.1	5738481
GCA_020178945.1	5738481
GCA_019163475.1	3973236
GCA_019754015.1	3973236
GCA_035337715.1	3763300
GCA_036746155.1	3763300
GCA_040734645.1	4409638
GCA_040820175.1	4409638
GCA_035326145.1	3342384
GCA_036749335.1	3342384
GCA_009789435.1	3288094
GCA_006506025.1	3288088
GCA_003327525.1	4888909
GCA_020092965.1	4888909
GCA_900314855.1	1829522
GCA_902755185.1	1829522
GCA_020052805.1	3674390
GCA_020059695.1	3674390
GCA_002172195.2	1657217
GCA_002691565.1	1657217
GCA_013296065.1	6139998
GCA_013407405.1	6139998
GCA_000373465.1	7586126
GCA_009865025.1	7586126
GCA_035435445.1	2350580
GCA_036776335.1	2350580
GCA_003149115.1	1941536
GCA_900217925.1	1941536
GCA_002286055.1	4104297
GCA_004636045.1	4104297
GCA_004007275.1	4104296
GCA_014109725.1	5199175
GCA_035974295.1	5199175
GCA_009915225.1	4081557
GCA_963886895.1	4081557
GCA_025422035.1	4718967
GCA_025422065.1	4718967
GCA_028464585.1	4718967
GCA_028464605.1	4718967
GCA_010230515.1	2844782
GCA_010230935.1	2844777
GCA_949516165.1	1993429
GCA_949536865.1	1993429
GCA_001299595.1	1664566
GCA_001299565.1	1664565
GCA_902387385.1	3995023
GCA_003316255.1	3995023
GCA_035393485.1	2800235
GCA_036825315.1	2800235
GCA_004745255.1	5108826
GCA_963883825.1	5108826
GCA_016893765.1	5070624
GCA_016894005.1	5070624
GCA_016893625.1	5070624
GCA_013378295.1	5570080
GCA_013378155.1	5570083
GCA_900763865.1	1057228
GCA_902484515.1	1057228
GCA_036409485.1	2597084
GCA_036409535.1	2597084
GCA_001988355.1	4112694
GCA_001986975.1	4112692
GCA_900770635.1	2261744
GCA_902487525.1	2261744
GCA_014622705.1	3929800
GCA_003612755.1	3929799
GCA_024637955.1	3929796
GCA_035393005.1	3341626
GCA_036769725.1	3341626
GCA_902487545.1	1568287
GCA_900770645.1	1568287
GCA_009915535.1	3838061
GCA_963885735.1	3838061
GCA_013820225.1	4802523
GCA_013820465.1	4802520
GCA_963572385.1	4604420
GCA_963573205.1	4604420
GCA_001895205.1	3670882
GCA_963872005.1	3670882
GCA_003989145.1	4933541
GCA_963880855.1	4933541
GCA_000961275.1	5267404
GCA_000961395.1	5267403
GCA_904502295.1	1518025
GCA_015688795.1	1518025
GCA_022096875.1	2577344
GCA_023270155.1	2577344
GCA_035394585.1	4377795
GCA_036725165.1	4377795
GCA_003606305.1	1935423
GCA_036227545.1	1935423
GCA_002447255.1	4411342
GCA_002447615.1	4411340
GCA_002447895.1	4411338
GCA_002447335.1	4411337
GCA_002447755.1	4411335
GCA_035397525.1	3328135
GCA_036838125.1	3328135
GCA_900555865.1	1270591
GCA_902480355.1	1270591
GCA_902482095.1	1822100
GCA_900553685.1	1822100
GCA_003149065.1	3067561
GCA_900199645.1	3067561
GCA_011774255.1	2574807
GCA_011777145.1	2574807
GCA_009176625.1	3308414
GCA_020735565.1	3308411
GCA_900319105.1	2257794
GCA_902756725.1	2257794
GCA_949529355.1	3658455
GCA_949533995.1	3658455
GCA_900543345.1	2947302
GCA_902480865.1	2947302
GCA_003213595.1	1109701
GCA_902572135.1	1109701
GCA_035404645.1	3570158
GCA_036745615.1	3570158
GCA_018847475.1	2803683
GCA_018847495.1	2803677
GCA_949429645.1	1814618
GCA_949459265.1	1814618
GCA_949461635.1	1814618
GCA_900465165.1	4104282
GCA_004635805.1	4104279
GCA_004009255.1	4104278
GCA_001986255.1	4104277
GCA_001988575.1	4104277
GCA_004009395.1	4104277
GCA_001987415.1	4104275
GCA_019264395.1	5438840
GCA_019295025.1	5438840
GCA_002979755.1	5011784
GCA_037479375.1	5011784
GCA_013415345.1	2084440
GCA_015234645.1	2084440
GCA_026133905.1	5630947
GCA_026199135.1	5630947
GCA_025060415.1	1352365
GCA_033579835.1	1352365
GCA_902755825.1	2957999
GCA_900322015.1	2957999
GCA_035325105.1	4181840
GCA_036796555.1	4181840
GCA_003478935.1	4116467
GCA_902364265.1	4116467
GCA_013042375.1	2760952
GCA_018676975.1	2760952
GCA_035393245.1	804472
GCA_036834465.1	804472
GCA_001243045.1	2542842
GCA_902375535.1	2542842
GCA_030385805.1	3873739
GCA_026736615.1	3873739
GCA_011774245.1	4761534
GCA_011777125.1	4761534
GCA_000819705.1	4692336
GCA_963866635.1	4692336
GCA_001664145.1	6274507
GCA_001664305.1	6274511
GCA_900545335.1	1874959
GCA_905187975.1	1874959
GCA_013415425.1	1562805
GCA_015234725.1	1562805
GCA_019126815.1	2350145
GCA_019126995.1	2350145
GCA_002165895.1	1891545
GCA_902387015.1	1891545
GCA_035394425.1	1583183
GCA_036805605.1	1583183
GCA_040366825.1	2233504
GCA_900087715.2	2233504
GCA_004847885.1	4808492
GCA_004847525.1	4808485
GCA_900769285.1	3662993
GCA_902486835.1	3662993
GCA_020735785.1	3168227
GCA_002208725.2	3168230
GCA_900552685.1	1127007
GCA_902467575.1	1127007
GCA_900324455.1	4092644
GCA_900324445.1	4092641
GCA_003282895.1	1003629
GCA_902515655.1	1003629
GCA_900774035.1	2103350
GCA_901764975.1	2103350
GCA_949429805.1	2785010
GCA_949461775.1	2785010
GCA_949462265.1	2785010
GCA_009733625.1	5338109
GCA_009733635.1	5338109
GCA_001127065.1	4663249
GCA_902387525.1	4663249
GCA_023806145.1	6892607
GCA_023806385.1	6892607
GCA_024179135.1	6892607
GCA_949540545.1	1655375
GCA_949544735.1	1655375
GCA_000171815.1	4255798
GCA_963860445.1	4255798
GCA_949529255.1	1711487
GCA_949541645.1	1711487
GCA_902487135.1	1986649
GCA_900769945.1	1986649
GCA_004324335.1	1481639
GCA_009362715.1	1481639
GCA_016813075.1	4034374
GCA_016813315.1	4034374
GCA_035397105.1	2180832
GCA_036733385.1	2180832
GCA_900770195.1	2191682
GCA_902487245.1	2191682
GCA_000167195.1	6238156
GCA_963860105.1	6238156
GCA_900313525.1	2208778
GCA_902756535.1	2208778
GCA_026204185.1	2646074
GCA_040493495.1	2646074
GCA_017923375.1	6868919
GCA_017927795.1	6868917
GCA_001655635.1	5684538
GCA_963870815.1	5684538
GCA_023534295.1	4892128
GCA_023534985.1	4892128
GCA_036998705.1	5944698
GCA_026162105.1	5944698
GCA_008802515.1	7121352
GCA_026127065.1	7121352
GCA_003354705.1	2911744
GCA_003354765.1	2911744
GCA_000213555.1	5176087
GCA_902374305.1	5176087
GCA_900550195.1	2151937
GCA_902481275.1	2151937
GCA_021327735.1	2844672
GCA_040529665.1	2844672
GCA_902755935.1	1652285
GCA_900319675.1	1652285
GCA_035327025.1	4383571
GCA_036735905.1	4383571
GCA_900322115.1	3037074
GCA_902757825.1	3037074
GCA_036999085.1	5719400
GCA_026161745.1	5719400
GCA_020406595.1	4947480
GCA_022507245.1	4947480
GCA_036999525.1	5575645
GCA_026164165.1	5575645
GCA_902373925.1	3242215
GCA_000155875.1	3242215
GCA_004008915.1	4112103
GCA_022409195.1	4112099
GCA_002913075.1	1890917
GCA_002913575.1	1890917
GCA_019294705.1	2754971
GCA_019294875.1	2754971
GCA_025457605.1	3685742
GCA_025457585.1	3685742
GCA_030550565.1	3518073
GCA_032161045.1	3518073
GCA_902804015.1	1974304
GCA_900313925.1	1974304
GCA_902373775.1	4610361
GCA_000154865.1	4610361
GCA_016728895.1	4705940
GCA_963891645.1	4705940
GCA_008802675.1	6686897
GCA_026126765.1	6686897
GCA_900319965.1	1254643
GCA_902757585.1	1254643
GCA_900706815.1	3345846
GCA_963900275.1	3345846
GCA_019285135.1	5540574
GCA_019285175.1	5540574
GCA_019285415.1	5540574
GCA_019284955.1	5540574
GCA_019285195.1	5540574
GCA_019285295.1	5540574
GCA_019285455.1	5540574
GCA_019294485.1	5540574
GCA_019285355.1	5540574
GCA_019285235.1	5540574
GCA_019285035.1	5540574
GCA_019284675.1	5540574
GCA_019285255.1	5540574
GCA_003049945.1	5451996
GCA_963878055.1	5451996
GCA_000009085.1	1641481
GCA_000830865.1	1641482
GCA_000304375.1	1641481
GCA_000830775.1	1641481
GCA_000830805.1	1641480
GCA_035435125.1	2308883
GCA_036817665.1	2308883
GCA_038377085.1	2999969
GCA_002527815.1	2999974
GCA_900557135.1	2833891
GCA_902482295.1	2833891
GCA_945864165.1	1631185
GCA_945829865.1	1631185
GCA_002741955.1	2880497
GCA_002982755.1	2880497
GCA_902170465.1	4119151
GCA_963900795.1	4119151
GCA_949546955.1	2164121
GCA_949552225.1	2164121
GCA_900771325.1	2426387
GCA_902487775.1	2426387
GCA_002884975.1	2902150
GCA_902387265.1	2902150
GCA_011774145.1	3464318
GCA_011777365.1	3464318
GCA_004366895.1	4998395
GCA_004367295.1	4998395
GCA_023806725.1	3441594
GCA_030549385.1	3441594
GCA_035392665.1	2286683
GCA_036787485.1	2286683
GCA_035397065.1	1750574
GCA_036825375.1	1750574
GCA_035426885.1	2164717
GCA_036833695.1	2164717
GCA_006243335.1	4715031
GCA_963883605.1	4715031
GCA_000499785.1	5025334
GCA_902375225.1	5025334
GCA_000813285.1	1137653
GCA_004194495.1	1137653
GCA_041902405.1	2868882
GCA_041902415.1	2868882
GCA_016342545.1	4951662
GCA_016838895.1	4951662
GCA_035326165.1	2665154
GCA_036789055.1	2665154
GCA_002162215.1	2183505
GCA_008085715.1	2183498
GCA_900320695.1	2762086
GCA_902757225.1	2762086
GCA_002040735.1	4700138
GCA_002077015.1	4700138
GCA_014854755.1	5032443
GCA_014854775.1	5032438
GCA_036865935.1	4610698
GCA_036865965.1	4610698
GCA_036865975.1	4610696
GCA_033657795.1	2346649
GCA_033659485.1	2346649
GCA_036846985.1	4005587
GCA_035394625.1	4005587
GCA_024160185.1	3250480
GCA_024721265.1	3250480
GCA_025060535.1	1909702
GCA_033579635.1	1909702
GCA_019264905.1	5047093
GCA_019264925.1	5047093
GCA_019264965.1	5047093
GCA_016657285.1	5047093
GCA_019264985.1	5047093
GCA_003459085.1	3744856
GCA_902364195.1	3744856
GCA_900314865.1	1365086
GCA_902757615.1	1365086
GCA_001855565.1	4010194
GCA_963869205.1	4010194
GCA_900547645.1	1597931
GCA_902483295.1	1597931
GCA_036999245.1	5863772
GCA_026161945.1	5863772
GCA_000009505.1	4685848
GCA_000623455.2	4685849
GCA_000623715.2	4685849
GCA_000624055.2	4685849
GCA_000626695.2	4685849
GCA_000623095.2	4685848
GCA_000623115.2	4685848
GCA_000623135.2	4685848
GCA_000623395.2	4685848
GCA_000623615.2	4685848
GCA_000623675.2	4685848
GCA_000623735.2	4685848
GCA_000624175.2	4685848
GCA_000626095.2	4685848
GCA_000623475.2	4685847
GCA_000623655.2	4685847
GCA_000625735.2	4685849
GCA_000625775.2	4685848
GCA_000623435.2	4685848
GCA_000624595.2	4685848
GCA_000625155.2	4685848
GCA_000625895.2	4685847
GCA_000624855.2	4685847
GCA_000624875.2	4685847
GCA_000625255.2	4685847
GCA_000625715.2	4685847
GCA_000625755.2	4685846
GCA_000624335.2	4685846
GCA_000625095.2	4685847
GCA_000626015.2	4685849
GCA_000625675.2	4685846
GCA_000625815.2	4685848
GCA_000626055.2	4685847
GCA_000624975.2	4685847
GCA_000625135.2	4685848
GCA_000625435.2	4685847
GCA_000623595.2	4685848
GCA_000625115.2	4685848
GCA_000623635.2	4685848
GCA_000624155.2	4685848
GCA_000623075.2	4685848
GCA_000624355.2	4685848
GCA_000624315.2	4685847
GCA_000831025.2	4685849
GCA_000624255.2	4685849
GCA_000623555.2	4685848
GCA_000624075.2	4685848
GCA_000624455.2	4685846
GCA_000625835.2	4685846
GCA_000626075.2	4685849
GCA_000623795.2	4685850
GCA_000626395.2	4685849
GCA_000623775.2	4685850
GCA_000624435.2	4685849
GCA_000623175.2	4685848
GCA_000831045.2	4685849
GCA_000623695.2	4685849
GCA_000624575.2	4685847
GCA_000625875.2	4685848
GCA_000623255.2	4685846
GCA_000623575.2	4685847
GCA_900771185.1	1930821
GCA_902487785.1	1930821
GCA_902757865.1	2898428
GCA_900317765.1	2898428
GCA_026648315.1	2369174
GCA_026648235.1	2369172
GCA_026648415.1	2369170
GCA_001969165.3	2369167
GCA_009816595.1	1788643
GCA_009816735.1	1788636
GCA_009816785.1	1788636
GCA_009816795.1	1788641
GCA_009817835.1	1788638
GCA_009817985.1	1788638
GCA_009818175.1	1788638
GCA_009818845.1	1788637
GCA_009818955.1	1788638
GCA_023267915.1	1088694
GCA_023268265.1	1088694
GCA_022096945.1	2222536
GCA_023137225.1	2222536
GCA_003471685.1	3499862
GCA_902364665.1	3499862
GCA_902362805.1	4295701
GCA_900066695.1	4295701
GCA_005844895.1	6937307
GCA_015549065.1	6937307
GCA_041781785.1	3187238
GCA_041791645.1	3187238
GCA_041795475.1	3187238
GCA_905195045.1	1720271
GCA_900539595.1	1720271
GCA_001774675.1	1089434
GCA_001774685.1	1089434
GCA_001776255.1	1089434
GCA_001774635.1	1089434
GCA_002447635.1	4411321
GCA_002447195.1	4411318
GCA_002448055.1	4411316
GCA_002447055.1	4411315
GCA_002447855.1	4411315
GCA_003283845.1	1279634
GCA_902513425.1	1279634
GCA_022870085.1	6813185
GCA_001457475.1	6813182
GCA_013004025.1	3732597
GCA_013009075.1	3732597
GCA_003437535.1	3968058
GCA_902399885.1	3968058
GCA_002777015.1	1042578
GCA_002776995.1	1042577
GCA_002776975.1	1042575
GCA_033355295.1	4809930
GCA_033355435.1	4809930
GCA_033355515.1	4809930
GCA_002192565.1	1040250
GCA_002192635.1	1040250
GCA_006508345.1	1040254
GCA_006508195.1	1040253
GCA_006508265.1	1040253
GCA_006508285.1	1040253
GCA_006508295.1	1040253
GCA_006508325.1	1040253
GCA_001683215.1	5227094
GCA_001683065.1	5227092
GCA_001683235.1	5227091
GCA_001683275.1	5227090
GCA_003384225.1	2536713
GCA_005937375.1	2536713
GCA_900317745.1	2599311
GCA_902756845.1	2599311
GCA_003215085.1	1328596
GCA_902565885.1	1328596
GCA_902755805.1	2542207
GCA_900319745.1	2542207
GCA_033954915.1	2803313
GCA_003667965.1	2803306
GCA_003712755.1	3133908
GCA_005864195.1	3133908
GCA_900542425.1	1834398
GCA_902482235.1	1834398
GCA_009916045.1	4001187
GCA_963895565.1	4001187
GCA_904502185.1	2174770
GCA_015656475.1	2174770
GCA_000009045.1	4215606
GCA_964017255.1	4215606
GCA_000344745.1	4215610
GCA_013388335.1	4215613
GCA_034377505.1	4215606
GCA_964019285.1	4215606
GCA_000162235.2	2268272
GCA_902381645.1	2268272
GCA_900770115.1	2097868
GCA_902487315.1	2097868
GCA_015552475.1	4161664
GCA_028327875.1	4161664
GCA_035397445.1	3195047
GCA_036795455.1	3195047
GCA_904501625.1	1491415
GCA_015657355.1	1491415
GCA_023534645.1	4913763
GCA_023535385.1	4913763
GCA_016923815.1	4720504
GCA_016923875.1	4720504
GCA_004154565.1	1919213
GCA_004154475.1	1919208
GCA_016907185.1	4502610
GCA_017832185.1	4502611
GCA_003830815.1	4799636
GCA_003831055.1	4799636
GCA_900321875.1	1866799
GCA_902759305.1	1866799
GCA_949533655.1	1176291
GCA_949544765.1	1176291
GCA_030024325.1	5034484
GCA_030024805.1	5034484
GCA_900770845.1	2890083
GCA_902487645.1	2890083
GCA_035325145.1	2947486
GCA_036822295.1	2947486
GCA_020992155.1	4037867
GCA_020992135.1	4037870
GCA_025054515.1	1544944
GCA_033583485.1	1544944
GCA_900764685.1	1648873
GCA_902484735.1	1648873
GCA_004113325.1	4377760
GCA_004104605.1	4377762
GCA_032599045.1	1139502
GCA_029958465.3	1139496
GCA_001243975.1	2134779
GCA_902386685.1	2134779
GCA_000612625.1	4762944
GCA_902375305.1	4762944
GCA_026133695.1	5653206
GCA_026199025.1	5653206
GCA_008370335.1	4866148
GCA_963887105.1	4866148
GCA_035066015.1	2135331
GCA_035065445.1	2135331
GCA_900143495.1	3162488
GCA_900148675.1	3162488
GCA_009816395.1	1788325
GCA_009818065.1	1788325
GCA_009818815.1	1788322
GCA_036759145.1	3298773
GCA_035397145.1	3298773
GCA_902364395.1	3107801
GCA_003477605.1	3107801
GCA_004570615.1	2919115
GCA_015235255.1	2919115
GCA_025421975.1	4795665
GCA_028464515.1	4795665
GCA_002752995.1	5519452
GCA_002753355.1	5519452
GCA_019329525.1	2726253
GCA_019329705.1	2726249
GCA_019329685.1	2726248
GCA_019330205.1	2726247
GCA_900765785.1	6569749
GCA_902484955.1	6569749
GCA_036778115.1	5067057
GCA_035329465.1	5067057
GCA_900764755.1	2549294
GCA_902484825.1	2549294
GCA_900556005.1	2466950
GCA_902482755.1	2466950
GCA_021197295.1	2911485
GCA_021197605.1	2911479
GCA_949512985.1	3898891
GCA_949542225.1	3898891
GCA_036791345.1	3604476
GCA_035426845.1	3604476
GCA_007974375.1	2591551
GCA_007976905.1	2591548
GCA_035404285.1	3340091
GCA_036795295.1	3340091
GCA_013179805.1	7545152
GCA_963889565.1	7545152
GCA_035398885.1	2441395
GCA_036817705.1	2441395
GCA_900552035.1	1808130
GCA_902481965.1	1808130
GCA_902387695.1	3749229
GCA_000155835.1	3749229
GCA_034718845.1	2805191
GCA_034718835.1	2805191
GCA_902386575.1	3001027
GCA_001013375.1	3001027
GCA_900550365.1	2502849
GCA_902480325.1	2502849
GCA_035435745.1	2375866
GCA_036830015.1	2375866
GCA_003858915.1	5682587
GCA_009823005.1	5682587
GCA_902485655.1	2699357
GCA_900766835.1	2699357
GCA_041765045.1	2942411
GCA_041765055.1	2942411
GCA_041765525.1	2942411
GCA_041765545.1	2942411
GCA_041765555.1	2942410
GCA_001857455.1	3998588
GCA_963871435.1	3998588
GCA_019492325.1	4912376
GCA_020148225.1	4912376
GCA_019927345.1	5704282
GCA_023893955.1	5704282
GCA_035398025.1	3467498
GCA_036845965.1	3467498
GCA_035397385.1	2802853
GCA_036733405.1	2802853
GCA_033658025.1	2645579
GCA_033659845.1	2645579
GCA_948939445.1	2005174
GCA_949035405.1	2005174
GCA_949497285.1	2419778
GCA_949553015.1	2419778
GCA_006364215.1	1268083
GCA_006364175.1	1268081
GCA_006364155.1	1268077
GCA_900543435.1	2308820
GCA_902481065.1	2308820
GCA_900313685.1	2047922
GCA_902757395.1	2047922
GCA_900317195.1	3208759
GCA_902758445.1	3208759
GCA_025567495.1	2965035
GCA_900066635.1	2965035
GCA_033659145.1	2733997
GCA_033659545.1	2733997
GCA_003710545.1	2777479
GCA_003710575.1	2777479
GCA_025567045.1	3354558
GCA_902363425.1	3354558
GCA_002090275.1	816404
GCA_001272735.1	816404
GCA_001272795.1	816404
GCA_902759975.1	1200500
GCA_900320425.1	1200500
GCA_949534025.1	1270467
GCA_949540565.1	1270467
GCA_030930795.1	9330173
GCA_030511745.1	9330173
GCA_900547055.1	5077023
GCA_902481075.1	5077023
GCA_013618475.1	5126128
GCA_013185225.1	5126128
GCA_003431425.1	4108173
GCA_900492145.1	4108173
GCA_035337895.1	2394785
GCA_036770405.1	2394785
GCA_035397285.1	3442141
GCA_036807865.1	3442141
GCA_902384055.1	1729275
GCA_000151225.1	1729275
GCA_900548185.1	2438738
GCA_902482995.1	2438738
GCA_900546365.1	2001061
GCA_902483475.1	2001061
GCA_011765325.1	4626674
GCA_963887555.1	4626674
GCA_016902895.1	4577355
GCA_016902755.1	4577355
GCA_004345545.1	5774088
GCA_963880925.1	5774088
GCA_035395545.1	2538626
GCA_036840115.1	2538626
GCA_902485725.1	2824109
GCA_900766825.1	2824109
GCA_015656525.1	1551350
GCA_904502075.1	1551350
GCA_000741205.1	2004594
GCA_902375315.1	2004594
GCA_945829715.1	2371833
GCA_945868495.1	2371833
GCA_005518305.1	4732379
GCA_005518575.1	4732379
GCA_005519605.1	4732379
GCA_902385375.1	3656239
GCA_003481835.1	3656239
GCA_902758065.1	1888609
GCA_900319615.1	1888609
GCA_000162215.1	4487454
GCA_902374035.1	4487454
GCA_036818165.1	1464450
GCA_035435235.1	1464450
GCA_032193335.1	5514070
GCA_033900345.1	5514070
GCA_003278165.1	1079061
GCA_902554465.1	1079061
GCA_900539675.1	1845572
GCA_902481505.1	1845572
GCA_002859805.1	4103205
GCA_001986795.1	4103204
GCA_002286095.1	4103196
GCA_949496575.1	1106213
GCA_949544245.1	1106213
GCA_034651345.1	4924847
GCA_036039535.1	4924847
GCA_001655335.1	1050521
GCA_000348825.1	1050524
GCA_003144435.1	3889672
GCA_003336825.1	3889672
GCA_900321685.1	2036587
GCA_902757215.1	2036587
GCA_003966255.1	4608128
GCA_005280205.1	4608128
GCA_015558905.1	6439365
GCA_039761195.1	6439365
GCA_014595955.1	6106750
GCA_018310375.1	6106750
GCA_036749175.1	4190911
GCA_035337655.1	4190911
GCA_025062155.1	2483162
GCA_033580095.1	2483162
GCA_010119635.1	5501022
GCA_963888705.1	5501022
GCA_003672655.1	1460542
GCA_013331165.1	1460542
GCA_035435705.1	3434367
GCA_036780385.1	3434367
GCA_021328015.1	2817833
GCA_040529575.1	2817833
GCA_004570595.1	3945692
GCA_015235315.1	3945692
GCA_002326895.1	5385209
GCA_002327035.1	5385209
GCA_900128805.1	3324337
GCA_900143445.1	3324337
GCA_900148585.1	3324337
GCA_022206215.1	3162419
GCA_927797885.1	3162419
GCA_004959805.1	2228888
GCA_005047625.1	2228888
GCA_900320345.1	2691456
GCA_902755755.1	2691456
GCA_948688705.1	1847944
GCA_949003255.1	1847944
GCA_902758225.1	2823487
GCA_900321925.1	2823487
GCA_025061005.1	5628604
GCA_025061695.1	5628604
GCA_902488285.1	1891122
GCA_900772675.1	1891122
GCA_009915835.1	3613318
GCA_963896325.1	3613318
GCA_900769765.1	1756049
GCA_902487105.1	1756049
GCA_902165165.1	5044424
GCA_000352225.1	5044424
GCA_004570605.1	2027228
GCA_015235235.1	2027228
GCA_013693995.1	4687682
GCA_016106105.1	4687682
GCA_003255855.1	6802552
GCA_902386945.1	6802552
GCA_013378465.1	4484859
GCA_020093105.1	4484859
GCA_029201365.1	1139545
GCA_029201325.1	1139545
GCA_029201385.1	1139545
GCA_029201345.1	1139546
GCA_029958585.3	1139545
GCA_035396005.1	809782
GCA_036840945.1	809782
GCA_013112545.1	3265803
GCA_016743435.1	3265803
GCA_902758645.1	2394588
GCA_900316965.1	2394588
GCA_002447435.1	4411230
GCA_002447955.1	4411229
GCA_002179845.1	5983599
GCA_013317215.1	5983599
GCA_009626395.1	4773903
GCA_002859965.1	4773902
GCA_009626235.1	4773902
GCA_004008155.1	4773899
GCA_003186225.1	4773898
GCA_004634505.1	4773898
GCA_003186265.1	4773897
GCA_004008035.1	4773897
GCA_008921735.1	2951728
GCA_008921925.1	2951728
GCA_018679895.1	2618995
GCA_013043175.1	2618995
GCA_018588865.1	2803845
GCA_018682395.1	2803845
GCA_035435425.1	3827570
GCA_036776475.1	3827570
GCA_028322955.1	2785666
GCA_039757735.1	2785666
GCA_000309785.1	3075253
GCA_012931965.1	3075253
GCA_011771205.1	1429657
GCA_011773615.1	1429657
GCA_025060595.1	1859869
GCA_033579795.1	1859869
GCA_900045405.1	4911287
GCA_900036295.1	4911290
GCA_035396625.1	1725119
GCA_036731505.1	1725119
GCA_030504515.1	5132073
GCA_030504535.1	5132073
GCA_022645045.1	1531468
GCA_022646665.1	1531468
GCA_035396125.1	453127
GCA_036787595.1	453127
GCA_023612715.1	3804070
GCA_023612655.1	3804067
GCA_023612775.1	3804066
GCA_000754915.1	4612357
GCA_963864605.1	4612357
GCA_000016525.1	1853160
GCA_028743435.1	1853160
GCA_000299555.2	3755709
GCA_013307105.1	3755707
GCA_018448905.1	5046526
GCA_963892655.1	5046526
GCA_900048895.1	3671597
GCA_902375885.1	3671597
GCA_001377275.1	4362916
GCA_001322005.1	4362920
GCA_015656705.1	2474372
GCA_904502195.1	2474372
GCA_949517885.1	2515400
GCA_949541235.1	2515400
GCA_002201475.1	3802913
GCA_016697365.1	3802913
GCA_030144425.1	5175554
GCA_030144485.1	5175554
GCA_030144445.1	5175554
GCA_030144585.1	5175554
GCA_030144405.1	5175554
GCA_030144465.1	5175554
GCA_030144605.1	5175554
GCA_030144565.1	5175554
GCA_030144505.1	5175554
GCA_030144545.1	5175554
GCA_030144525.1	5175554
GCA_030144625.1	5175554
GCA_029774335.1	4093105
GCA_029774355.1	4093107
GCA_025558325.1	2520325
GCA_025558345.1	2520333
GCA_004569405.1	2606596
GCA_015235335.1	2606596
GCA_001486585.1	5059704
GCA_902375865.1	5059704
GCA_030757075.1	1611679
GCA_030757235.1	1611680
GCA_000373305.1	7805445
GCA_009862145.1	7805445
GCA_003209935.1	963515
GCA_902580285.1	963515
GCA_004847345.1	4808497
GCA_000698515.2	4808497
GCA_004848545.1	4808496
GCA_035435485.1	3899288
GCA_036806805.1	3899288
GCA_003859015.1	5660541
GCA_009823195.1	5660541
GCA_003279705.1	1122794
GCA_902557245.1	1122794
GCA_018798985.1	3406079
GCA_018799005.1	3406079
GCA_001457455.1	2463666
GCA_902809765.1	2463666
GCA_035393285.1	1461681
GCA_036845745.1	1461681
GCA_035329435.1	3189656
GCA_036771005.1	3189656
GCA_020673785.1	5255644
GCA_020673815.1	5255644
GCA_020675995.1	5255644
GCA_003212795.1	1444043
GCA_902586185.1	1444043
GCA_900316835.1	2837237
GCA_902755475.1	2837237
GCA_011174915.1	5247404
GCA_963887965.1	5247404
GCA_033658965.1	2305330
GCA_033659205.1	2305330
GCA_006368005.1	3961167
GCA_026805265.1	3961167
GCA_000006945.2	4951383
GCA_018326605.1	4951383
GCA_003570985.1	1936323
GCA_003170535.1	1936323
GCA_020990525.1	2824929
GCA_020990785.1	2824928
GCA_003213455.1	687513
GCA_902575035.1	687513
GCA_020881345.1	4702476
GCA_963895965.1	4702476
GCA_902485775.1	1567717
GCA_900766895.1	1567717
GCA_035441705.1	1423914
GCA_036736615.1	1423914
GCA_003282965.1	955892
GCA_902515515.1	955892
GCA_041714675.1	2730436
GCA_041733725.1	2730436
GCA_948759555.1	1962659
GCA_948972985.1	1962659
GCA_002005125.1	7139722
GCA_005930655.1	7139722
GCA_013377595.2	5234651
GCA_013377665.2	5234651
GCA_024499135.1	3929763
GCA_002192235.1	3929760
GCA_009814915.1	1788505
GCA_009817695.1	1788508
GCA_009818415.1	1788509
GCA_009819095.1	1788514
GCA_001044025.1	2846068
GCA_001656845.1	2846072
GCA_900557345.1	2102749
GCA_902479825.1	2102749
GCA_035394065.1	2326879
GCA_036821265.1	2326879
GCA_035427165.1	3346261
GCA_036769305.1	3346261
GCA_023715385.1	5858058
GCA_023714245.1	5858058
GCA_005845315.1	4471231
GCA_040244365.1	4471231
GCA_905199045.1	1574971
GCA_900548005.1	1574971
GCA_000662395.1	5559014
GCA_000520055.1	5559008
GCA_031583375.1	2645741
GCA_031583335.1	2645738
GCA_015554265.1	2169011
GCA_039760095.1	2169011
GCA_900551375.1	1254341
GCA_902479375.1	1254341
GCA_000373665.1	8646873
GCA_009864915.1	8646873
GCA_035396225.1	2485660
GCA_036827885.1	2485660
GCA_900313565.1	2056896
GCA_902757905.1	2056896
GCA_005845055.1	1962913
GCA_015556715.1	1962913
GCA_009765585.1	4876886
GCA_009767695.1	4876886
GCA_026128215.1	5633298
GCA_026198035.1	5633298
GCA_003282905.1	894461
GCA_902515605.1	894461
GCA_902484075.1	2214959
GCA_900761905.1	2214959
GCA_004922885.1	2217029
GCA_016905275.1	2217029
GCA_003213215.1	770013
GCA_902575255.1	770013
GCA_900236585.1	3295066
GCA_900236375.1	3295073
GCA_943789015.1	2163993
GCA_943845875.1	2163993
GCA_009811875.1	4370004
GCA_963885665.1	4370004
GCA_003852135.1	2668974
GCA_003852195.1	2668974
GCA_003852215.1	2668974
GCA_035325085.1	3265344
GCA_036796535.1	3265344
GCA_002095995.1	816433
GCA_002096015.1	816433
GCA_003287555.1	5376666
GCA_963878355.1	5376666
GCA_019802665.1	5026670
GCA_020827715.1	5026670
GCA_902483575.1	3509168
GCA_900760755.1	3509168
GCA_900555425.1	624962
GCA_902481285.1	624962
GCA_902754985.1	2087537
GCA_900316435.1	2087537
GCA_902364225.1	2366902
GCA_003457875.1	2366902
GCA_019780565.1	4173956
GCA_904830875.1	4173956
GCA_905120495.1	4173956
GCA_001473245.1	5268230
GCA_963870715.1	5268230
GCA_900317185.1	1721593
GCA_902756895.1	1721593
GCA_015688855.1	2729912
GCA_904501955.1	2729912
GCA_900549535.1	2046457
GCA_902480205.1	2046457
GCA_035324965.1	4122882
GCA_036724355.1	4122882
GCA_900766655.1	1684255
GCA_902485595.1	1684255
GCA_902488065.1	1303918
GCA_900771355.1	1303918
GCA_035326225.1	2757282
GCA_036804725.1	2757282
GCA_014926255.1	3744513
GCA_019779965.1	3744513
GCA_015693865.1	3919144
GCA_015693965.1	3919144
GCA_040383235.1	2292467
GCA_900087635.2	2292467
GCA_902487975.1	2069772
GCA_900771555.1	2069772
GCA_035395445.1	1937641
GCA_036754065.1	1937641
GCA_948737925.1	2353742
GCA_948986405.1	2353742
GCA_013107735.1	4413600
GCA_013110205.1	4413600
GCA_035323135.1	3986470
GCA_036799745.1	3986470
GCA_035426905.1	3085114
GCA_036802925.1	3085114
GCA_902759655.1	1427139
GCA_900317575.1	1427139
GCA_000600015.1	2904662
GCA_000318055.1	2904662
GCA_017299435.1	5161789
GCA_017298735.1	5161788
GCA_902362665.1	3390789
GCA_900066495.1	3390789
GCA_022845915.1	4158097
GCA_022845895.1	4158096
GCA_019448275.1	2027143
GCA_019448285.1	2027143
GCA_036773655.1	2840575
GCA_035392725.1	2840575
GCA_902758405.1	3304924
GCA_900318925.1	3304924
GCA_001937955.1	2989704
GCA_003057495.1	2989704
GCA_000506865.1	2504912
GCA_902386265.1	2504912
GCA_035404585.1	1127210
GCA_036725465.1	1127210
GCA_002447975.1	4411479
GCA_002886865.1	4411478
GCA_002447515.1	4411475
GCA_902486725.1	1093650
GCA_900769205.1	1093650
GCA_000308215.1	2620233
GCA_902383895.1	2620233
GCA_900541925.1	2264361
GCA_902480735.1	2264361
GCA_013294105.1	6140102
GCA_013295915.1	6140101
GCA_013407515.1	6140097
GCA_035282145.1	2154398
GCA_035818895.1	2154398
GCA_037093225.1	2154398
GCA_032739065.1	5520528
GCA_035020385.1	5520528
GCA_006246345.1	4804366
GCA_963882945.1	4804366
GCA_037003465.1	4669358
GCA_037003605.1	4669358
GCA_017846485.1	1681173
GCA_014874655.1	1681173
GCA_002857785.1	1797899
GCA_002858265.1	1797897
GCA_016893225.1	2937618
GCA_025153955.1	2937618
GCA_900316265.1	2853974
GCA_902759495.1	2853974
GCA_035398565.1	2986568
GCA_036759205.1	2986568
GCA_902755995.1	2819185
GCA_900319145.1	2819185
GCA_030767155.1	2880180
GCA_040529765.1	2880180
GCA_031965465.1	1733345
GCA_031965155.1	1733345
GCA_900765235.1	1605682
GCA_902485015.1	1605682
GCA_022325065.1	5433165
GCA_034651935.1	5433165
GCA_902757555.1	2130288
GCA_900319405.1	2130288
GCA_949774925.1	2476671
GCA_000953475.1	2476671
GCA_949486795.1	2551553
GCA_949535685.1	2551553
GCA_001462345.1	2829483
GCA_001603875.1	2829483
GCA_003611315.1	1139464
GCA_000017825.1	1139457
GCA_003212295.1	804683
GCA_902592815.1	804683
GCA_033579675.1	1427058
GCA_025059975.1	1427058
GCA_018616455.1	2818267
GCA_018630415.1	2818267
GCA_020683405.1	4409368
GCA_020684105.1	4409374
GCA_002447175.1	4411143
GCA_002447555.1	4411137
GCA_008085305.1	2069548
GCA_021310955.1	2069548
GCA_002913625.1	2023373
GCA_002914295.1	2023373
GCA_035326285.1	4390904
GCA_036737835.1	4390904
GCA_945828135.1	907050
GCA_945869045.1	907050
GCA_009916085.1	4199837
GCA_963887795.1	4199837
GCA_900315075.1	4507126
GCA_902757795.1	4507126
GCA_013100845.1	847999
GCA_013394755.1	847999
GCA_902508005.1	5797042
GCA_963900885.1	5797042
GCA_038077575.1	2557919
GCA_038405415.1	2557919
GCA_035581985.1	2887230
GCA_036409195.1	2887230
GCA_036807185.1	3366989
GCA_035426945.1	3366989
GCA_949538115.1	1337206
GCA_949550555.1	1337206
GCA_016767835.1	2913085
GCA_040144805.1	2913085
GCA_003462365.1	3443473
GCA_902399895.1	3443473
GCA_902508055.1	5925676
GCA_963900255.1	5925676
GCA_001310275.1	7198456
GCA_963870145.1	7198456
GCA_005311125.1	1139123
GCA_001713215.1	1139123
GCA_030016155.2	4559030
GCA_030016185.2	4559032
GCA_030078395.1	2126500
GCA_030078275.1	2126497
GCA_030078255.1	2126496
GCA_020684345.1	4409032
GCA_020684425.1	4409032
GCA_003967215.2	799089
GCA_003967235.2	799089
GCA_004524025.1	4738991
GCA_004524045.1	4738991
GCA_003210025.1	1256227
GCA_902578885.1	1256227
GCA_002170955.2	1056506
GCA_002689525.1	1056506
GCA_028753015.1	3875850
GCA_025947265.1	3875848
GCA_009862415.1	8648704
GCA_900090075.1	8648704
GCA_028463055.1	3966923
GCA_028463585.1	3966920
GCA_028463025.1	3966918
GCA_028463525.1	3966918
GCA_028463685.1	3966916
GCA_949487235.1	1902948
GCA_949523155.1	1902948
GCA_902400055.1	2274775
GCA_003436395.1	2274775
GCA_904885845.1	3931835
GCA_918849725.1	3931827
GCA_900554745.1	1301509
GCA_902479515.1	1301509
GCA_000312105.1	3322119
GCA_902374835.1	3322119
GCA_000628025.1	1829785
GCA_000628285.1	1829776
GCA_000349975.1	2240130
GCA_902381705.1	2240130
GCA_900766255.1	4365701
GCA_902485465.1	4365701
GCA_948531275.1	2775785
GCA_948916745.1	2775785
GCA_949115215.1	2775785
GCA_032808505.1	2923571
GCA_032809245.1	2923571
GCA_019683835.1	2585636
GCA_023511625.1	2585636
GCA_900547475.1	3467094
GCA_902482585.1	3467094
GCA_033170425.1	4560591
GCA_033170525.1	4560591
GCA_003031895.1	2950984
GCA_003390475.1	2950983
GCA_006364655.1	2950983
GCA_022869685.1	2950983
GCA_913698045.1	1298707
GCA_020881215.1	1298707
GCA_900318775.1	2619716
GCA_902755515.1	2619716
GCA_003284275.1	959028
GCA_902509665.1	959028
GCA_000271485.2	5027115
GCA_900100555.1	5027115
GCA_036837985.1	5020796
GCA_035337815.1	5020796
GCA_019091955.1	3787820
GCA_963893315.1	3787820
GCA_900545755.1	2259251
GCA_902482385.1	2259251
GCA_030720405.1	1728944
GCA_030720565.1	1728941
GCA_030720325.1	1728941
GCA_030720245.1	1728935
GCA_030720925.1	1728938
GCA_030720585.1	1728935
GCA_000400615.1	4414325
GCA_002290165.1	4414325
GCA_019092065.1	3648639
GCA_963895555.1	3648639
GCA_900554645.1	1118229
GCA_902480805.1	1118229
GCA_002142475.1	6803468
GCA_002142495.1	6803469
GCA_025604165.1	4691063
GCA_040750935.1	4691063
GCA_900549995.1	4765419
GCA_902480975.1	4765419
GCA_022549275.1	4844436
GCA_963899305.1	4844436
GCA_035394825.1	2489547
GCA_036848355.1	2489547
GCA_903833085.1	5331533
GCA_903867295.1	5331533
GCA_900548885.1	2017244
GCA_902479995.1	2017244
GCA_028065755.1	3942611
GCA_021811105.1	3942611
GCA_902759855.1	1300173
GCA_900318975.1	1300173
GCA_949486945.1	1786706
GCA_949542185.1	1786706
GCA_905187645.1	826490
GCA_937980255.1	826490
GCA_003858835.1	5375428
GCA_009823015.1	5375428
GCA_902479585.1	1764558
GCA_900539165.1	1764558
GCA_001047715.2	2939733
GCA_009648615.1	2939733
GCA_009648635.1	2939732
GCA_009648595.1	2939729
GCA_003795845.1	2288910
GCA_003796945.1	2288910
GCA_002974355.1	4786106
GCA_963877075.1	4786106
GCA_023516835.1	5543800
GCA_036698295.1	5543800
GCA_035395585.1	2030940
GCA_036750995.1	2030940
GCA_031842585.1	2733816
GCA_031842885.1	2733816
GCA_031842905.1	2733816
GCA_001929165.2	5020014
GCA_001929095.2	5020011
GCA_016593215.1	1928669
GCA_016593175.1	1928667
GCA_006365255.1	1262580
GCA_006364055.1	1262579
GCA_035392685.1	2944209
GCA_036847565.1	2944209
GCA_902170365.1	5045924
GCA_963900355.1	5045924
GCA_949429125.1	3312039
GCA_949459455.1	3312039
GCA_949461705.1	3312039
GCA_000464725.1	5516447
GCA_963863775.1	5516447
GCA_902486315.1	2488924
GCA_900768655.1	2488924
GCA_902756975.1	2920141
GCA_900314975.1	2920141
GCA_949536875.1	2073795
GCA_949542255.1	2073795
GCA_900548245.1	2817086
GCA_902483065.1	2817086
GCA_002914145.1	1884438
GCA_902387035.1	1884438
GCA_949529385.1	4524661
GCA_949544805.1	4524661
GCA_004299385.1	4615000
GCA_006538345.1	4615000
GCA_024753105.1	5185556
GCA_027983535.1	5185556
GCA_017115365.1	3104165
GCA_901284395.2	3104166
GCA_003859005.1	4576541
GCA_009823175.1	4576541
GCA_949516285.1	2703783
GCA_949533975.1	2703783
GCA_020907415.1	3759503
GCA_030125555.1	3759503
GCA_025055675.1	2561926
GCA_033583325.1	2561926
GCA_900321835.1	2383638
GCA_902756015.1	2383638
GCA_003213535.1	727766
GCA_902574305.1	727766
GCA_016602315.1	1792213
GCA_016602745.1	1792211
GCA_009816545.1	1788618
GCA_009816845.1	1788619
GCA_009819375.1	1788622
GCA_024519215.1	3850483
GCA_027478735.1	3850483
GCA_003287715.1	5317075
GCA_963878535.1	5317075
GCA_016595575.1	3953077
GCA_016811075.1	3953077
GCA_900771565.1	2162021
GCA_902488115.1	2162021
GCA_011774285.1	7301894
GCA_011777205.1	7301894
GCA_902760175.1	2129384
GCA_900315335.1	2129384
GCA_003213015.1	1108048
GCA_902580675.1	1108048
GCA_015551805.1	6425694
GCA_039760215.1	6425694
GCA_036997925.1	5892261
GCA_026162005.1	5892261
GCA_035393225.1	1096352
GCA_036747075.1	1096352
GCA_001486505.1	5370356
GCA_902375825.1	5370356
GCA_902170525.1	4568487
GCA_963901315.1	4568487
GCA_003282885.1	1601065
GCA_902515875.1	1601065
GCA_014163665.1	4649514
GCA_963890165.1	4649514
GCA_900554915.1	1395423
GCA_902482205.1	1395423
GCA_000531455.1	4824775
GCA_963864695.1	4824775
GCA_030721065.1	1670921
GCA_030719865.1	1670916
GCA_000333015.1	3489460
GCA_000420685.1	3489460
GCA_948735875.1	1780870
GCA_949080735.1	1780870
GCA_003576085.1	2206844
GCA_009911495.1	2206844
GCA_003852155.1	2658139
GCA_003852175.1	2658139
GCA_000211295.1	829709
GCA_037997105.1	829709
GCA_900313425.1	3596020
GCA_902755395.1	3596020
GCA_003326145.1	4357245
GCA_003383125.1	4357245
GCA_025421865.1	5021307
GCA_028464345.1	5021307
GCA_013801425.1	4909259
GCA_013801845.1	4909259
GCA_000727255.1	3095489
GCA_000728745.1	3095488
GCA_013329635.1	1667845
GCA_003672855.1	1667845
GCA_000438805.2	4134889
GCA_963865215.1	4134889
GCA_016925275.1	5505287
GCA_017742955.1	5505287
GCA_030234225.1	5600139
GCA_033194915.1	5600139
GCA_001083805.1	5464970
GCA_963866115.1	5464970
GCA_002209725.2	5257294
GCA_001682175.1	5257288
GCA_900540215.1	2769057
GCA_902481555.1	2769057
GCA_002947575.1	2221315
GCA_000026665.1	2221315
GCA_009913335.1	4018060
GCA_009913315.1	4018059
GCA_035426925.1	4299251
GCA_036769315.1	4299251
GCA_035405225.1	3102229
GCA_036737165.1	3102229
GCA_035329805.1	3154915
GCA_036782915.1	3154915
GCA_003464285.1	1968193
GCA_022509335.1	1968193
GCA_902363965.1	1968193
GCA_002965595.1	4933984
GCA_963876935.1	4933984
GCA_002447375.1	4411394
GCA_002447715.1	4411392
GCA_002447795.1	4411392
GCA_002447355.1	4411385
GCA_000756205.1	2806345
GCA_023657555.1	2806340
GCA_001483905.1	4370705
GCA_015482805.1	4370706
GCA_035427065.1	4156840
GCA_036740275.1	4156840
GCA_002890725.1	4932659
GCA_002890755.1	4932663
GCA_900760945.1	3084338
GCA_902483885.1	3084338
GCA_902362615.1	3650957
GCA_900066365.1	3650957
GCA_015354995.1	2592871
GCA_036400515.1	2592871
GCA_001028135.1	4183760
GCA_963866815.1	4183760
GCA_012952615.1	5298611
GCA_025593685.1	5298611
GCA_001116305.1	2146830
GCA_001355355.1	2146830
GCA_945827945.1	2445113
GCA_945875325.1	2445113
GCA_018642205.1	2217190
GCA_018642225.1	2217190
GCA_949496545.1	4095350
GCA_949544175.1	4095350
GCA_037000065.1	5521998
GCA_026164175.1	5521998
GCA_002040445.1	4699417
GCA_001359835.1	4699422
GCA_003925955.1	805916
GCA_003925975.1	805916
GCA_949506335.1	2786043
GCA_949535745.1	2786043
GCA_035404365.1	2104715
GCA_036795315.1	2104715
GCA_029370365.1	5333942
GCA_029370025.1	5333942
GCA_029369825.1	5333942
GCA_029369845.1	5333942
GCA_029370205.1	5333942
GCA_018413565.1	3172159
GCA_019083985.1	3172159
GCA_025754355.1	5359967
GCA_025755115.1	5359967
GCA_902374185.1	2642081
GCA_000172135.1	2642081
GCA_949497185.1	5342534
GCA_949519405.1	5342534
GCA_902364055.1	5921605
GCA_003479085.1	5921605
GCA_009814885.1	1788283
GCA_009819265.1	1788278
GCA_944470245.1	159821
GCA_946799745.1	159821
GCA_900323955.1	2730181
GCA_900323965.1	2730180
GCA_900541045.1	2147475
GCA_902480745.1	2147475
GCA_002170445.2	4964254
GCA_002689605.1	4964254
GCA_030719565.1	1670900
GCA_030720125.1	1670895
GCA_003231495.1	5931841
GCA_963878285.1	5931841
GCA_003458715.1	2274946
GCA_902364145.1	2274946
GCA_003248835.1	2332144
GCA_003248845.1	2332144
GCA_001418295.1	5268632
GCA_001517325.1	5268632
GCA_947498245.1	1213761
GCA_943357285.1	1213761
GCA_002777035.1	1048696
GCA_002777055.1	1048696
GCA_002777075.1	1048696
GCA_024169655.1	6377592
GCA_024169225.1	6377587
GCA_002127545.1	4096854
GCA_963874175.1	4096854
GCA_011327055.1	2100669
GCA_011327085.1	2100670
GCA_032738965.1	5477712
GCA_035020305.1	5477712
GCA_015355095.1	2593266
GCA_036400835.1	2593266
GCA_902385675.1	4669710
GCA_000218155.2	4669710
GCA_902755275.1	2907361
GCA_900317795.1	2907361
GCA_000011325.1	3309401
GCA_000382905.1	3309400
GCA_037888875.1	4953592
GCA_037887095.1	4953585
GCA_003467215.1	3493311
GCA_902365055.1	3493311
GCA_001194765.1	7089856
GCA_001321185.1	7089860
GCA_900197875.1	7673585
GCA_900241035.1	7673585
GCA_023534095.1	5139041
GCA_023534825.1	5139041
GCA_900766185.1	2790277
GCA_902485175.1	2790277
GCA_003050445.1	5279504
GCA_963878555.1	5279504
GCA_030845875.1	5685454
GCA_030845915.1	5685451
GCA_012584345.1	2031565
GCA_030730765.1	2031565
GCA_015656515.1	2036772
GCA_904502105.1	2036772
GCA_900557725.1	1513883
GCA_902482025.1	1513883
GCA_032742855.1	5051685
GCA_035020405.1	5051685
GCA_001048475.1	5645498
GCA_963865515.1	5645498
GCA_025422015.1	5093749
GCA_028464505.1	5093749
GCA_039778305.1	1048006
GCA_039778315.1	1048006
GCA_000173515.1	1048006
GCA_948892585.1	1899739
GCA_949036315.1	1899739
GCA_031882575.1	6696054
GCA_031881815.1	6696047
GCA_011464195.1	1017273
GCA_011463895.1	1017268
GCA_007974165.1	2593344
GCA_007974065.1	2593342
GCA_007974025.1	2593336
GCA_003278125.1	1040035
GCA_902555565.1	1040035
GCA_003470905.1	4145911
GCA_902364695.1	4145911
GCA_029624995.1	5563843
GCA_029625015.1	5563837
GCA_029624875.1	5563840
GCA_029625075.1	5563836
GCA_003278065.1	1056881
GCA_902559505.1	1056881
GCA_001182045.1	2476884
GCA_902375495.1	2476884
GCA_000612925.1	4457049
GCA_000820645.1	4457049
GCA_002966065.1	5410673
GCA_963877025.1	5410673
GCA_003213175.1	1471115
GCA_902575745.1	1471115
GCA_000499525.1	3735762
GCA_902375215.1	3735762
GCA_016925435.1	5450493
GCA_017742895.1	5450492
GCA_949447905.1	1664058
GCA_949478755.1	1664058
GCA_014525095.1	4508503
GCA_963889215.1	4508503
GCA_900095805.1	6541482
GCA_036233755.1	6541477
GCA_900119705.1	1671491
GCA_902381775.1	1671491
GCA_003672325.1	1609577
GCA_013329295.1	1609577
GCA_900769915.1	1967680
GCA_902487095.1	1967680
GCA_902759785.1	2088354
GCA_900321335.1	2088354
GCA_023238285.1	3929584
GCA_011769925.1	3929585
GCA_016801735.1	3929584
GCA_022869125.1	3929584
GCA_023822685.1	3929584
GCA_030264255.1	3929584
GCA_011100445.1	3929583
GCA_900321915.1	2278904
GCA_902760075.1	2278904
GCA_900319985.1	2220727
GCA_902758075.1	2220727
GCA_902480815.1	1891686
GCA_900545235.1	1891686
GCA_017298815.1	5160530
GCA_017298855.1	5160529
GCA_017299035.1	5160529
GCA_902374065.1	3158014
GCA_000162115.1	3158014
GCA_000347555.1	6125072
GCA_963862185.1	6125072
GCA_014900195.1	4418552
GCA_000193185.2	4418548
GCA_036039845.1	5082087
GCA_036227765.1	5082087
GCA_902756985.1	3122060
GCA_900316655.1	3122060
GCA_900314815.1	2964109
GCA_902757645.1	2964109
GCA_036729785.1	1455013
GCA_035398945.1	1455013
GCA_964198785.1	5763703
GCA_964198685.1	5763702
GCA_003050545.1	5384964
GCA_963878795.1	5384964
GCA_041765015.1	3035544
GCA_041765025.1	3035544
GCA_000722995.1	4931447
GCA_963864055.1	4931447
GCA_002799765.1	4841633
GCA_002799805.1	4841633
GCA_035325385.1	3953784
GCA_036734345.1	3953784
GCA_001049735.1	2888349
GCA_001404155.1	2888349
GCA_001266655.1	2191533
GCA_001266715.1	2191533
GCA_001266735.1	2191533
GCA_001266695.1	2191531
GCA_001266675.1	2191529
GCA_003858825.1	4952792
GCA_009822935.1	4952792
GCA_900552295.1	1802658
GCA_902483135.1	1802658
GCA_023274315.1	5222967
GCA_023276265.1	5222967
GCA_023894135.1	5222967
GCA_035398965.1	2236548
GCA_036725045.1	2236548
GCA_900767025.1	2166830
GCA_902485835.1	2166830
GCA_022096975.1	2182616
GCA_023128635.1	2182616
GCA_017051735.1	5275089
GCA_022603415.1	5275089
GCA_035404465.1	2144127
GCA_036825115.1	2144127
GCA_019273675.1	4236368
GCA_019273635.1	4236368
GCA_001683095.1	5228660
GCA_001683175.1	5228658
GCA_001683155.1	5228657
GCA_001683135.1	5228656
GCA_001683195.1	5228656
GCA_000008165.1	5228663
GCA_003280455.1	914132
GCA_902543125.1	914132
GCA_000969835.1	6486757
GCA_902375575.1	6486757
GCA_015552605.1	7211870
GCA_040246175.1	7211870
GCA_949497305.1	1683637
GCA_949519335.1	1683637
GCA_009767005.1	5069533
GCA_009793885.1	5069533
GCA_902480965.1	4682631
GCA_900555905.1	4682631
GCA_030851405.1	3901483
GCA_013048735.1	3901483
GCA_963888245.1	3901483
GCA_024260645.1	5389748
GCA_024435275.1	5389748
GCA_024600175.1	7003821
GCA_024600455.1	7003821
GCA_035329505.1	2422361
GCA_036771075.1	2422361
GCA_902486775.1	928849
GCA_900769415.1	928849
GCA_000012545.1	1767403
GCA_902384015.1	1767403
GCA_025604145.1	4695080
GCA_040750915.1	4695080
GCA_002213845.1	2870277
GCA_002213865.1	2870277
GCA_001457815.1	3716774
GCA_902375805.1	3716774
GCA_000820185.2	4755221
GCA_963867195.1	4755221
GCA_900143385.1	2921868
GCA_900148725.1	2921868
GCA_000836735.1	4840667
GCA_963866575.1	4840667
GCA_020881455.1	5341399
GCA_963895835.1	5341399
GCA_002711365.1	7866187
GCA_009863285.1	7866187
GCA_900090175.1	7866187
GCA_035404325.1	2689653
GCA_036834345.1	2689653
GCA_019279695.1	2796432
GCA_019784245.1	2796432
GCA_001250235.2	4033501
GCA_900205735.1	4033501
GCA_011189495.1	4846662
GCA_963888045.1	4846662
GCA_003050315.1	5341876
GCA_963878905.1	5341876
GCA_949497275.1	1434884
GCA_949544205.1	1434884
GCA_000312045.1	4188269
GCA_902374855.1	4188269
GCA_900767435.1	825696
GCA_902485985.1	825696
GCA_030053695.1	2861752
GCA_030053715.1	2861752
GCA_900313825.1	3042944
GCA_902756625.1	3042944
GCA_001274995.1	3982639
GCA_902387785.1	3982639
GCA_030720345.1	1670831
GCA_030720205.1	1670827
GCA_030719425.1	1670825
GCA_037094705.1	1830701
GCA_041118735.1	1830700
GCA_900313775.1	1605382
GCA_902759915.1	1605382
GCA_902756635.1	3235920
GCA_900318085.1	3235920
GCA_001323145.1	4364689
GCA_001324105.1	4364692
GCA_002834485.1	5357607
GCA_002835175.1	5357607
GCA_900762155.1	1766327
GCA_902484195.1	1766327
GCA_000735855.1	4539435
GCA_000735895.1	4539435
GCA_000736095.1	4539435
GCA_019091825.1	3573136
GCA_027853315.1	3573136
GCA_022014445.1	4031009
GCA_023955475.1	4031009
GCA_035329365.1	2102438
GCA_036835565.1	2102438
GCA_006366745.1	3943960
GCA_026805065.1	3943960
GCA_900764925.1	2290320
GCA_902484815.1	2290320
GCA_900321425.1	2176056
GCA_902757955.1	2176056
GCA_945831145.1	1710754
GCA_945875345.1	1710754
GCA_000015005.1	6988209
GCA_000283295.1	6988208
GCA_001306215.1	5895444
GCA_963869775.1	5895444
GCA_014145445.1	2095508
GCA_020786015.1	2095508
GCA_948812385.1	2529754
GCA_949055195.1	2529754
GCA_017115185.1	3104278
GCA_017115425.1	3104280
GCA_902652705.1	3104281
GCA_902652755.1	3104279
GCA_015656875.1	1954735
GCA_904501675.1	1954735
GCA_902756815.1	2411161
GCA_900314535.1	2411161
GCA_009905035.1	3927806
GCA_963886575.1	3927806
GCA_003289415.1	4773474
GCA_902387985.1	4773474
GCA_019378775.1	4546640
GCA_019378815.1	4546640
GCA_020861325.1	4546642
GCA_036038825.1	5164411
GCA_040224675.1	5164411
GCA_948870925.1	1656522
GCA_948965385.1	1656522
GCA_015548495.1	5102436
GCA_040243475.1	5102436
GCA_012910885.1	4215846
GCA_963887635.1	4215846
GCA_018448965.1	5486928
GCA_963892985.1	5486928
GCA_004570945.1	2266646
GCA_015234965.1	2266646
GCA_947581645.1	2956959
GCA_030689415.1	2956959
GCA_900316575.1	2353439
GCA_902757175.1	2353439
GCA_022439465.1	4734605
GCA_022654245.1	4734605
GCA_000006765.1	6264404
GCA_025452135.1	6264404
GCA_024534275.1	5576408
GCA_025399375.1	5576408
GCA_025882125.1	5130774
GCA_025882675.1	5130775
GCA_000628845.1	1831362
GCA_000628245.1	1831357
GCA_900772105.1	1550881
GCA_902488195.1	1550881
GCA_025388655.1	3149607
GCA_025388695.1	3149607
GCA_002172845.2	1788748
GCA_002705795.1	1788748
GCA_028594335.1	2056842
GCA_034187145.1	2056842
GCA_035398145.1	4096748
GCA_036769975.1	4096748
GCA_003287645.1	5491821
GCA_963878375.1	5491821
GCA_900059565.1	1642295
GCA_902375925.1	1642295
GCA_900545985.1	3022567
GCA_902467655.1	3022567
GCA_038163225.1	2728889
GCA_038158525.1	2728887
GCA_900770025.1	2050564
GCA_902487195.1	2050564
GCA_900143405.1	2727734
GCA_900148525.1	2727734
GCA_019780365.1	3103583
GCA_028746005.1	3103583
GCA_035394225.1	2093961
GCA_036769825.1	2093961
GCA_025422045.1	4958581
GCA_028464565.1	4958581
GCA_900760845.1	1424715
GCA_902483605.1	1424715
GCA_949529315.1	1811383
GCA_949544565.1	1811383
GCA_949540535.1	1695931
GCA_949544755.1	1695931
GCA_035427245.1	3843136
GCA_036720055.1	3843136
GCA_021560315.1	2474411
GCA_021560335.1	2474408
GCA_013294925.1	6140121
GCA_013294745.1	6140120
GCA_013296775.1	6140119
GCA_013294465.1	6140117
GCA_003672845.1	1701483
GCA_013329375.1	1701483
GCA_902756585.1	3084238
GCA_900317375.1	3084238
GCA_001280945.1	4878919
GCA_963869725.1	4878919
GCA_900318815.1	4119111
GCA_902758505.1	4119111
GCA_003947355.1	4804193
GCA_963881235.1	4804193
GCA_020685405.1	1707646
GCA_022127955.1	1707646
GCA_902758415.1	1941332
GCA_900319935.1	1941332
GCA_949546945.1	2353773
GCA_949551815.1	2353773
GCA_036837485.1	3022884
GCA_035323725.1	3022884
GCA_900512345.2	5769969
GCA_902157185.1	5769969
GCA_902507965.1	5743426
GCA_963900875.1	5743426
GCA_002859265.1	2344126
GCA_002859525.1	2344125
GCA_034051595.1	2361455
GCA_034052395.1	2361455
GCA_949521945.1	2335775
GCA_949524445.1	2335775
GCA_004634745.1	4107415
GCA_022406935.1	4107413
GCA_002892685.1	4107409
GCA_022409315.1	4107409
GCA_001605155.1	4107408
GCA_004009495.1	4107408
GCA_022409535.1	4107406
GCA_949486935.1	1817088
GCA_949553145.1	1817088
GCA_009766975.1	4863888
GCA_009793925.1	4863888
GCA_902756695.1	2677173
GCA_900319305.1	2677173
GCA_001878095.1	1612483
GCA_033241735.1	1612480
GCA_005771415.1	2732539
GCA_005861605.1	2732539
GCA_949506105.1	1749904
GCA_949550505.1	NA
GCA_035329405.1	3041171
GCA_036826305.1	3041171
GCA_900541725.1	2129355
GCA_902480095.1	2129355
GCA_009817005.1	1788394
GCA_009817035.1	1788389
GCA_009818555.1	1788392
GCA_009818655.1	1788391
GCA_006970065.1	1017184
GCA_000953235.1	1017183
GCA_006970285.1	1017180
GCA_006969105.1	1017178
GCA_012913625.1	6530403
GCA_012913645.1	6530403
GCA_012972105.1	6530396
GCA_004570995.1	3666628
GCA_015235345.1	3666628
GCA_035327245.1	6725125
GCA_036826455.1	6725125
GCA_000752215.1	3737722
GCA_902375325.1	3737722
GCA_900766235.1	3705077
GCA_902485135.1	3705077
GCA_000628165.1	1832504
GCA_000628045.1	1832502
GCA_902483935.1	2245318
GCA_900761655.1	2245318
GCA_015905135.1	1613848
GCA_017595005.1	1613848
GCA_900315425.1	2052273
GCA_902755005.1	2052273
GCA_023511055.1	9170873
GCA_023511065.1	9170873
GCA_008868075.1	5594836
GCA_009746285.1	5594836
GCA_009814845.1	1788957
GCA_017089035.1	1788959
GCA_005281825.1	4999218
GCA_013416885.1	4999218
GCA_026009575.1	4403540
GCA_030385855.1	4403540
GCA_003672975.1	1726134
GCA_013331115.1	1726134
GCA_007003765.1	2526368
GCA_007003825.1	2526368
GCA_902754975.1	2715868
GCA_900319665.1	2715868
GCA_900770015.1	3049750
GCA_902487185.1	3049750
GCA_009746365.1	5448782
GCA_013187425.1	5448782
GCA_900086655.1	5668632
GCA_902376025.1	5668632
GCA_902481725.1	2223547
GCA_900538905.1	2223547
GCA_015688805.1	1428695
GCA_904501925.1	1428695
GCA_005844225.1	3239091
GCA_015556735.1	3239091
GCA_000470595.1	1991455
GCA_000470615.1	1991453
GCA_003397525.1	6624004
GCA_009765195.1	6624004
GCA_902758185.1	1655309
GCA_900320935.1	1655309
GCA_016657725.1	4552574
GCA_016917395.1	4552574
GCA_001188025.2	2906671
GCA_000681515.2	2906670
GCA_030190265.1	5416847
GCA_030192895.1	5416854
GCA_002200915.1	4564150
GCA_000772935.1	4564150
GCA_002114545.1	1836142
GCA_902387065.1	1836142
GCA_026183815.1	2560672
GCA_026183835.1	2560672
GCA_900553585.1	1871780
GCA_905206525.1	1871780
GCA_008802375.1	6724970
GCA_026127235.1	6724970
GCA_001050715.1	6472478
GCA_963867015.1	6472478
GCA_025054615.1	2482860
GCA_033582935.1	2482860
GCA_902374285.1	1821055
GCA_000186545.1	1821055
GCA_035323565.1	2650992
GCA_036822575.1	2650992
GCA_900320635.1	2013156
GCA_902759015.1	2013156
GCA_035323635.1	3380722
GCA_036783345.1	3380722
GCA_020052245.1	2321999
GCA_020059645.1	2321999
GCA_022509285.1	2553575
GCA_002563615.1	2553575
GCA_001941425.1	2790185
GCA_902381765.1	2790185
GCA_035397365.1	3137703
GCA_036745815.1	3137703
GCA_023655545.1	2813929
GCA_023655825.1	2813929
GCA_023656005.1	2813929
GCA_023656025.1	2813929
GCA_023657035.1	2813929
GCA_900086715.1	4547476
GCA_902376075.1	4547476
GCA_006383245.1	5118485
GCA_905331755.1	5118485
GCA_009888185.1	2127525
GCA_009889555.1	2127525
GCA_002448075.1	4411284
GCA_002447075.1	4411280
GCA_002165785.1	1937734
GCA_902387055.1	1937734
GCA_902755105.1	2037035
GCA_900320145.1	2037035
GCA_902759255.1	2300036
GCA_900313135.1	2300036
GCA_025060475.1	1722240
GCA_033579715.1	1722240
GCA_002205055.1	5281430
GCA_009907235.1	5281430
GCA_036998885.1	5706121
GCA_026161885.1	5706121
GCA_036799985.1	2891279
GCA_035396985.1	2891279
GCA_015475555.1	4141308
GCA_016647575.1	4141308
GCA_949530525.1	1884152
GCA_949540465.1	1884152
GCA_000208545.2	5191154
GCA_963861705.1	5191154
GCA_003610465.1	4058264
GCA_963879615.1	4058264
GCA_000233875.1	5038386
GCA_000233895.1	5038386
GCA_035325405.1	6042145
GCA_036735945.1	6042145
GCA_035398295.1	2504357
GCA_036745775.1	2504357
GCA_035393025.1	2175467
GCA_036753525.1	2175467
GCA_902159565.1	2864465
GCA_902160455.1	2864465
GCA_039640175.1	4826121
GCA_039640485.1	4826121
GCA_001689915.1	2760011
GCA_002741995.1	2760011
GCA_003265465.1	4256224
GCA_900491705.1	4256224
GCA_900315215.1	1863219
GCA_902757275.1	1863219
GCA_030762015.1	3285115
GCA_030762115.1	3285114
GCA_900320585.1	3487601
GCA_902758785.1	3487601
GCA_003688535.1	4698037
GCA_003688655.1	4698037
GCA_000470395.1	1993005
GCA_000470295.1	1993001
GCA_902755695.1	1906511
GCA_900317975.1	1906511
GCA_035405445.1	1336302
GCA_036733205.1	1336302
GCA_000175995.1	4366551
GCA_963861715.1	4366551
GCA_938049595.1	649944
GCA_947441085.1	649944
GCA_003024715.1	3277016
GCA_902387235.1	3277016
GCA_000572155.1	4401899
GCA_000671875.1	4401897
GCA_016881405.1	3402224
GCA_014042245.2	3402224
GCA_001418205.1	4189249
GCA_001517305.1	4189249
GCA_003390165.1	2936096
GCA_003674025.1	2936096
GCA_900316985.1	3727968
GCA_902755265.1	3727968
GCA_009912535.1	2790390
GCA_031583105.1	2790390
GCA_002097815.1	4014933
GCA_963873525.1	4014933
GCA_011774125.1	2579314
GCA_011777025.1	2579314
GCA_900316395.1	2169808
GCA_902755465.1	2169808
GCA_002237755.1	5159173
GCA_900167885.1	5159173
GCA_900763435.1	2141670
GCA_902484565.1	2141670
GCA_035398005.1	2584152
GCA_036803505.1	2584152
GCA_001418035.1	2848002
GCA_001517245.1	2848002
GCA_000027325.1	580076
GCA_040556925.1	580076
GCA_963854045.1	1190732
GCA_963853935.1	1190725
GCA_900548695.1	1410926
GCA_902480755.1	1410926
GCA_003213695.1	809608
GCA_902571515.1	809608
GCA_902486685.1	1517347
GCA_900769265.1	1517347
GCA_000806265.1	5117746
GCA_000512625.1	5117746
GCA_003184985.1	2808627
GCA_003185005.1	2808627
GCA_029831355.1	3010381
GCA_029831505.1	3010382
GCA_035396365.1	3163538
GCA_036743375.1	3163538
GCA_001442965.1	2918661
GCA_001536265.1	2918661
GCA_003311975.1	4080506
GCA_963895755.1	4080506
GCA_020052495.1	2028814
GCA_020060275.1	2028814
GCA_944470275.2	5185370
GCA_946798875.1	5185370
GCA_944470285.1	272350
GCA_946800035.1	272350
GCA_001975475.1	5043245
GCA_963871285.1	5043245
GCA_035393465.1	3686314
GCA_036733305.1	3686314
GCA_003214635.1	828558
GCA_902567435.1	828558
GCA_958419085.1	1629882
GCA_033240605.1	1629883
GCA_002412025.1	4239045
GCA_002892245.1	4239045
GCA_013296005.1	6140033
GCA_013296965.1	6140028
GCA_001986615.1	4105334
GCA_001985925.1	4105333
GCA_001986195.1	4105333
GCA_004635745.1	4105332
GCA_001605445.1	4105331
GCA_001988375.1	4105331
GCA_001605075.1	4105330
GCA_001988495.1	4105330
GCA_022409175.1	4105330
GCA_022409235.1	4105329
GCA_004636465.1	4105328
GCA_900539245.1	2372676
GCA_902483055.1	2372676
GCA_024702125.1	3021286
GCA_024702355.1	3021288
GCA_003641305.1	4985867
GCA_003641325.1	4985874
GCA_900095865.1	2985330
GCA_902376115.1	2985330
GCA_902643975.1	1227386
GCA_902644025.1	1227389
GCA_001945865.1	4410073
GCA_000660105.1	4410067
GCA_002192615.1	1038827
GCA_035113585.1	1038832
GCA_009184365.1	2985996
GCA_009295635.1	2985996
GCA_900317115.1	3353786
GCA_902759095.1	3353786
GCA_003350295.1	4360861
GCA_963879465.1	4360861
GCA_034171625.1	2442914
GCA_028872315.1	2442914
GCA_018502225.1	2676222
GCA_018502085.1	2676222
GCA_018502205.1	2676222
GCA_900550005.1	1980396
GCA_902467095.1	1980396
GCA_035405505.1	3998417
GCA_036845765.1	3998417
GCA_035337795.1	5897210
GCA_036759565.1	5897210
GCA_003955815.1	1894185
GCA_000833515.1	1894186
GCA_010119745.1	5506958
GCA_963888125.1	5506958
GCA_004150385.1	3589827
GCA_022807515.1	3589827
GCA_003175035.1	2151450
GCA_022509405.1	2151450
GCA_945830725.1	3285911
GCA_945873495.1	3285911
GCA_003460605.1	4594075
GCA_902364215.1	4594075
GCA_009905095.1	3735804
GCA_963886765.1	3735804
GCA_002285615.1	2753764
GCA_002285815.1	2753764
GCA_900542825.1	2093657
GCA_902479295.1	2093657
GCA_018727625.1	1737080
GCA_958295315.1	1737080
GCA_025457405.1	1670991
GCA_025459785.1	1670989
GCA_025460005.1	1670986
GCA_900767445.1	2551473
GCA_902485955.1	2551473
GCA_035393645.1	3742021
GCA_036803365.1	3742021
GCA_006383335.1	4990978
GCA_905331985.1	4990978
GCA_019370945.1	5443097
GCA_009600735.1	5443097
GCA_902485755.1	2512610
GCA_900766905.1	2512610
GCA_025421955.1	5233646
GCA_028464465.1	5233646
GCA_001407835.1	1832315
GCA_902375645.1	1832315
GCA_900551655.1	1954159
GCA_902481705.1	1954159
GCA_004331795.1	2261573
GCA_004153605.1	2261573
GCA_035327265.1	3546778
GCA_036771085.1	3546778
GCA_019704395.1	4192623
GCA_002556525.1	4192617
GCA_913020425.1	3950267
GCA_963999565.1	3950267
GCA_023702575.1	4245458
GCA_023702595.1	4245458
GCA_000833495.1	1893733
GCA_019469525.1	1893731
GCA_023806065.1	6869613
GCA_023806345.1	6869613
GCA_024179165.1	6869613
GCA_006246595.1	4637031
GCA_963882995.1	4637031
GCA_900544465.1	1884856
GCA_902480015.1	1884856
GCA_003570925.1	1487053
GCA_003140815.1	1487053
GCA_000438705.2	3009523
GCA_000438725.2	3009520
GCA_035435545.1	1949824
GCA_036832315.1	1949824
GCA_017115545.1	3104152
GCA_902652745.1	3104153
GCA_003259515.1	4899812
GCA_963878185.1	4899812
GCA_900764485.1	1388393
GCA_902484665.1	1388393
GCA_035394165.1	837230
GCA_036836435.1	837230
GCA_902758175.1	1775074
GCA_900322105.1	1775074
GCA_036822995.1	1636876
GCA_035326105.1	1636876
GCA_006971625.1	2337594
GCA_004193635.1	2337589
GCA_025604065.1	4714184
GCA_040750995.1	4714184
GCA_004569585.1	2526693
GCA_015235275.1	2526693
GCA_019835555.1	4760433
GCA_019835605.1	4760433
GCA_019835725.1	4760433
GCA_019835805.1	4760433
GCA_019835885.1	4760433
GCA_019835825.1	4760431
GCA_019366485.1	4602777
GCA_021166495.1	4602777
GCA_036805365.1	657506
GCA_035393705.1	657506
GCA_902759765.1	821885
GCA_900313345.1	821885
GCA_900186865.1	5004261
GCA_034424605.1	5004263
GCA_036800445.1	1857705
GCA_035441425.1	1857705
GCA_002188635.1	5862145
GCA_902387155.1	5862145
GCA_001403635.1	3732966
GCA_902375675.1	3732966
GCA_001705095.1	2548117
GCA_902386005.1	2548117
GCA_902759065.1	2916258
GCA_900317785.1	2916258
GCA_900313355.1	1244173
GCA_902759795.1	1244173
GCA_900768695.1	2285322
GCA_902486505.1	2285322
GCA_024220335.1	1744714
GCA_024221515.1	1744711
GCA_000154845.1	4300117
GCA_902373755.1	4300117
GCA_002913965.1	1924634
GCA_902387005.1	1924634
GCA_900314165.1	2630972
GCA_902804145.1	2630972
GCA_006246275.1	4520735
GCA_963883255.1	4520735
GCA_902758265.1	3153498
GCA_900321465.1	3153498
GCA_025572605.1	5730601
GCA_026153745.1	5730601
GCA_949486775.1	1768887
GCA_949523765.1	1768887
GCA_945828115.1	1921456
GCA_945862785.1	1921456
GCA_013377335.1	5049020
GCA_013377355.1	5049020
GCA_034561975.1	1944144
GCA_003428375.1	1944141
GCA_038086955.1	1944141
GCA_023704215.1	1944140
GCA_019048645.1	2019345
GCA_900475095.1	2019343
GCA_022511695.1	6147231
GCA_022549255.1	6147231
GCA_900762325.1	2118625
GCA_902484245.1	2118625
GCA_003795855.1	2943418
GCA_003796085.1	2943418
GCA_902755115.1	2181430
GCA_900321545.1	2181430
GCA_021729965.1	5447540
GCA_028609685.1	5447540
GCA_033658845.1	2657150
GCA_033659825.1	2657150
GCA_010119865.1	5379873
GCA_963887685.1	5379873
GCA_013140035.1	4989487
GCA_013140055.1	4989487
GCA_041682085.1	4969415
GCA_041682155.1	4969405
GCA_023534725.1	4904366
GCA_023535465.1	4904366
GCA_003213625.1	1073813
GCA_902573505.1	1073813
GCA_028065425.1	2492726
GCA_021797715.1	2492726
GCA_040438255.1	5684446
GCA_040438085.1	5684449
GCA_000354675.1	4786349
GCA_963863565.1	4786349
GCA_949544275.1	1983503
GCA_949548045.1	1983503
GCA_031201325.1	4349904
GCA_031201695.1	4349896
GCA_902757925.1	1759195
GCA_900316065.1	1759195
GCA_019371005.1	5441594
GCA_009600765.1	5441594
GCA_003472805.1	2599783
GCA_902364405.1	2599783
GCA_003546995.3	7287440
GCA_902141805.1	7287440
GCA_009626715.1	4773929
GCA_009626875.1	4773929
GCA_032594535.1	4773928
GCA_009626015.1	4773927
GCA_009626355.1	4773927
GCA_009626375.1	4773927
GCA_009626055.1	4773926
GCA_009626195.1	4773925
GCA_009626435.1	4773925
GCA_035398365.1	2162071
GCA_036805825.1	2162071
GCA_003481005.1	3523548
GCA_902399935.1	3523548
GCA_009915365.1	3846421
GCA_963886185.1	3846421
GCA_900314615.1	2431573
GCA_902758945.1	2431573
GCA_948789545.1	1507484
GCA_949092715.1	1507484
GCA_900544765.1	2563577
GCA_902479905.1	2563577
GCA_033658185.1	2573051
GCA_033659905.1	2573051
GCA_036454795.1	3282489
GCA_036454805.1	3282489
GCA_902755135.1	1999526
GCA_900313895.1	1999526
GCA_036791375.1	2310517
GCA_035337975.1	2310517
GCA_900555675.1	664737
GCA_902481525.1	664737
GCA_000819745.1	4690820
GCA_963866355.1	4690820
GCA_003480165.1	1820133
GCA_902364925.1	1820133
GCA_000827025.1	1667303
GCA_000829135.1	1667302
GCA_003858805.1	5078503
GCA_009822955.1	5078503
GCA_001950045.1	2009507
GCA_902386525.1	2009507
GCA_902484025.1	1828806
GCA_900761975.1	1828806
GCA_013295505.1	6140009
GCA_013294855.1	6140005
GCA_040364645.1	2801677
GCA_900051355.1	2801684
GCA_001988515.1	4111657
GCA_001605405.1	4111656
GCA_905201755.1	2204179
GCA_900539455.1	2204179
GCA_900548565.1	1925820
GCA_902481755.1	1925820
GCA_902487705.1	1207795
GCA_900765985.1	1207795
GCA_008244705.1	2886593
GCA_008244725.1	2886593
GCA_008244745.1	2886593
GCA_026198735.1	5646101
GCA_037005865.1	5646101
GCA_902756665.1	1958412
GCA_900318135.1	1958412
GCA_031912465.2	1731455
GCA_031540025.2	1731453
GCA_031676495.2	1731453
GCA_031826325.2	1731453
GCA_014297365.1	3784537
GCA_014284085.1	3784537
GCA_022405275.1	2762193
GCA_022405375.1	2762193
GCA_003478085.1	7234838
GCA_902385105.1	7234838
GCA_900538705.1	2507716
GCA_902467635.1	2507716
GCA_905211275.1	2507716
GCA_018448885.1	5356249
GCA_963892975.1	5356249
GCA_008033545.1	5183178
GCA_024198955.1	5183178
GCA_035441845.1	4170484
GCA_036732585.1	4170484
GCA_000346085.2	927567
GCA_000359165.2	927567
GCA_900321005.1	2118770
GCA_902755225.1	2118770
GCA_025567065.1	2561300
GCA_902362635.1	2561300
GCA_900066485.1	2561300
GCA_900318885.1	3337121
GCA_902759375.1	3337121
GCA_000332215.1	5476421
GCA_963860545.1	5476421
GCA_001457055.1	4114189
GCA_900094875.1	4114189
GCA_035337695.1	3608686
GCA_036778895.1	3608686
GCA_900320835.1	2269043
GCA_902757045.1	2269043
GCA_013166975.1	4529413
GCA_037201835.1	4529414
GCA_001307705.1	4103254
GCA_004009195.1	4103253
GCA_001985425.1	4103252
GCA_001986775.1	4103252
GCA_001985065.1	4103251
GCA_001986415.1	4103249
GCA_014489115.1	3955289
GCA_014841095.1	3955289
GCA_008330865.1	2167995
GCA_001697825.1	2167991
GCA_002873455.1	5373394
GCA_963877405.1	5373394
GCA_035399905.1	3672743
GCA_036836075.1	3672743
GCA_035404765.1	5283686
GCA_036834405.1	5283686
GCA_902756035.1	2308810
GCA_900318445.1	2308810
GCA_026648075.1	2370581
GCA_026648185.1	2370580
GCA_026647725.1	2370577
GCA_003215185.1	673399
GCA_902565165.1	673399
GCA_024260565.1	5472732
GCA_024435115.1	5472732
GCA_013743295.1	4852893
GCA_013743935.1	4852893
GCA_902756405.1	2686636
GCA_900317775.1	2686636
GCA_900539315.1	1704884
GCA_902479935.1	1704884
GCA_001989255.1	4110604
GCA_004636385.1	4110597
GCA_001989295.1	4110596
GCA_902481155.1	3706118
GCA_900549565.1	3706118
GCA_000750635.1	5388101
GCA_902375385.1	5388101
GCA_035393105.1	647235
GCA_036783385.1	647235
GCA_003955905.1	2337570
GCA_005341465.1	2337570
GCA_003439895.1	6348904
GCA_902385405.1	6348904
GCA_900317665.1	2553087
GCA_902755325.1	2553087
GCA_008807915.1	2871995
GCA_008807975.1	2871995
GCA_001512455.1	1469139
GCA_001512995.1	1469139
GCA_037168705.1	5019742
GCA_040010145.1	5019742
GCA_900769735.1	1983378
GCA_902486995.1	1983378
GCA_900091675.1	4965295
GCA_902376195.1	4965295
GCA_902759455.1	2151549
GCA_900320525.1	2151549
GCA_003205045.1	3682288
GCA_004921965.1	3682288
GCA_001990645.1	3325234
GCA_902387675.1	3325234
GCA_902388145.1	3653255
GCA_900454915.1	3653255
GCA_003397565.1	6983925
GCA_009299655.1	6983925
GCA_945831135.1	3376951
GCA_945864845.1	3376951
GCA_010974915.1	4584495
GCA_963888825.1	4584495
GCA_900761945.1	1586321
GCA_902484105.1	1586321
GCA_002952855.1	4651843
GCA_002953035.1	4651843
GCA_002952995.1	4651842
GCA_002953775.1	4651842
GCA_021440865.1	5246560
GCA_963898355.1	5246560
GCA_902365095.1	2006151
GCA_003463825.1	2006151
GCA_000276805.1	4889582
GCA_963860625.1	4889582
GCA_024969715.1	3255705
GCA_024970125.1	3255701
GCA_024970145.1	3255701
GCA_944470305.1	216084
GCA_946799795.1	216084
GCA_945830795.1	1868862
GCA_945866205.1	1868862
GCA_902488205.1	1605651
GCA_900772095.1	1605651
GCA_002875945.1	5685011
GCA_963877875.1	5685011
GCA_036783365.1	2448276
GCA_035393925.1	2448276
GCA_900761435.1	2537982
GCA_902483775.1	2537982
GCA_030675655.1	5641934
GCA_038398245.1	5641934
GCA_900318945.1	2581708
GCA_902755795.1	2581708
GCA_003213095.1	1157916
GCA_902578465.1	1157916
GCA_003632845.1	6695729
GCA_963880565.1	6695729
GCA_012952675.1	3801339
GCA_016506985.1	3801339
GCA_000612865.1	3675175
GCA_902377515.1	3675175
GCA_902756255.1	2125083
GCA_900314575.1	2125083
GCA_900040015.1	2021608
GCA_900035025.1	2021608
GCA_001973705.1	4730222
GCA_001973755.1	4730219
GCA_902756095.1	2423190
GCA_900315175.1	2423190
GCA_902760125.1	1722300
GCA_900319895.1	1722300
GCA_029581015.1	1668551
GCA_029581035.1	1668551
GCA_900551985.1	3427886
GCA_902479855.1	3427886
GCA_000735815.1	4539435
GCA_000735835.1	4539435
GCA_000736175.1	4539435
GCA_902756245.1	2022388
GCA_900318825.1	2022388
GCA_037623195.1	4175913
GCA_037623395.1	4175906
GCA_000952935.1	1144467
GCA_900002505.1	1144467
GCA_900002515.1	1144467
GCA_949497315.1	3803762
GCA_949519425.1	3803762
GCA_011365345.1	2378765
GCA_020514355.1	2378765
GCA_949529275.1	1415040
GCA_949547995.1	1415040
GCA_022070505.1	2046574
GCA_900475305.1	2046573
GCA_003003495.1	2046572
GCA_015273065.1	2760132
GCA_022396075.1	2760132
GCA_009625895.1	4773915
GCA_009626295.1	4773913
GCA_009627715.1	4773913
GCA_009626515.1	4773912
GCA_009625975.1	4773909
GCA_009626255.1	4773909
GCA_009625835.1	4773907
GCA_003186285.1	4773906
GCA_009626535.1	4773906
GCA_009626615.1	4773906
GCA_009627695.1	4773906
GCA_009627635.1	4773905
GCA_900765115.1	2245388
GCA_902484875.1	2245388
GCA_902758995.1	2620913
GCA_900313275.1	2620913
GCA_013838265.1	4457616
GCA_013838465.1	4457616
GCA_902484305.1	1475140
GCA_900762565.1	1475140
GCA_900544235.1	2078819
GCA_902481985.1	2078819
GCA_902756575.1	2688591
GCA_900315255.1	2688591
GCA_902484755.1	816075
GCA_900764675.1	816075
GCA_900544915.1	2287148
GCA_905198355.1	2287148
GCA_022713005.1	2940257
GCA_026459915.1	2940257
GCA_015559025.1	4479550
GCA_028327745.1	4479550
GCA_900314325.1	1388681
GCA_902803895.1	1388681
GCA_003463365.1	6092914
GCA_902385355.1	6092914
GCA_900321945.1	2528398
GCA_902759775.1	2528398
GCA_002221555.2	5128582
GCA_016696745.1	5128582
GCA_030486595.1	7796281
GCA_030504975.1	7796281
GCA_020536625.1	4332964
GCA_020536675.1	4332964
GCA_902759515.1	1858873
GCA_900321075.1	1858873
GCA_900313645.1	1424219
GCA_902758195.1	1424219
GCA_003265545.1	4407499
GCA_900491685.1	4407499
GCA_963878735.1	4407499
GCA_963900105.1	4407499
GCA_949459405.1	2323441
GCA_949461715.1	2323441
GCA_009627275.1	3696571
GCA_009627135.1	3696569
GCA_009627415.1	3696565
GCA_902755915.1	2987407
GCA_900320355.1	2987407
GCA_009766915.1	4941428
GCA_009795175.1	4941428
GCA_030705395.1	4578968
GCA_031119675.1	4578968
GCA_000819785.1	4471402
GCA_963867205.1	4471402
GCA_900117315.1	4216923
GCA_902386855.1	4216923
GCA_902803995.1	2297140
GCA_900314395.1	2297140
GCA_902374465.1	5254771
GCA_000227255.2	5254771
GCA_900321365.1	2236380
GCA_902760025.1	2236380
GCA_002278385.1	4872341
GCA_902387855.1	4872341
GCA_002000565.1	2953985
GCA_002000585.1	2953985
GCA_002000605.1	2953985
GCA_003595425.1	2953985
GCA_003595445.1	2953985
GCA_003595505.1	2953985
GCA_006382855.1	5142793
GCA_905331995.1	5142793
GCA_900107675.1	3488964
GCA_902376165.1	3488964
GCA_000285535.1	4657724
GCA_902374785.1	4657724
GCA_008867645.1	5696473
GCA_009746315.1	5696473
GCA_019249555.1	5696473
GCA_036865815.1	4518863
GCA_036865755.1	4518862
GCA_009816285.1	1788695
GCA_009817105.1	1788686
GCA_009817735.1	1788685
GCA_009818735.1	1788690
GCA_000748245.2	4727570
GCA_000698715.2	4727567
GCA_023534205.1	5022009
GCA_023534965.1	5022009
GCA_902758745.1	3590079
GCA_900318395.1	3590079
GCA_900545545.1	2618954
GCA_902481935.1	2618954
GCA_902643855.1	1225602
GCA_902644405.1	1225597
GCA_026131925.1	4762918
GCA_026131985.1	4762916
GCA_015558365.1	3146046
GCA_028327565.1	3146046
GCA_025060015.1	1602752
GCA_033579525.1	1602752
GCA_004008295.1	4773835
GCA_009627675.1	4773835
GCA_006366575.1	3882765
GCA_026805185.1	3882765
GCA_035395015.1	3101137
GCA_036750595.1	3101137
GCA_900557805.1	1313609
GCA_902482645.1	1313609
GCA_032804165.1	7110115
GCA_032804185.1	7110115
GCA_001684335.1	5420031
GCA_963869765.1	5420031
GCA_008802685.1	6684714
GCA_026126755.1	6684715
GCA_028068675.1	2188904
GCA_021790695.1	2188904
GCA_902759405.1	3533945
GCA_900320305.1	3533945
GCA_033176345.1	1799746
GCA_033176355.1	1799746
GCA_011058655.1	2269994
GCA_023205595.1	2269988
GCA_900315685.1	2386750
GCA_902759335.1	2386750
GCA_035397025.1	2689272
GCA_036821385.1	2689272
GCA_028549955.1	4019436
GCA_028550295.1	4019444
GCA_902482175.1	2628797
GCA_900544395.1	2628797
GCA_028750575.1	4939451
GCA_028750515.1	4939448
GCA_004635545.1	4107552
GCA_004635465.1	4107550
GCA_002859625.1	4107548
GCA_004009435.1	4107545
GCA_022409475.1	4107545
GCA_947462665.1	845579
GCA_009703815.1	845579
GCA_008692525.1	3094075
GCA_963885825.1	3094075
GCA_006937785.1	5211636
GCA_963885345.1	5211636
GCA_035393785.1	2547033
GCA_036781745.1	2547033
GCA_902481775.1	2229238
GCA_900538295.1	2229238
GCA_001986475.1	4101167
GCA_001988595.1	4101167
GCA_000304535.1	1042743
GCA_000304515.1	1042736
GCA_000479045.1	3068248
GCA_902375135.1	3068248
GCA_900553975.1	2508861
GCA_902481355.1	2508861
GCA_016924975.1	3547674
GCA_016924955.1	3547674
GCA_949519485.1	2683556
GCA_949530465.1	2683556
GCA_902507925.1	5822315
GCA_963900845.1	5822315
GCA_902755955.1	2105941
GCA_900317705.1	2105941
GCA_949487745.1	2160726
GCA_949540785.1	2160726
GCA_035396165.1	1741459
GCA_036835805.1	1741459
GCA_030283685.1	5268447
GCA_030283695.1	5268447
GCA_003474255.1	3683553
GCA_902364415.1	3683553
GCA_000195835.3	4349904
GCA_008033095.1	4349904
GCA_001688975.1	4542592
GCA_001689265.1	4542592
GCA_002222615.2	4570803
GCA_025146315.1	4570799
GCA_036998365.1	5786219
GCA_026162045.1	5786219
GCA_001986155.1	4109545
GCA_001987095.1	4109544
GCA_001987195.1	4109543
GCA_001987775.1	4109543
GCA_001986815.1	4109537
GCA_004634885.1	4109535
GCA_900761665.1	1581010
GCA_902484015.1	1581010
GCA_002129445.1	4411751
GCA_000661465.1	4411747
GCA_025808315.1	4791733
GCA_025808235.1	4791732
GCA_003336205.1	2375938
GCA_003984675.1	2375938
GCA_900766315.1	3926186
GCA_902485435.1	3926186
GCA_915401735.1	4386911
GCA_915401715.1	4386908
GCA_000277185.1	1111454
GCA_000277205.1	1111445
GCA_000800765.1	4558660
GCA_000800215.1	4558663
GCA_036789985.1	3276704
GCA_035441605.1	3276704
GCA_000736695.1	4674877
GCA_963864975.1	4674877
GCA_001050635.1	6445886
GCA_963865545.1	6445886
GCA_002946675.1	4776643
GCA_002313085.1	4776636
GCA_003259585.1	8026993
GCA_009862035.1	8026993
GCA_900768705.1	2237307
GCA_902486485.1	2237307
GCA_036999465.1	5785222
GCA_026163805.1	5785222
GCA_948537055.1	1507281
GCA_948906735.1	1507281
GCA_945828595.1	1616254
GCA_945873525.1	1616254
GCA_035397955.1	1923365
GCA_036757145.1	1923365
GCA_900555205.1	1362182
GCA_902483155.1	1362182
GCA_001308165.1	4641689
GCA_029855305.1	4641690
GCA_014530035.1	2642014
GCA_018682345.1	2642014
GCA_002447475.1	4411415
GCA_002448215.1	4411414
GCA_002886405.1	4411413
GCA_002447455.1	4411412
GCA_002447275.1	4411408
GCA_001462315.1	3602172
GCA_001603925.1	3602172
GCA_002200855.1	3999909
GCA_000772965.1	3999909
GCA_022812545.1	5024240
GCA_022812565.1	5024240
GCA_003326875.1	4139722
GCA_003327115.1	4139722
GCA_001282625.1	2824716
GCA_902375595.1	2824716
GCA_902479415.1	3078380
GCA_900546205.1	3078380
GCA_900096795.1	4638126
GCA_900096845.1	4638126
GCA_000981485.1	4638126
GCA_900096835.1	4638126
GCA_900096815.1	4638126
GCA_900096855.1	4638126
GCA_900096785.1	4638126
GCA_900096805.1	4638126
GCA_900096865.1	4638126
GCA_900096825.1	4638126
GCA_013867555.1	1953269
GCA_022509485.1	1953269
GCA_036743175.1	2754011
GCA_035405405.1	2754011
GCA_000196555.1	2385164
GCA_900637335.1	2385160
GCA_016601865.1	1789877
GCA_009816355.1	1789875
GCA_903885985.1	1860070
GCA_903886345.1	1860069
GCA_017693075.1	3828161
GCA_017693155.1	3828158
GCA_900319535.1	2038501
GCA_902759165.1	2038501
GCA_019041995.1	4684885
GCA_022355405.1	4684885
GCA_026133945.1	5635895
GCA_026199175.1	5635895
GCA_003426735.1	5040562
GCA_023718575.1	5040562
GCA_022647205.1	1505238
GCA_022647385.1	1505238
GCA_030847925.1	5024160
GCA_030847905.1	5024157
GCA_000321005.2	1795828
GCA_902374885.1	1795828
GCA_035427005.1	4559424
GCA_036794985.1	4559424
GCA_035396485.1	2627908
GCA_036733365.1	2627908
GCA_003265475.1	4556502
GCA_900491645.1	4556502
GCA_963878135.1	4556502
GCA_963900205.1	4556502
GCA_003210055.1	1876955
GCA_902577605.1	1876955
GCA_015163555.1	5363590
GCA_963889365.1	5363590
GCA_900318065.1	2985043
GCA_902758605.1	2985043
GCA_002442695.1	4106343
GCA_004636485.1	4106343
GCA_003863375.2	5151748
GCA_009735555.1	5151748
GCA_023534465.1	5367070
GCA_023535305.1	5367070
GCA_006383355.1	5051817
GCA_905331705.1	5051817
GCA_900771305.1	3810265
GCA_902487935.1	3810265
GCA_018682575.1	5195388
GCA_039750015.1	5195388
GCA_900769145.1	2768956
GCA_902486565.1	2768956
GCA_005844555.1	4977715
GCA_015547695.1	4977715
GCA_902479785.1	2863124
GCA_900543115.1	2863124
GCA_000971705.1	1046364
GCA_000971725.1	1046364
GCA_000318905.1	1046364
GCA_000319025.1	1046364
GCA_032738345.1	5333227
GCA_035020245.1	5333227
GCA_949546985.1	2500118
GCA_949551915.1	2500118
GCA_025060205.1	3032743
GCA_033579655.1	3032743
GCA_030720065.1	1670884
GCA_030720185.1	1670877
GCA_902757255.1	2801230
GCA_900314495.1	2801230
GCA_009739735.1	2825707
GCA_009739865.1	2825707
GCA_009739885.1	2825707
GCA_900313175.1	1562649
GCA_902756715.1	1562649
GCA_002215055.1	3424272
GCA_902386745.1	3424272
GCA_000820705.1	3560738
GCA_902375345.1	3560738
GCA_003020045.1	NA
GCA_005222505.1	3009512
GCA_010232785.1	1892749
GCA_010232985.1	1892748
GCA_035393045.1	7916721
GCA_036834425.1	7916721
GCA_900631635.1	8643150
GCA_902829535.1	8643150
GCA_004569435.1	2382433
GCA_015235385.1	2382433
GCA_004354245.1	4819673
GCA_012530335.1	4819669
GCA_015352875.1	2966285
GCA_015352915.1	2966285
GCA_900143315.1	7602554
GCA_900148645.1	7602554
GCA_005221745.1	5553251
GCA_005221985.1	5553249
GCA_003282175.1	1270863
GCA_902525645.1	1270863
GCA_036999545.1	5507126
GCA_026164185.1	5507126
GCA_036997965.1	5888155
GCA_026161965.1	5888155
GCA_949506385.1	2660813
GCA_949523745.1	2660813
GCA_000584575.1	3962855
GCA_902386175.1	3962855
GCA_902373995.1	2530521
GCA_000158435.2	2530521
GCA_004346325.1	5824367
GCA_963881895.1	5824367
GCA_949516245.1	2238693
GCA_949533985.1	2238693
GCA_900766195.1	4177575
GCA_902485045.1	4177575
GCA_003354865.1	2751719
GCA_003354925.1	2751719
GCA_033658725.1	2540154
GCA_033659235.1	2540154
GCA_025604005.1	4690563
GCA_040750975.1	4690563
GCA_902485615.1	2510096
GCA_900766865.1	2510096
GCA_035397485.1	4052011
GCA_036734625.1	4052011
GCA_001375495.1	2633477
GCA_902375695.1	2633477
GCA_902486805.1	1804941
GCA_900770005.1	1804941
GCA_018861005.1	3934366
GCA_030548365.1	3934366
GCA_014171135.1	6013171
GCA_027945845.1	6013171
GCA_003209915.1	1183991
GCA_902580005.1	1183991
GCA_003278815.1	892177
GCA_902536835.1	892177
GCA_005844665.1	2931950
GCA_015548585.1	2931950
GCA_015657285.1	2382034
GCA_904501635.1	2382034
GCA_902755345.1	2338078
GCA_900315775.1	2338078
GCA_023534705.1	4823807
GCA_023535445.1	4823807
GCA_001319625.1	4577142
GCA_963870645.1	4577142
GCA_006243385.1	4631117
GCA_963883215.1	4631117
GCA_002900745.1	7304861
GCA_002920945.1	7304861
GCA_001618405.1	7201976
GCA_963869525.1	7201976
GCA_001403875.1	5924107
GCA_902375655.1	5924107
GCA_002964865.1	5443570
GCA_963877155.1	5443570
GCA_902488235.1	1177326
GCA_900772445.1	1177326
GCA_016813055.1	4035349
GCA_016813395.1	4035349
GCA_016813495.1	4035349
GCA_902364865.1	2309823
GCA_003469205.1	2309823
GCA_023839215.1	2966585
GCA_001711805.1	2966583
GCA_035405265.1	3151348
GCA_036825235.1	3151348
GCA_002142335.1	5110090
GCA_021109745.1	5110090
GCA_902755565.1	3182945
GCA_900314515.1	3182945
GCA_021608325.1	4610239
GCA_963897965.1	4610239
GCA_035398165.1	2217445
GCA_036743495.1	2217445
GCA_003471745.1	5355248
GCA_902364655.1	5355248
GCA_000953375.1	1016760
GCA_011464375.1	1016757
GCA_026128415.1	5628006
GCA_026198215.1	5628006
GCA_002172105.2	1858529
GCA_002692045.1	1858529
GCA_949542395.1	5258732
GCA_949544715.1	5258732
GCA_040373345.1	2227109
GCA_900087615.2	2227109
GCA_035395945.1	3439259
GCA_036729195.1	3439259
GCA_001405135.1	3126606
GCA_902362525.1	3126606
GCA_000939975.1	3344211
GCA_000945315.1	3344211
GCA_035404985.1	3463660
GCA_036725525.1	3463660
GCA_900768205.1	2365803
GCA_902486275.1	2365803
GCA_036740055.1	1399971
GCA_035396205.1	1399971
GCA_900484155.1	2796692
GCA_000978725.1	2796689
GCA_030295685.1	3839705
GCA_027474385.1	3839705
GCA_902364785.1	2159822
GCA_003433685.1	2159822
GCA_902375725.1	4066265
GCA_001368835.1	4066265
GCA_036998565.1	5802347
GCA_026161505.1	5802347
GCA_003438185.1	1898011
GCA_902385605.1	1898011
GCA_014076905.1	4507587
GCA_963889665.1	4507587
GCA_000312145.1	4017609
GCA_902374845.1	4017609
GCA_007097025.1	5580912
GCA_015209325.1	5580912
GCA_902386335.1	2233660
GCA_001010675.1	2233660
GCA_036677345.1	1370566
GCA_036677465.1	1370566
GCA_002241195.1	3650269
GCA_963874405.1	3650269
GCA_900318345.1	3174479
GCA_902759645.1	3174479
GCA_035432365.1	3403394
GCA_036775075.1	3403394
GCA_000825545.2	5438845
GCA_000825565.2	5438845
GCA_003384175.1	2520692
GCA_005774135.1	2520692
GCA_005937705.1	2520692
GCA_001577045.1	574944
GCA_001577065.1	574944
GCA_032744435.1	5581907
GCA_032744715.1	5581908
GCA_015556515.1	5440480
GCA_028329715.1	5440480
GCA_030122645.1	2413054
GCA_030059805.1	2413046
GCA_021991725.1	3951373
GCA_024706465.1	3951373
GCA_014266095.1	2662354
GCA_014266275.1	2662347
GCA_008123385.1	6400426
GCA_963885165.1	6400426
GCA_902364325.1	2669882
GCA_003477765.1	2669882
GCA_902483695.1	883376
GCA_900557785.1	883376
GCA_003209955.1	1237077
GCA_902581945.1	1237077
GCA_902497465.1	2401685
GCA_903986225.1	2401685
GCA_000292325.1	3360845
GCA_963862045.1	3360845
GCA_900769805.1	1241899
GCA_902487085.1	1241899
GCA_024723375.2	2772454
GCA_024741375.1	2772452
GCA_025567315.1	2999081
GCA_902362825.1	2999081
GCA_000195715.1	4086189
GCA_004794295.1	4086189
GCA_004794255.1	4086189
GCA_036997145.1	5612840
GCA_026162165.1	5612840
GCA_015549535.1	5035660
GCA_028330245.1	5035660
GCA_902364985.1	3992130
GCA_003461825.1	3992130
GCA_035337995.1	2787667
GCA_036821725.1	2787667
GCA_036832555.1	3731987
GCA_035427085.1	3731987
GCA_015354885.1	2563134
GCA_036400615.1	2563134
GCA_011777505.1	3155049
GCA_023015785.1	3155049
GCA_900317475.1	2229065
GCA_902756925.1	2229065
GCA_021159025.1	1166626
GCA_021160045.1	1166626
GCA_009816935.1	1788560
GCA_009817335.1	1788563
GCA_009817495.1	1788560
GCA_009818395.1	1788564
GCA_040111005.1	7215929
GCA_040110985.1	7215927
GCA_900321235.1	2728242
GCA_902755745.1	2728242
GCA_000679595.1	4439090
GCA_000655055.1	4439094
GCA_008330405.1	1862215
GCA_001042565.2	1862208
GCA_001042525.2	1862215
GCA_037888705.1	4956333
GCA_037888855.1	4956333
GCA_031118775.1	4968044
GCA_037482875.1	4968044
GCA_902758805.1	2224506
GCA_900320295.1	2224506
GCA_001904655.1	5009995
GCA_963872015.1	5009995
GCA_015354975.1	2592270
GCA_036400755.1	2592270
GCA_031704635.1	5445362
GCA_031704655.1	5445362
GCA_033659265.1	2649699
GCA_033659745.1	2649699
GCA_025566885.1	3452403
GCA_902362715.1	3452403
GCA_000821325.2	3357017
GCA_902381745.1	3357017
GCA_017897805.1	2048456
GCA_017897825.1	2048459
GCA_014237205.1	5864733
GCA_014237395.1	5864733
GCA_949496795.1	2035324
GCA_949550185.1	2035324
GCA_035396805.1	2189011
GCA_036834565.1	2189011
GCA_035337675.1	3452239
GCA_036846285.1	3452239
GCA_022835055.1	4687058
GCA_022835075.1	4687058
GCA_900320005.1	3140164
GCA_902754865.1	3140164
GCA_010590395.1	5315068
GCA_963887475.1	5315068
GCA_000195635.1	4330716
GCA_902374325.1	4330716
GCA_035404445.1	3040930
GCA_036733125.1	3040930
GCA_001720055.1	2021396
GCA_002246915.1	2021396
GCA_900236475.1	8983317
GCA_900236505.1	8983317
GCA_026315065.1	2461710
GCA_026315125.1	2461707
GCA_900547915.1	1746475
GCA_902482055.1	1746475
GCA_041755445.1	2917322
GCA_041755495.1	2917322
GCA_041759005.1	2917322
GCA_041765095.1	2917322
GCA_016892805.1	2914227
GCA_025153935.1	2914227
GCA_015354895.1	2592768
GCA_036400735.1	2592768
GCA_002837005.1	3872105
GCA_002837035.1	3872105
GCA_002202075.1	2806349
GCA_023657535.1	2806349
GCA_028064135.1	2685919
GCA_021825805.1	2685919
GCA_015656225.1	1136893
GCA_904502225.1	1136893
GCA_003050405.1	5503948
GCA_963878785.1	5503948
GCA_002356695.1	1284030
GCA_002357115.1	1284030
GCA_002357175.1	1284030
GCA_002357215.1	1284030
GCA_002357295.1	1284030
GCA_002357255.1	1284028
GCA_002356875.1	1284029
GCA_002356935.1	1284028
GCA_002356955.1	1284027
GCA_002356755.1	1284027
GCA_013415415.1	3191231
GCA_015234535.1	3191231
GCA_949540515.1	1336944
GCA_949544725.1	1336944
GCA_023023725.1	3902946
GCA_023023865.1	3902948
GCA_023023745.1	3902946
GCA_025435435.1	4516468
GCA_029838195.1	4516468
GCA_036314025.1	5420100
GCA_036314005.1	5420098
GCA_035405305.1	1603433
GCA_036842545.1	1603433
GCA_013015165.1	2077122
GCA_013015725.1	2077122
GCA_000173355.1	1889366
GCA_902374295.1	1889366
GCA_902755865.1	2401913
GCA_900318955.1	2401913
GCA_902757735.1	1879254
GCA_900318495.1	1879254
GCA_035435325.1	2137936
GCA_036830665.1	2137936
GCA_035395265.1	4704407
GCA_036749215.1	4704407
GCA_001267905.1	3216480
GCA_028994535.1	3216480
GCA_003466565.1	2292613
GCA_902399975.1	2292613
GCA_022759645.1	5703095
GCA_022759685.1	5703097
GCA_945830775.1	2084913
GCA_945863455.1	2084913
GCA_011771395.1	2777859
GCA_011773825.1	2777859
GCA_022952805.1	4351328
GCA_021043345.1	4351328
GCA_000762325.1	2890535
GCA_902386545.1	2890535
GCA_000678935.1	4397625
GCA_000668835.1	4397623
GCA_035405005.1	942266
GCA_036725565.1	942266
GCA_900513705.2	5659229
GCA_902156135.1	5659229
GCA_040368535.1	2175265
GCA_900087815.2	2175265
GCA_036997305.1	5759180
GCA_026161785.1	5759180
GCA_003213115.1	987485
GCA_902578155.1	987485
GCA_036998865.1	5765446
GCA_026162015.1	5765446
GCA_035326265.1	3940910
GCA_036747555.1	3940910
GCA_902758135.1	2289468
GCA_900318725.1	2289468
GCA_009176965.1	5016101
GCA_014169695.1	5016101
GCA_009887785.1	3996657
GCA_038434635.1	3996657
GCA_949523095.1	1712040
GCA_949529335.1	1712040
GCA_900314635.1	2285716
GCA_902757365.1	2285716
GCA_017183875.1	5150786
GCA_017183895.1	5150786
GCA_013295995.1	6140080
GCA_013295975.1	6140079
GCA_013294605.1	6140076
GCA_900539555.1	1850168
GCA_902482825.1	1850168
GCA_035329965.1	844981
GCA_036826375.1	844981
GCA_009361675.1	3300891
GCA_009377915.1	3300891
GCA_008085735.1	2110633
GCA_008085755.1	2110625
GCA_040404335.1	2213572
GCA_900087785.2	2213572
GCA_900551895.1	1849841
GCA_902483015.1	1849841
GCA_016807355.1	1617235
GCA_021890135.1	1617235
GCA_023806245.1	6904493
GCA_023806395.1	6904493
GCA_024179125.1	6904493
GCA_949519475.1	3482188
GCA_949534035.1	3482188
GCA_902760325.1	1348389
GCA_900313575.1	1348389
GCA_900543615.1	1949426
GCA_902481835.1	1949426
GCA_013341075.1	1046960
GCA_013341095.1	1046959
GCA_013267695.1	2258003
GCA_019021805.1	2258003
GCA_001885825.1	3531491
GCA_902387535.1	3531491
GCA_900761115.1	1876172
GCA_902483805.1	1876172
GCA_035441465.1	1783113
GCA_036724025.1	1783113
GCA_017897845.1	2050181
GCA_017897875.1	2050178
GCA_000625655.2	4685834
GCA_000624615.2	4685833
GCA_000624775.2	4685833
GCA_000625215.2	4685833
GCA_000625575.2	4685832
GCA_000625555.2	4685835
GCA_000625455.2	4685833
GCA_000624695.2	4685832
GCA_000626115.2	4685835
GCA_000626155.2	4685834
GCA_000624495.2	4685832
GCA_000624755.2	4685835
GCA_000968795.2	4685835
GCA_000624635.2	4685834
GCA_000626535.2	4685835
GCA_000624655.2	4685835
GCA_000736655.1	4391967
GCA_963864645.1	4391967
GCA_902479495.1	1235752
GCA_900557565.1	1235752
GCA_028321905.1	3305663
GCA_028323095.1	3305663
GCA_003310525.1	2865133
GCA_024515875.1	2865133
GCA_040405225.1	1139616
GCA_030028315.2	1139617
GCA_902755405.1	1608618
GCA_900320765.1	1608618
GCA_001493435.1	1659391
GCA_001496375.1	1659394
GCA_902640945.1	1192750
GCA_902641555.1	1192751
GCA_900770325.1	2830222
GCA_902487335.1	2830222
GCA_904501655.1	1648514
GCA_015657245.1	1648514
GCA_900316365.1	1467831
GCA_902756825.1	1467831
GCA_003216255.1	1166071
GCA_902563875.1	1166071
GCA_938049625.1	757212
GCA_947484955.1	757212
GCA_003130605.1	4694373
GCA_000188955.5	4694375
GCA_036800145.1	3749546
GCA_035441825.1	3749546
GCA_902757975.1	2796019
GCA_900317955.1	2796019
GCA_001986595.1	4110595
GCA_001987675.1	4110595
GCA_003991035.1	4110595
GCA_004636505.1	4110594
GCA_001987555.1	4110592
GCA_004009295.1	4110592
GCA_004636185.1	4110592
GCA_001987655.1	4110591
GCA_002285995.1	4110590
GCA_001985665.1	4110589
GCA_001986935.1	4110589
GCA_001986995.1	4110588
GCA_002068675.1	4110587
GCA_902486585.1	2052370
GCA_900769275.1	2052370
GCA_005845305.1	6752440
GCA_015549705.1	6752440
GCA_900096675.1	7202111
GCA_902386795.1	7202111
GCA_003479305.1	3119159
GCA_902363915.1	3119159
GCA_900769395.1	1274444
GCA_902486865.1	1274444
GCA_035404805.1	2531608
GCA_036743055.1	2531608
GCA_005844525.1	1868797
GCA_015550315.1	1868797
GCA_900143355.1	2827151
GCA_900148665.1	2827151
GCA_021554655.1	4630639
GCA_022811545.1	4630639
GCA_900060845.2	1993541
GCA_900032215.1	1993537
GCA_013450245.1	4592581
GCA_037479415.1	4592581
GCA_020881415.1	5003968
GCA_963895275.1	5003968
GCA_015656945.1	1318715
GCA_904501685.1	1318715
GCA_037029995.1	4954088
GCA_037030065.1	4954088
GCA_002909075.1	6144045
GCA_002531875.1	6144045
GCA_949538135.1	2538460
GCA_949540675.1	2538460
GCA_010119645.1	5072587
GCA_963888305.1	5072587
GCA_023252615.1	1230238
GCA_023268255.1	1230238
GCA_003390735.1	2311342
GCA_902386775.1	2311342
GCA_902487515.1	1976603
GCA_900770535.1	1976603
GCA_001989195.1	4102183
GCA_001986235.1	4102182
GCA_002442815.1	4102178
GCA_943788665.1	1488021
GCA_943841885.1	1488021
GCA_902756265.1	1862124
GCA_900316035.1	1862124
GCA_018682365.1	5093106
GCA_963893115.1	5093106
GCA_020052535.1	1953354
GCA_020061105.1	1953354
GCA_019835585.1	4760139
GCA_019835855.1	4760139
GCA_019835945.1	4760139
GCA_019835965.1	4760139
GCA_019835995.1	4760139
GCA_019835495.1	4760138
GCA_019835685.1	4760138
GCA_009746435.1	5773661
GCA_013187415.1	5773661
GCA_902757455.1	2041156
GCA_900320665.1	2041156
GCA_010119775.1	5505191
GCA_963888195.1	5505191
GCA_036321725.1	2867802
GCA_037483145.1	2867802
GCA_900768035.1	1204509
GCA_902486185.1	1204509
GCA_023534325.1	4902393
GCA_023535125.1	4902393
GCA_017846645.1	1682306
GCA_014874745.1	1682306
GCA_002170035.2	1707159
GCA_002692165.1	1707159
GCA_900317305.1	3680409
GCA_902759485.1	3680409
GCA_028065805.1	2826280
GCA_021811405.1	2826280
GCA_015557305.1	2228306
GCA_028311605.1	2228306
GCA_000484495.1	6265484
GCA_000484545.1	6265484
GCA_902170545.1	5164880
GCA_963900245.1	5164880
GCA_011032355.1	4803624
GCA_011032365.1	4803624
GCA_036736345.1	2144049
GCA_035394925.1	2144049
GCA_001692495.1	4788924
GCA_001692555.1	4788923
GCA_013329535.1	1646433
GCA_003672615.1	1646433
GCA_900539035.1	2130759
GCA_902482255.1	2130759
GCA_002191635.1	3312547
GCA_002191515.1	3312548
GCA_000513675.1	2998206
GCA_002213645.1	2998206
GCA_902756165.1	2559663
GCA_900319625.1	2559663
GCA_000375625.1	7846427
GCA_009865035.1	7846427
GCA_013330255.1	1585995
GCA_003672235.1	1585995
GCA_902755815.1	1885912
GCA_900321285.1	1885912
GCA_900555255.1	2518779
GCA_902480905.1	2518779
GCA_009626755.1	4773985
GCA_009626735.1	4773982
GCA_003186305.1	4773977
GCA_900176635.1	2748860
GCA_902386975.1	2748860
GCA_002906945.1	4754017
GCA_963877085.1	4754017
GCA_900761785.1	8296673
GCA_902484145.1	8296673
GCA_001985205.1	4108495
GCA_001985605.1	4108494
GCA_002859565.1	4108491
GCA_001988155.1	4108490
GCA_004009275.1	4108487
GCA_022407535.1	4108488
GCA_028065465.1	3591532
GCA_021797825.1	3591532
GCA_902755235.1	2741829
GCA_900320365.1	2741829
GCA_948814965.1	1633907
GCA_949084765.1	1633907
GCA_900319845.1	2983728
GCA_902755045.1	2983728
GCA_900317655.1	3043393
GCA_902758115.1	3043393
GCA_023534685.1	4893827
GCA_023535345.1	4893827
GCA_000226455.1	8893692
GCA_009862985.1	8893692
GCA_902759585.1	1082723
GCA_900321645.1	1082723
GCA_012952665.1	5663418
GCA_016505285.1	5663418
GCA_900315005.1	2541251
GCA_902756545.1	2541251
GCA_000214235.1	5442880
GCA_024296785.1	5442880
GCA_036998725.1	5545290
GCA_026162225.1	5545290
GCA_003859295.1	4638373
GCA_009822885.1	4638373
GCA_035325305.1	3564669
GCA_036735965.1	3564669
GCA_014145345.1	5092809
GCA_021735995.1	5092809
GCA_902170285.1	4683060
GCA_963900415.1	4683060
GCA_902757855.1	2275486
GCA_900318275.1	2275486
GCA_035325065.1	3460802
GCA_036755805.1	3460802
GCA_900313265.1	2239445
GCA_902760035.1	2239445
GCA_900760695.1	1846233
GCA_902483745.1	1846233
GCA_902364795.1	3382629
GCA_003480435.1	3382629
GCA_900546315.1	3007809
GCA_902480245.1	3007809
GCA_964198975.1	5763612
GCA_964198945.1	5763611
GCA_964198935.1	5763610
GCA_013295405.1	6140065
GCA_013295205.1	6140064
GCA_013296815.1	6140064
GCA_013296245.1	6140061
GCA_013296675.1	6140059
GCA_013295485.1	6140057
GCA_902758345.1	1890330
GCA_900320645.1	1890330
GCA_902364705.1	3613665
GCA_003480745.1	3613665
GCA_030439625.1	1007827
GCA_030445005.1	1007828
GCA_013112575.1	5131584
GCA_016743525.1	5131584
GCA_900539985.1	2252984
GCA_902483455.1	2252984
GCA_003284265.1	2592520
GCA_902509625.1	2592520
GCA_002858305.1	1797887
GCA_002858405.1	1797890
GCA_023277155.1	5436682
GCA_024434375.1	5436682
GCA_902758485.1	3890424
GCA_900316135.1	3890424
GCA_036729175.1	5881513
GCA_035398425.1	5881513
GCA_900769375.1	1465303
GCA_902486735.1	1465303
GCA_006382895.1	5162116
GCA_905331775.1	5162116
GCA_000302475.3	1841952
GCA_002881315.1	1841946
GCA_035404505.1	3263243
GCA_036790445.1	3263243
GCA_004637165.1	4106403
GCA_001605385.1	4106401
GCA_001988075.1	4106401
GCA_001984985.1	4106400
GCA_004636265.1	4106400
GCA_001985685.1	4106397
GCA_001987235.1	4106397
GCA_001988015.1	4106397
GCA_001985445.1	4106396
GCA_004008595.1	4106395
GCA_001442865.1	2680691
GCA_001485605.1	2680691
GCA_902758685.1	2643365
GCA_900320965.1	2643365
GCA_023277425.1	4954304
GCA_023277405.1	4954304
GCA_023277385.1	4954304
GCA_003312065.1	3814012
GCA_963896395.1	3814012
GCA_021328875.1	2831636
GCA_040529565.1	2831636
GCA_900169505.1	3377915
GCA_902386925.1	3377915
GCA_003050005.1	5340706
GCA_963879145.1	5340706
GCA_902757445.1	2013674
GCA_900321695.1	2013674
GCA_902757835.1	1757779
GCA_900321025.1	1757779
GCA_035441725.1	1611608
GCA_036772215.1	1611608
GCA_900315105.1	5975513
GCA_902756335.1	5975513
GCA_024662335.1	6181900
GCA_024662315.1	6181897
GCA_030440385.1	6181897
GCA_010119855.1	5146723
GCA_963888565.1	5146723
GCA_000427095.1	3437861
GCA_001458035.1	3437861
GCA_041872525.1	2820538
GCA_041874015.1	2820541
GCA_949429115.1	1892426
GCA_949478725.1	1892426
GCA_949528715.1	1892426
GCA_900317275.1	2289556
GCA_902756785.1	2289556
GCA_022982415.1	2833209
GCA_022982455.1	2833208
GCA_022982535.1	2833207
GCA_019273355.1	3875681
GCA_019273175.1	3875681
GCA_019273275.1	3875681
GCA_036838045.1	1117056
GCA_035400105.1	1117056
GCA_018619495.1	8176880
GCA_022399485.1	8176880
GCA_035323735.1	3882014
GCA_036804755.1	3882014
GCA_035329725.1	2752204
GCA_036782855.1	2752204
GCA_902758455.1	3275704
GCA_900316305.1	3275704
GCA_009746245.1	5585428
GCA_013187325.1	5585428
GCA_001196675.1	2873799
GCA_001354215.1	2873800
GCA_949530475.1	1717291
GCA_949540485.1	1717291
GCA_902756315.1	1795399
GCA_900317525.1	1795399
GCA_002139935.1	1594554
GCA_902385725.1	1594554
GCA_008274195.1	5811379
GCA_015645805.1	5811379
GCA_020406735.1	4946973
GCA_022507255.1	4946973
GCA_900058835.1	3540451
GCA_900062595.1	3540451
GCA_036999605.1	5666185
GCA_026164015.1	5666185
GCA_004102845.1	3388070
GCA_004212195.1	3388070
GCA_902756565.1	2080014
GCA_900316695.1	2080014
GCA_015656395.1	1565241
GCA_904502175.1	1565241
GCA_002859725.1	4105292
GCA_001988795.1	4105291
GCA_001987795.1	4105288
GCA_900538875.1	2149385
GCA_902482145.1	2149385
GCA_020051795.1	3179592
GCA_020060465.1	3179592
GCA_005861805.1	2708787
GCA_005861765.1	2708787
GCA_945828835.1	2293289
GCA_945864295.1	2293289
GCA_026128725.1	5651603
GCA_026198515.1	5651603
GCA_003474435.1	3676052
GCA_902364455.1	3676052
GCA_003289825.1	5342742
GCA_902387755.1	5342742
GCA_024664335.1	1641481
GCA_024664295.1	1641481
GCA_902758375.1	2041808
GCA_900320875.1	2041808
GCA_945827615.1	4850170
GCA_945875165.1	4850169
GCA_030540825.1	5901487
GCA_036595805.1	5901487
GCA_009758015.1	5505957
GCA_013778345.1	5505957
GCA_035395345.1	5116524
GCA_036745695.1	5116524
GCA_016904735.2	5050052
GCA_016904715.2	5050051
GCA_900314895.1	2070446
GCA_902756225.1	2070446
GCA_031964195.1	2694288
GCA_031964275.1	2694288
GCA_026128075.1	5629590
GCA_026197895.1	5629590
GCA_000517385.1	4364535
GCA_001315165.1	4364535
GCA_902759265.1	2426163
GCA_900316235.1	2426163
GCA_003627115.1	1139526
GCA_029958705.3	1139532
GCA_029958485.3	1139533
GCA_029958605.3	1139530
GCA_030384645.1	1139534
GCA_003363715.1	5101196
GCA_014385205.1	5101196
GCA_902387335.1	5101196
GCA_016415365.1	3142453
GCA_016415385.1	3142454
GCA_002447495.1	4411211
GCA_002446995.1	4411208
GCA_039778415.1	1042473
GCA_039778425.1	1042473
GCA_014489805.1	4171111
GCA_009905595.1	4171111
GCA_016803755.1	2860494
GCA_016803495.1	2860487
GCA_016803595.1	2860491
GCA_016803615.1	2860487
GCA_016803735.1	2860492
GCA_036818185.1	2563182
GCA_035404525.1	2563182
GCA_003014915.1	6551527
GCA_963878885.1	6551527
GCA_001774165.1	585024
GCA_001774215.1	585024
GCA_013215045.1	4010476
GCA_022969155.1	4010476
GCA_900769175.1	2831393
GCA_902486715.1	2831393
GCA_003213555.1	769465
GCA_902572885.1	769465
GCA_900313335.1	1644072
GCA_902758335.1	1644072
GCA_902757135.1	2548253
GCA_900318315.1	2548253
GCA_035404565.1	3105941
GCA_036795355.1	3105941
GCA_000686525.1	2939696
GCA_963865035.1	2939696
GCA_018680595.1	2841250
GCA_024915895.1	2841250
GCA_945828255.1	2419248
GCA_945867875.1	2419248
GCA_022230885.1	3665035
GCA_919099695.1	3665035
GCA_035396745.1	2500509
GCA_036743415.1	2500509
GCA_900554555.1	1081288
GCA_902481115.1	1081288
GCA_009807985.1	2065399
GCA_009808295.1	2065399
GCA_900759845.1	2708478
GCA_902483425.1	2708478
GCA_004341705.1	5600064
GCA_963881155.1	5600064
GCA_001756645.1	2762111
GCA_003710395.1	2762111
GCA_001596175.2	3931222
GCA_001618465.2	3931222
GCA_001618545.2	3931222
GCA_009915525.1	3870660
GCA_963886225.1	3870660
GCA_900551535.1	1478056
GCA_902481635.1	1478056
GCA_022408035.1	4108473
GCA_001307585.1	4108472
GCA_001986005.1	4108471
GCA_001989275.1	4108471
GCA_029719205.1	5284470
GCA_029719185.1	5284469
GCA_001969715.1	2783391
GCA_902388265.1	2783391
GCA_033658865.1	2535086
GCA_033659085.1	2535086
GCA_016601945.1	1791243
GCA_016602065.1	1791243
GCA_902387285.1	1666795
GCA_000300255.2	1666795
GCA_902757115.1	2069575
GCA_900313835.1	2069575
GCA_949462275.1	3787618
GCA_949479235.1	3787618
GCA_009864905.1	8317680
GCA_900187925.1	8317680
GCA_018501965.1	2910105
GCA_018514305.1	2910105
GCA_035392605.1	3480469
GCA_036822975.1	3480469
GCA_945828555.1	2828247
GCA_945877895.1	2828247
GCA_902481685.1	1826986
GCA_900554375.1	1826986
GCA_000007125.1	3294931
GCA_900236345.1	3294929
GCA_001039635.1	5880358
GCA_963865765.1	5880358
GCA_022971955.1	4993648
GCA_003008655.1	4993651
GCA_900318915.1	3378486
GCA_902755845.1	3378486
GCA_902376055.1	3805205
GCA_900083545.1	3805205
GCA_009761905.1	5007605
GCA_009795295.1	5007605
GCA_015656295.1	1770972
GCA_904502265.1	1770972
GCA_020990725.1	2824915
GCA_020990705.1	2824909
GCA_020990685.1	2824907
GCA_900320855.1	2409262
GCA_902757315.1	2409262
GCA_035393985.1	500060
GCA_036845845.1	500060
GCA_902508025.1	5933116
GCA_963900225.1	5933116
GCA_002759295.2	5158365
GCA_002759275.2	5158358
GCA_035395085.1	1714977
GCA_036834475.1	1714977
GCA_001404615.1	2395159
GCA_902362545.1	2395159
GCA_031965095.1	1447115
GCA_031965535.1	1447115
GCA_902757465.1	2406104
GCA_900313675.1	2406104
GCA_009626795.1	4773892
GCA_004634525.1	4773891
GCA_009626075.1	4773886
GCA_009626675.1	4773886
GCA_035394085.1	1986983
GCA_036752685.1	1986983
GCA_018502145.1	2784749
GCA_018502365.1	2784749
GCA_018502185.1	2784749
GCA_018502125.1	2784749
GCA_001729085.1	4775538
GCA_963870295.1	4775538
GCA_001244735.1	4111990
GCA_902375605.1	4111990
GCA_000753495.2	4111990
GCA_032744255.1	5288746
GCA_033550125.1	5288746
GCA_035337915.1	2497416
GCA_036773565.1	2497416
GCA_024702895.1	3021219
GCA_024702155.1	3021217
GCA_033579895.1	1338613
GCA_025059075.1	1338613
GCA_025847325.1	4140938
GCA_025941725.1	4140938
GCA_900315745.1	4592996
GCA_902759245.1	4592996
GCA_949486915.1	596899
GCA_949542215.1	596899
GCA_014899425.1	4406587
GCA_000277105.1	4406587
GCA_900541875.1	2092578
GCA_902482325.1	2092578
GCA_900637585.1	3458917
GCA_001590645.1	3458918
GCA_003004115.1	3458918
GCA_003212435.1	1370794
GCA_902588525.1	1370794
GCA_900766225.1	3747359
GCA_902485155.1	3747359
GCA_005773935.1	2478499
GCA_005937145.1	2478499
GCA_035396965.1	2770189
GCA_036759125.1	2770189
GCA_949529235.1	3440144
GCA_949548025.1	3440144
GCA_036997085.1	5500575
GCA_026161815.1	5500575
GCA_001941205.1	2751729
GCA_001689655.1	2751729
GCA_002633305.1	2751729
GCA_035323545.1	2616736
GCA_036839005.1	2616736
GCA_017901075.1	4415999
GCA_017901115.1	4415999
GCA_017901055.1	4415998
GCA_030069625.1	2921309
GCA_030069905.1	2921309
GCA_035398685.1	4313350
GCA_036821465.1	4313350
GCA_003149285.1	4564344
GCA_900116735.1	4564344
GCA_014331035.1	4484590
GCA_963889545.1	4484590
GCA_003478445.1	3383570
GCA_902365035.1	3383570
GCA_003426855.1	3121304
GCA_003426795.1	3121304
GCA_903064685.1	5589402
GCA_014850975.1	5589402
GCA_002881295.1	1841859
GCA_002881495.1	1841857
GCA_003282865.1	2159797
GCA_902516155.1	2159797
GCA_900771665.1	1938850
GCA_902488045.1	1938850
GCA_019271535.1	5392094
GCA_019271255.1	5392094
GCA_019271915.1	5392094
GCA_019270875.1	5392094
GCA_019271195.1	5392094
GCA_900313885.1	2157782
GCA_902756475.1	2157782
GCA_016729585.1	4753178
GCA_963892265.1	4753178
GCA_035393415.1	2668725
GCA_036800025.1	2668725
GCA_003212335.1	1539637
GCA_902591935.1	1539637
GCA_900092375.1	3298970
GCA_902386445.1	3298970
GCA_000010605.1	8545929
GCA_009862245.1	8545929
GCA_001165845.1	2149141
GCA_001165585.1	2149141
GCA_037920325.1	4095046
GCA_037922655.1	4095046
GCA_018791865.1	4003399
GCA_020256445.1	4003399
GCA_017183935.1	5210349
GCA_017183955.1	5210348
GCA_002241255.1	3803539
GCA_963874335.1	3803539
GCA_035400305.1	4314070
GCA_036759105.1	4314070
GCA_012933265.2	3106441
GCA_017815675.1	3106441
GCA_900319775.1	2056154
GCA_902757515.1	2056154
GCA_003478405.1	3389503
GCA_902364275.1	3389503
GCA_036823875.1	4009377
GCA_035323485.1	4009377
GCA_035394265.1	1732891
GCA_036841545.1	1732891
GCA_949487195.1	1849991
GCA_949551145.1	1849991
GCA_040735125.1	4415430
GCA_040820795.1	4415430
GCA_000815205.1	2872781
GCA_000815085.1	2872779
GCA_000815165.1	2872779
GCA_900769775.1	1157710
GCA_902487115.1	1157710
GCA_019329605.1	2732704
GCA_019330165.1	2732703
GCA_019330125.1	2732697
GCA_002632595.1	4822051
GCA_963876575.1	4822051
GCA_947581815.1	2385795
GCA_030689405.1	2385795
GCA_033033035.1	5457934
GCA_033032995.1	5457930
GCA_009767015.1	5218323
GCA_009798525.1	5218323
GCA_002887255.1	4411463
GCA_002448135.1	4411457
GCA_003467265.1	4009104
GCA_902364955.1	4009104
GCA_035397865.1	3315400
GCA_036795515.1	3315400
GCA_000303085.1	3911386
GCA_963860895.1	3911386
GCA_900551265.1	2376838
GCA_902482505.1	2376838
GCA_902485585.1	1706385
GCA_900766465.1	1706385
GCA_000390125.1	5288113
GCA_963863845.1	5288113
GCA_902757285.1	2336476
GCA_900318835.1	2336476
GCA_035400205.1	1112776
GCA_036739375.1	1112776
GCA_035405105.1	2015196
GCA_036748175.1	2015196
GCA_022867745.1	4989823
GCA_022867765.1	4989823
GCA_000628745.1	1829828
GCA_000628425.1	1829833
GCA_036798245.1	2544187
GCA_035441505.1	2544187
GCA_019273775.1	2190556
GCA_019265245.1	2190556
GCA_003426225.1	2546045
GCA_005774435.1	2546045
GCA_006240705.1	2546045
GCA_029958565.3	1138982
GCA_029958525.3	1138978
GCA_023206655.1	5059630
GCA_023206715.1	5059630
GCA_023206735.1	5059630
GCA_023206595.1	5059629
GCA_023206635.1	5059629
GCA_023206675.1	5059629
GCA_023206695.1	5059629
GCA_900618275.1	6433962
GCA_900618315.1	6433960
GCA_902756435.1	2361307
GCA_900318545.1	2361307
GCA_000961435.1	5398334
GCA_000961455.1	5398334
GCA_000961475.1	5398327
GCA_000226995.2	8178919
GCA_009862565.1	8178919
GCA_025961995.1	3682574
GCA_025961915.1	3682569
GCA_023502445.1	3788883
GCA_027568435.1	3788883
GCA_002914495.1	6480787
GCA_003840155.1	6480787
GCA_003317325.1	5065569
GCA_003317575.1	5065571
GCA_019665805.1	1484007
GCA_004171285.1	1484007
GCA_030131145.1	3907592
GCA_030131185.1	3907592
GCA_030131225.1	3907592
GCA_030131525.1	3907592
GCA_030131545.1	3907592
GCA_016838885.1	3336172
GCA_016342615.1	3336172
GCA_030931275.1	2251214
GCA_030931335.1	2251213
GCA_902486975.1	2321768
GCA_900769785.1	2321768
GCA_963993175.1	4405381
GCA_963993205.1	4405380
GCA_963993215.1	4405380
GCA_963993295.1	4405380
GCA_963993135.1	4405379
GCA_963993165.1	4405379
GCA_963993245.1	4405379
GCA_963993225.1	4405378
GCA_963993265.1	4405378
GCA_963993285.1	4405378
GCA_040735165.1	4403054
GCA_040821995.1	4403054
GCA_002191315.1	3312286
GCA_002191855.1	3312294
GCA_902483095.1	1510574
GCA_900542465.1	1510574
GCA_900320285.1	2017180
GCA_902755305.1	2017180
GCA_900314565.1	4219319
GCA_902755655.1	4219319
GCA_004102685.1	6436246
GCA_002177125.1	6436246
GCA_001605235.1	4106394
GCA_001986515.1	4106392
GCA_001988175.1	4106392
GCA_002286175.1	4106392
GCA_002068975.1	4106390
GCA_001013565.1	4106389
GCA_030931755.1	4106389
GCA_001307665.1	4106388
GCA_001605465.1	4106388
GCA_001985705.1	4106386
GCA_001986295.1	4106385
GCA_001986655.1	4106385
GCA_013048765.1	3965239
GCA_963888785.1	3965239
GCA_028416655.1	4180934
GCA_028416675.1	4180934
GCA_017897765.1	2049478
GCA_017897885.1	2049478
GCA_035393085.1	3099857
GCA_036836455.1	3099857
GCA_005380745.1	5306754
GCA_005380725.1	5306745
GCA_001598235.1	5134650
GCA_963869285.1	5134650
GCA_013114145.1	5238845
GCA_963889045.1	5238845
GCA_003479425.1	5206690
GCA_902363995.1	5206690
GCA_902759135.1	3375940
GCA_900315115.1	3375940
GCA_020555925.1	5168124
GCA_020555985.1	5168124
GCA_030489725.1	2211485
GCA_000196055.1	2211485
GCA_900766915.1	3377258
GCA_902485665.1	3377258
GCA_902759395.1	2975802
GCA_900318265.1	2975802
GCA_945830635.1	1855337
GCA_945864685.1	1855337
GCA_900539885.1	2401470
GCA_902483115.1	2401470
GCA_036759165.1	2199515
GCA_035396945.1	2199515
GCA_900313945.1	2471101
GCA_902804065.1	2471101
GCA_902374215.1	2479455
GCA_000163935.1	2479455
GCA_036817205.1	2661057
GCA_035404725.1	2661057
GCA_030023605.1	3980734
GCA_030546585.1	3980734
GCA_018138755.1	4676189
GCA_963893715.1	4676189
GCA_019670185.1	4957303
GCA_019670465.1	4957296
GCA_015774955.1	5552564
GCA_015775135.1	5552560
GCA_037168345.1	5062922
GCA_037168765.1	5062922
GCA_949487775.1	2233113
GCA_949550135.1	2233113
GCA_003425565.1	1858634
GCA_003425605.1	1858630
GCA_002000785.1	2945638
GCA_002000825.1	2945637
GCA_002000845.1	2945637
GCA_000315485.1	7087734
GCA_902374815.1	7087734
GCA_944470265.2	210093
GCA_946798855.1	210093
GCA_900316755.1	2135676
GCA_902755505.1	2135676
GCA_949496565.1	2492065
GCA_949519435.1	2492065
GCA_900541935.1	2448974
GCA_902480555.1	2448974
GCA_902487795.1	1440722
GCA_900771105.1	1440722
GCA_035392825.1	3029475
GCA_036791435.1	3029475
GCA_000313565.2	3615034
GCA_902374875.1	3615034
GCA_900162135.1	3006291
GCA_900162275.1	3006292
GCA_017815555.1	3929653
GCA_012572025.1	3929648
GCA_020881475.1	4863909
GCA_963895865.1	4863909
GCA_009816455.1	1788597
GCA_009819115.1	1788597
GCA_010597935.1	5489881
GCA_963888035.1	5489881
GCA_903879265.1	5127446
GCA_905232355.1	5127446
GCA_902383905.1	1931651
GCA_000404225.1	1931651
GCA_013109195.1	4414578
GCA_013107475.1	4414581
GCA_003061065.1	4523627
GCA_963878195.1	4523627
GCA_000472205.1	1031755
GCA_000472225.1	1031755
GCA_035337575.1	2018443
GCA_036835005.1	2018443
GCA_013048805.1	3954672
GCA_963888695.1	3954672
GCA_002812585.1	4190038
GCA_902386365.1	4190038
GCA_002939305.1	5234993
GCA_963877035.1	5234993
GCA_021798985.1	3757081
GCA_028067715.1	3757081
GCA_902509035.1	5640415
GCA_963900555.1	5640415
GCA_900547125.1	2038625
GCA_902482365.1	2038625
GCA_026128565.1	5754234
GCA_026198245.1	5754234
GCA_902386155.1	1829425
GCA_000497065.1	1829425
GCA_015656275.1	846081
GCA_904502095.1	846081
GCA_902759355.1	1932249
GCA_900318415.1	1932249
GCA_902756055.1	2110010
GCA_900318845.1	2110010
GCA_025060455.1	2264116
GCA_033579775.1	2264116
GCA_900018365.1	2331098
GCA_001418685.1	2331098
GCA_002247285.1	2006227
GCA_002247305.1	2006232
GCA_002249845.1	2006232
GCA_037685255.1	1801361
GCA_037688425.1	1801361
GCA_037686745.1	1801359
GCA_943788905.1	1049702
GCA_943843345.1	1049702
GCA_902483545.1	2219551
GCA_900759865.1	2219551
GCA_016807385.1	1617190
GCA_021890175.1	1617190
GCA_002886945.1	4411443
GCA_002448155.1	4411442
GCA_002886165.1	4411442
GCA_002447415.1	4411439
GCA_002447015.1	4411436
GCA_902850355.2	2220027
GCA_903910465.1	2220027
GCA_001613045.1	8159797
GCA_963870505.1	8159797
GCA_025056895.1	3287730
GCA_033583775.1	3287730
GCA_035397325.1	3730673
GCA_036835975.1	3730673
GCA_900538375.1	2094981
GCA_902483375.1	2094981
GCA_900318005.1	2775782
GCA_902755605.1	2775782
GCA_013329275.1	1297152
GCA_003672215.1	1297152
GCA_001153365.1	4771304
GCA_902387365.1	4771304
GCA_963866135.1	4771304
GCA_963901265.1	4771304
GCA_963902215.1	4771304
GCA_900135495.1	5175949
GCA_900135475.1	5175949
GCA_035397045.1	1042628
GCA_036781875.1	1042628
GCA_035397425.1	2635093
GCA_036724905.1	2635093
GCA_949519215.1	3664164
GCA_949541255.1	3664164
GCA_028321965.1	2784765
GCA_039757715.1	2784765
GCA_035328585.1	3715808
GCA_036724325.1	3715808
GCA_040370845.1	2238422
GCA_900087905.2	2238422
GCA_005311205.1	1139423
GCA_005311145.1	1139415
GCA_000246795.1	1139417
GCA_902758035.1	2242510
GCA_900320995.1	2242510
GCA_003149245.1	5717637
GCA_900115945.1	5717637
GCA_902487155.1	2372143
GCA_900769955.1	2372143
GCA_003045425.1	2894815
GCA_003045545.1	2894815
GCA_003045485.1	2894814
GCA_003045385.1	2894813
GCA_003045605.1	2894813
GCA_003045405.1	2894811
GCA_003045445.1	2894810
GCA_902759075.1	1558881
GCA_900313385.1	1558881
GCA_948844915.1	2586457
GCA_949052245.1	2586457
GCA_900218015.1	5383361
GCA_003385925.1	5383361
GCA_902759995.1	1970299
GCA_900321975.1	1970299
GCA_036998845.1	5782847
GCA_026161515.1	5782847
GCA_011457355.1	1563411
GCA_011462915.1	1563409
GCA_041714665.1	2884808
GCA_041733575.1	2884808
GCA_948836925.1	1866957
GCA_949094515.1	1866957
GCA_015656245.1	1315043
GCA_904502255.1	1315043
GCA_900539805.1	5102924
GCA_902479695.1	5102924
GCA_949529245.1	2363299
GCA_949541625.1	2363299
GCA_035327125.1	2734051
GCA_036829355.1	2734051
GCA_013041785.1	2369372
GCA_018680075.1	2369372
GCA_035324985.1	3560746
GCA_036826475.1	3560746
GCA_900770345.1	4467273
GCA_902487345.1	4467273
GCA_016584425.1	1267783
GCA_007971685.1	1267781
GCA_000008025.1	1267782
GCA_021496215.1	1267784
GCA_017896325.1	1267783
GCA_017896345.1	1267783
GCA_021497225.1	1267782
GCA_017896285.1	1267775
GCA_021497245.1	1267785
GCA_021497205.1	1267785
GCA_035395005.1	2450868
GCA_036777225.1	2450868
GCA_001904675.1	9564226
GCA_963872035.1	9564226
GCA_006246445.1	4533731
GCA_963883035.1	4533731
GCA_003425855.1	2517904
GCA_006240665.1	2517904
GCA_020053495.1	1565351
GCA_020060045.1	1565351
GCA_905132895.1	4851510
GCA_905132905.1	4851508
GCA_002952275.1	1674115
GCA_002952335.1	1674120
GCA_949529345.1	1500855
GCA_949542245.1	1500855
GCA_028335665.1	2776931
GCA_023299465.1	2776930
GCA_900761035.1	1760789
GCA_902483875.1	1760789
GCA_948771245.1	2576195
GCA_949044395.1	2576195
GCA_900762175.1	1418700
GCA_902484175.1	1418700
GCA_035405025.1	1935083
GCA_036799645.1	1935083
GCA_009740165.1	4850895
GCA_018513965.1	4850895
GCA_004569635.1	2425255
GCA_015235265.1	2425255
GCA_902759445.1	3206427
GCA_900320905.1	3206427
GCA_900552385.1	1762889
GCA_902481855.1	1762889
GCA_002913945.1	1923750
GCA_902387085.1	1923750
GCA_018986575.1	2588690
GCA_018986645.1	2588690
GCA_019149225.1	2588690
GCA_000340335.2	8914727
GCA_009870085.1	8914727
GCA_035398345.1	2471378
GCA_036839025.1	2471378
GCA_003425775.1	2479049
GCA_006240615.1	2479049
GCA_904502065.1	1951308
GCA_015656325.1	1951308
GCA_000959445.1	6930496
GCA_020099355.1	6930499
GCA_945832125.1	1673276
GCA_945878155.1	1673276
GCA_019091775.1	3726069
GCA_963893295.1	3726069
GCA_035398665.1	3134726
GCA_036795535.1	3134726
GCA_900095825.1	2669996
GCA_902376135.1	2669996
GCA_902479865.1	5484129
GCA_900551225.1	5484129
GCA_000300115.1	9975142
GCA_963860465.1	9975142
GCA_035398245.1	964911
GCA_036724865.1	964911
GCA_902483515.1	2758848
GCA_900759955.1	2758848
GCA_015552465.1	5915365
GCA_028323085.1	5915365
GCA_948941635.1	1849035
GCA_949028145.1	1849030
GCA_900451195.1	5098455
GCA_963900625.1	5098455
GCA_030262275.1	4033715
GCA_030262335.1	4033715
GCA_009363315.1	6845898
GCA_009363375.1	6845898
GCA_013295385.1	6098634
GCA_013294705.1	6098631
GCA_945828965.1	2158050
GCA_945876595.1	2158050
GCA_900021165.1	5515107
GCA_902375905.1	5515107
GCA_001678845.1	3026655
GCA_027680515.1	3026655
GCA_902386865.1	3026655
GCA_015139155.1	5231583
GCA_027943565.1	5231583
GCA_000450045.2	4080324
GCA_000473565.2	4080324
GCA_008692385.1	2732971
GCA_963885935.1	2732971
GCA_022870005.1	2996303
GCA_006364775.1	2996300
GCA_008921725.1	2953680
GCA_022509585.1	2953680
GCA_009817475.1	1788728
GCA_009818985.1	1788735
GCA_019780395.1	3033475
GCA_028745975.1	3033475
GCA_900313115.1	2052908
GCA_902760105.1	2052908
GCA_003213415.1	741803
GCA_902575165.1	741803
GCA_020667915.1	3006726
GCA_021887715.1	3006726
GCA_009761865.1	4920127
GCA_009880605.1	4920127
GCA_949530435.1	4342978
GCA_949540525.1	4342978
GCA_002038385.1	4699748
GCA_002038945.1	4699753
GCA_013402245.1	2879572
GCA_013402365.1	2879570
GCA_035337735.1	4034695
GCA_036722635.1	4034695
GCA_034651395.1	4926067
GCA_036039425.1	4926067
GCA_034555915.1	5493320
GCA_035818855.1	5493320
GCA_033659065.1	2306591
GCA_033659345.1	2306591
GCA_002167275.2	2035001
GCA_002691795.1	2035001
GCA_945827475.1	2358082
GCA_945878185.1	2358082
GCA_949521985.1	1880464
GCA_949544585.1	1880464
GCA_900540515.1	3432213
GCA_902479885.1	3432213
GCA_016415305.1	2183445
GCA_002162235.1	2183439
GCA_949523815.1	2030895
GCA_949530145.1	2030895
GCA_016807285.1	1656297
GCA_021890075.1	1656297
GCA_037701895.1	1667024
GCA_037703515.1	1667024
GCA_037707025.1	1667024
GCA_037705215.1	1667023
GCA_003838195.1	8786841
GCA_963881825.1	8786841
GCA_964199135.1	5929528
GCA_964199155.1	5929528
GCA_949516195.1	2120636
GCA_949541215.1	2120636
GCA_904502035.1	1961570
GCA_015656635.1	1961570
GCA_003287635.1	5147665
GCA_963878365.1	5147665
GCA_003481745.1	3362050
GCA_902385415.1	3362050
GCA_040235255.1	1174180
GCA_040235285.1	1174180
GCA_040235305.1	1174177
GCA_033657725.1	2315118
GCA_033659505.1	2315118
GCA_000020605.1	3449685
GCA_902387715.1	3449685
GCA_902758555.1	1729482
GCA_900313735.1	1729482
GCA_902757185.1	1832577
GCA_900315985.1	1832577
GCA_001014305.1	1811968
GCA_001014285.1	1811968
GCA_026133925.1	5753540
GCA_026199235.1	5753540
GCA_009746375.1	5654005
GCA_013187475.1	5654005
GCA_013329975.1	1565062
GCA_003672125.1	1565062
GCA_006246355.1	4639561
GCA_963883005.1	4639561
GCA_003070645.1	3049296
GCA_004921735.1	3049296
GCA_016813535.1	3982915
GCA_016813805.1	3982915
GCA_025847295.1	4146986
GCA_025941705.1	4146986
GCA_013294815.1	6139962
GCA_013295345.1	6139961
GCA_025566965.1	3891993
GCA_900066505.1	3891993
GCA_902362695.1	3891993
GCA_002019755.1	1455381
GCA_002189655.1	1455375
GCA_902758435.1	3139302
GCA_900317715.1	3139302
GCA_009915745.1	3814056
GCA_963896075.1	3814056
GCA_001710135.1	2902426
GCA_001710485.1	2902426
GCA_004569315.1	4826282
GCA_015234875.1	4826282
GCA_016807465.1	1616584
GCA_021890255.1	1616584
GCA_902385595.1	2957724
GCA_003438725.1	2957724
GCA_000154805.1	2507885
GCA_902373765.1	2507885
GCA_902482465.1	2304658
GCA_900543035.1	2304658
GCA_035397345.1	3702369
GCA_036752925.1	3702369
GCA_035398125.1	6105950
GCA_036787675.1	6105950
GCA_024268095.1	5647647
GCA_035618575.1	5647647
GCA_009816615.1	1788412
GCA_009817605.1	1788408
GCA_009817935.1	1788406
GCA_001833385.1	4702382
GCA_001834485.1	4702380
GCA_031284855.1	1516112
GCA_014728785.1	1516106
GCA_006874515.1	5247812
GCA_011043635.1	5247812
GCA_035329485.1	2393290
GCA_036822255.1	2393290
GCA_003465335.1	2560730
GCA_902363885.1	2560730
GCA_900771975.1	2760601
GCA_902487985.1	2760601
GCA_002447035.1	4411353
GCA_002447995.1	4411352
GCA_023534065.1	4958783
GCA_023534805.1	4958783
GCA_015657235.1	3534152
GCA_904501785.1	3534152
GCA_001438495.1	1495089
GCA_001439525.1	1495089
GCA_003858725.1	5305793
GCA_009822775.1	5305793
GCA_902758015.1	1871343
GCA_900317595.1	1871343
GCA_949529375.1	2139268
GCA_949534015.1	2139268
GCA_902485425.1	5080781
GCA_900766525.1	5080781
GCA_035398865.1	1804584
GCA_036759225.1	1804584
GCA_015560225.1	3044673
GCA_028326315.1	3044673
GCA_000382745.1	7452860
GCA_009862105.1	7452860
GCA_900546085.1	1983892
GCA_902482125.1	1983892
GCA_013277735.1	4974579
GCA_963889985.1	4974579
GCA_035323165.1	1568038
GCA_036783115.1	1568038
GCA_001986175.1	4103704
GCA_001985285.1	4103696
GCA_005221705.1	5553154
GCA_005221945.1	5553146
GCA_005222065.1	5553150
GCA_026198755.1	5690844
GCA_037005825.1	5690844
GCA_001605645.1	4101762
GCA_001985405.1	4101757
GCA_036779695.1	2147678
GCA_035395105.1	2147678
GCA_038442665.1	4215643
GCA_037997165.1	4215642
GCA_028870335.1	4215636
GCA_037280805.1	4831557
GCA_037275385.1	4831562
GCA_035441665.1	2705075
GCA_036789905.1	2705075
GCA_015272895.1	2759523
GCA_022396575.1	2759523
GCA_028462985.1	3957607
GCA_028463265.1	3957607
GCA_028462725.1	3957605
GCA_004569345.1	5139722
GCA_015234845.1	5139722
GCA_015391385.1	5554739
GCA_015499895.1	5554739
GCA_041080685.1	2378462
GCA_041080695.1	2378460
GCA_003282825.1	977881
GCA_902516325.1	977881
GCA_000231275.1	2855429
GCA_902374545.1	2855429
GCA_900545605.1	2087458
GCA_902481645.1	2087458
GCA_000176175.1	4958664
GCA_902377635.1	4958664
GCA_030720105.1	1670815
GCA_030719925.1	1670812
GCA_030720505.1	1670810
GCA_902507935.1	5832681
GCA_963900375.1	5832681
GCA_014529985.1	2773878
GCA_018682335.1	2773878
GCA_902374145.1	3930699
GCA_000159975.2	3930699
GCA_900319065.1	2747064
GCA_902757265.1	2747064
GCA_025567085.1	3027291
GCA_902362455.1	3027291
GCA_023534605.1	4898457
GCA_023535315.1	4898457
GCA_902385285.1	3751971
GCA_003477995.1	3751971
GCA_002900705.1	7224781
GCA_002920995.1	7224781
GCA_022524925.1	6617313
GCA_022525245.1	6617313
GCA_019265145.1	5033927
GCA_019265125.1	5033927
GCA_000400345.1	5116899
GCA_963864815.1	5116899
GCA_002777135.1	1048307
GCA_002777155.1	1048306
GCA_002967765.1	7124707
GCA_003335485.1	7124707
GCA_003859285.1	5162936
GCA_009822825.1	5162936
GCA_902364905.1	3713821
GCA_003461925.1	3713821
GCA_900038275.1	2800548
GCA_900098015.1	2800548
GCA_902385165.1	4827540
GCA_003433985.1	4827540
GCA_010119695.1	5504636
GCA_963888645.1	5504636
GCA_029011635.1	2201662
GCA_029011675.1	2201661
GCA_006165165.1	4763930
GCA_006165245.1	4763929
GCA_006165105.1	4763928
GCA_006165225.1	4763925
GCA_900542045.1	3323798
GCA_902479985.1	3323798
GCA_041904515.1	2823061
GCA_041904545.1	2823061
GCA_035325205.1	3552857
GCA_036724765.1	3552857
GCA_949535155.1	1267789
GCA_949542355.1	1267789
GCA_902754895.1	2781701
GCA_900318505.1	2781701
GCA_024508175.1	4090549
GCA_024507895.1	4090548
GCA_024507835.1	4090549
GCA_035327165.1	624836
GCA_036755905.1	624836
GCA_035427125.1	3599732
GCA_036758705.1	3599732
GCA_003490145.1	3374459
GCA_902385335.1	3374459
GCA_019394965.1	4806350
GCA_019394985.1	4806350
GCA_019394925.1	4806350
GCA_003265495.1	4585928
GCA_900491725.1	4585928
GCA_900314875.1	1471337
GCA_902755375.1	1471337
GCA_900235925.1	4319181
GCA_900562175.1	4319181
GCA_900549525.1	1902228
GCA_902479555.1	1902228
GCA_010119795.1	5499726
GCA_963887715.1	5499726
GCA_019375115.1	5404780
GCA_009600785.1	5404780
GCA_900241955.1	5013953
GCA_900242015.1	5013953
GCA_005844535.1	4820739
GCA_015552245.1	4820739
GCA_018413585.1	5008159
GCA_019083995.1	5008159
GCA_000227195.1	1274722
GCA_902374445.1	1274722
GCA_035519835.1	1259018
GCA_036743435.1	1259018
GCA_003205115.1	3679156
GCA_004921805.1	3679156
GCA_900542555.1	2062654
GCA_902481945.1	2062654
GCA_025055835.1	3860320
GCA_033583375.1	3860320
GCA_900636555.1	2196660
GCA_000017005.1	2196662
GCA_900771175.1	1987494
GCA_902487805.1	1987494
GCA_949506445.1	1687890
GCA_949540645.1	1687890
GCA_003213135.1	976624
GCA_902577615.1	976624
GCA_900769385.1	1938484
GCA_902486795.1	1938484
GCA_005844135.1	3794810
GCA_015550395.1	3794810
GCA_025847315.1	3876576
GCA_025941965.1	3876576
GCA_012395185.1	4149197
GCA_011090235.1	4149197
GCA_003282945.1	1159533
GCA_902515595.1	1159533
GCA_900315305.1	2498716
GCA_902759565.1	2498716
GCA_001418025.1	2594657
GCA_001517225.1	2594657
GCA_036817465.1	2494697
GCA_035400285.1	2494697
GCA_014527455.1	2892121
GCA_902374525.1	2892121
GCA_000241405.1	2892121
GCA_001134585.1	4631731
GCA_963865785.1	4631731
GCA_903880465.1	4987225
GCA_903882015.1	4987225
GCA_902759105.1	2171598
GCA_900319265.1	2171598
GCA_011682665.1	678970
GCA_009937645.1	678970
GCA_000715475.1	3319479
GCA_963864045.1	3319479
GCA_040735105.1	4429026
GCA_040820775.1	4429026
GCA_003466125.1	2162763
GCA_902400015.1	2162763
GCA_001378695.1	4366148
GCA_001386055.1	4366148
GCA_022484425.1	1518396
GCA_022643665.1	1518396
GCA_902385295.1	3427151
GCA_003481825.1	3427151
GCA_040961095.1	2039512
GCA_040962025.1	2039512
GCA_902804055.1	3453173
GCA_900314145.1	3453173
GCA_004134845.1	2713405
GCA_016722825.1	2713405
GCA_005844705.1	5676948
GCA_015548065.1	5676948
GCA_035396695.1	3238276
GCA_036821425.1	3238276
GCA_023605635.1	3990562
GCA_030761475.1	3990562
GCA_900762265.1	2452306
GCA_902484295.1	2452306
GCA_030921305.2	1729392
GCA_032041175.2	1729391
GCA_013415215.1	2698428
GCA_015234635.1	2698428
GCA_000205165.1	3789812
GCA_902374365.1	3789812
GCA_900036555.1	2015338
GCA_900021405.1	2015342
GCA_000337375.1	3425042
GCA_902377425.1	3425042
GCA_900316845.1	2337091
GCA_902756445.1	2337091
GCA_035338035.1	5783703
GCA_036733865.1	5783703
GCA_902386235.1	3808262
GCA_000711055.1	3808262
GCA_000173715.1	5042394
GCA_963860205.1	5042394
GCA_035325265.1	2314878
GCA_036835605.1	2314878
GCA_003282975.1	1087529
GCA_902515085.1	1087529
GCA_028462465.1	3389570
GCA_028829395.1	3389570
GCA_001986535.1	4110608
GCA_004009515.1	4110608
GCA_020386595.1	2766978
GCA_020388115.1	2766978
GCA_020388075.1	2766976
GCA_020388095.1	2766976
GCA_020388195.1	2766976
GCA_020388215.1	2766976
GCA_036998105.1	5803813
GCA_026162245.1	5803813
GCA_023806275.1	6845479
GCA_023806365.1	6845479
GCA_024179185.1	6845479
GCA_013331035.1	1237449
GCA_003672885.1	1237449
GCA_012933195.2	3248079
GCA_017897965.1	3248079
GCA_017898005.1	3248079
GCA_003340385.1	3399441
GCA_902387605.1	3399441
GCA_949486785.1	1290012
GCA_949523695.1	1290012
GCA_949506035.1	1730859
GCA_949553005.1	1730859
GCA_009901705.1	3819074
GCA_038433765.1	3819074
GCA_902757155.1	2350532
GCA_900315275.1	2350532
GCA_902486785.1	1880479
GCA_900769215.1	1880479
GCA_900555005.1	2187686
GCA_902480505.1	2187686
GCA_949529305.1	2923687
GCA_949534045.1	2923687
GCA_025218405.1	5100592
GCA_033900325.1	5100592
GCA_015355065.1	2593701
GCA_036400795.1	2593701
GCA_003672445.1	1661056
GCA_013330625.1	1661056
GCA_014863805.1	4631470
GCA_014863625.1	4631469
GCA_014863685.1	4631469
GCA_014863725.1	4631469
GCA_014863785.1	4631469
GCA_014863845.1	4631469
GCA_014863745.1	4631468
GCA_015534935.1	4631470
GCA_015534955.1	4631470
GCA_015535015.1	4631470
GCA_015534975.1	4631467
GCA_000750555.1	4631469
GCA_016811875.1	4631469
GCA_016811855.1	4631465
GCA_015534855.1	4631470
GCA_015535035.1	4631465
GCA_016811895.1	4631469
GCA_003312005.1	3993568
GCA_963895895.1	3993568
GCA_000817995.1	2173720
GCA_902386735.1	2173720
GCA_949521825.1	1669710
GCA_949553115.1	1669710
GCA_003279775.1	1066407
GCA_902554775.1	1066407
GCA_001688555.1	4490819
GCA_001688585.1	4490819
GCA_004764665.1	5625081
GCA_963882575.1	5625081
GCA_028065115.1	2849024
GCA_021820845.1	2849024
GCA_002009255.1	4803686
GCA_003031405.1	4803686
GCA_902164145.1	5465701
GCA_902164175.1	5465701
GCA_004117135.1	5158055
GCA_004136415.1	5158055
GCA_016813655.1	3984042
GCA_016813665.1	3984042
GCA_016813715.1	3984042
GCA_016813775.1	3984042
GCA_035323605.1	5906641
GCA_036822615.1	5906641
GCA_013041685.1	1573976
GCA_018678875.1	1573976
GCA_036311925.1	2804089
GCA_037483035.1	2804089
GCA_014138465.1	1565755
GCA_963889505.1	1565755
GCA_902508015.1	5610129
GCA_963900215.1	5610129
GCA_025567445.1	5880143
GCA_902362855.1	5880143
GCA_900066755.1	5880143
GCA_000625915.2	4685785
GCA_000625795.2	4685785
GCA_000624795.2	4685786
GCA_000625995.2	4685793
GCA_902485405.1	2932738
GCA_900766295.1	2932738
GCA_005049285.1	3661127
GCA_023566035.1	3661127
GCA_019269155.1	4733683
GCA_019269675.1	4733683
GCA_019269275.1	4733683
GCA_019265485.1	4733683
GCA_002899715.1	2826736
GCA_902387165.1	2826736
GCA_026133785.1	5695522
GCA_026198815.1	5695522
GCA_008830165.1	5133936
GCA_008830705.1	5133936
GCA_900236405.1	3295161
GCA_900236385.1	3295156
GCA_900547025.1	1935934
GCA_902479925.1	1935934
GCA_014900615.1	4419973
GCA_014900855.1	4419967
GCA_009720565.1	2989570
GCA_036583945.1	2989570
GCA_015904905.1	1671228
GCA_017594845.1	1671228
GCA_900769545.1	2291640
GCA_902486955.1	2291640
GCA_023016365.1	1139582
GCA_029958725.3	1139582
GCA_040405015.1	1139584
GCA_029958765.3	1139578
GCA_029958645.3	1139584
GCA_003952805.1	1139578
GCA_002271195.1	1139577
GCA_002271235.1	1139577
GCA_040404965.1	1139597
GCA_040405595.1	1139597
GCA_040405685.1	1139596
GCA_029958665.3	1139603
GCA_902479965.1	1776420
GCA_900540085.1	1776420
GCA_948620395.1	1902799
GCA_948998305.1	1902799
GCA_002952475.1	1674013
GCA_002952495.1	1674013
GCA_002952655.1	1674010
GCA_002952555.1	1674009
GCA_002952595.1	1674009
GCA_035325225.1	4407912
GCA_036788755.1	4407912
GCA_035329825.1	1778791
GCA_036826355.1	1778791
GCA_900313165.1	2704690
GCA_902758245.1	2704690
GCA_020904975.2	2219160
GCA_025642435.1	2219158
GCA_013330265.1	1140228
GCA_003672385.1	1140228
GCA_023650995.1	3547809
GCA_023651805.1	3547807
GCA_024542815.1	6430548
GCA_024714155.1	6430548
GCA_900316635.1	1920279
GCA_902755425.1	1920279
GCA_019285075.1	5540574
GCA_019285335.1	5540574
GCA_017115445.1	3165370
GCA_901284405.1	3165370
GCA_026315145.1	2496043
GCA_026409245.1	2496037
GCA_949431815.1	2019757
GCA_949462235.1	2019757
GCA_949478775.1	2019757
GCA_003481145.1	3368907
GCA_902399795.1	3368907
GCA_900771365.1	3060385
GCA_902488005.1	3060385
GCA_035395565.1	3657156
GCA_036845865.1	3657156
GCA_014076835.1	4510069
GCA_963890335.1	4510069
GCA_900315355.1	2324420
GCA_902756745.1	2324420
GCA_015656685.1	1157247
GCA_904501965.1	1157247
GCA_902374585.1	5500475
GCA_000234155.1	5500475
GCA_023655985.1	2778924
GCA_023656095.1	2778924
GCA_943788975.1	2619691
GCA_943844815.1	2619691
GCA_002211365.1	5795980
GCA_002211385.1	5795980
GCA_005845085.1	4763759
GCA_015559085.1	4763759
GCA_020881395.1	5370439
GCA_963895095.1	5370439
GCA_902364235.1	3575329
GCA_003478505.1	3575329
GCA_000507845.1	2369528
GCA_902375205.1	2369528
GCA_004635985.1	4107707
GCA_004635785.1	4107705
GCA_900236395.1	3295219
GCA_900236415.1	3295221
GCA_036039755.1	5090903
GCA_036227675.1	5090903
GCA_003992425.1	4111827
GCA_011627385.1	4111827
GCA_017140095.1	3311219
GCA_017139975.1	3311219
GCA_937911905.1	6255622
GCA_963997145.1	6255622
GCA_000269645.2	4638970
GCA_000273425.1	4638970
GCA_900540305.1	2037503
GCA_902483145.1	2037503
GCA_026128825.1	5751580
GCA_026198665.1	5751580
GCA_900321575.1	1439611
GCA_902760205.1	1439611
GCA_001831395.1	4128984
GCA_001687405.1	4128979
GCA_004522185.1	5541850
GCA_963881615.1	5541850
GCA_900046475.1	2836446
GCA_902375985.1	2836446
GCA_035398625.1	1920622
GCA_036724975.1	1920622
GCA_900769625.1	3104477
GCA_902486945.1	3104477
GCA_008692505.1	2725377
GCA_963885875.1	2725377
GCA_017577205.1	7721114
GCA_017569365.1	7721108
GCA_015551105.1	4761587
GCA_039760655.1	4761587
GCA_945831115.1	1456662
GCA_945875395.1	1456662
GCA_030440495.1	2515721
GCA_030440475.1	2515718
GCA_035441545.1	4579869
GCA_036794685.1	4579869
GCA_016807445.1	1617486
GCA_021890235.1	1617486
GCA_033043255.1	3854040
GCA_032918415.1	3854040
GCA_900037215.1	1983167
GCA_900030195.1	1983175
GCA_902381725.1	2377736
GCA_000413375.1	2377736
GCA_002117165.1	3929792
GCA_039643455.1	3929792
GCA_026684155.1	3929790
GCA_030220145.1	3929790
GCA_001922005.1	3929787
GCA_003045165.1	3929794
GCA_021650855.1	3929792
GCA_023516155.1	3929792
GCA_023516195.1	3929792
GCA_024734625.1	3929792
GCA_029215565.1	3929792
GCA_029215735.1	3929792
GCA_029537215.1	3929792
GCA_029834585.1	3929792
GCA_030053815.1	3929792
GCA_030252385.1	3929792
GCA_030406645.1	3929792
GCA_030518635.1	3929792
GCA_030520225.1	3929792
GCA_033170175.1	3929792
GCA_009362235.1	3929791
GCA_019222745.1	3929791
GCA_025914055.1	3929791
GCA_002072695.1	3929789
GCA_030053675.1	3929788
GCA_902364685.1	2323210
GCA_003470665.1	2323210
GCA_003466065.1	2346332
GCA_902363865.1	2346332
GCA_022509445.1	2077539
GCA_014488995.1	2077539
GCA_947462555.1	1186607
GCA_009703915.1	1186607
GCA_020053415.1	1057865
GCA_020061345.1	1057865
GCA_903879175.1	7318925
GCA_905232185.1	7318925
GCA_003282145.1	2044868
GCA_902528115.1	2044868
GCA_004635765.1	4105314
GCA_004636825.1	4105313
GCA_001985765.1	4105309
GCA_001989335.1	4105309
GCA_004636065.1	4105308
GCA_019801285.1	4354432
GCA_019801375.1	4354432
GCA_949447915.1	2067144
GCA_949461735.1	2067144
GCA_949518845.1	2067144
GCA_902756345.1	3357451
GCA_900316825.1	3357451
GCA_019271475.1	5392094
GCA_019271155.1	5392094
GCA_019271175.1	5392094
GCA_019271675.1	5392094
GCA_019273735.1	5392094
GCA_019271215.1	5392094
GCA_019271895.1	5392094
GCA_019271135.1	5392094
GCA_024534295.1	5659950
GCA_025399265.1	5659950
GCA_035397665.1	1929906
GCA_036724835.1	1929906
GCA_949429145.1	1800863
GCA_949478675.1	1800863
GCA_949523225.1	1800863
GCA_900319795.1	1999590
GCA_902755075.1	1999590
GCA_900143395.1	2986127
GCA_900148615.1	2986127
GCA_902637425.1	1188722
GCA_902637485.1	1188724
GCA_900763975.1	1729387
GCA_902484615.1	1729387
GCA_035435225.1	2672515
GCA_036776455.1	2672515
GCA_949429255.1	1523119
GCA_949461765.1	1523119
GCA_949528705.1	1523119
GCA_035400485.1	4480768
GCA_036733285.1	4480768
GCA_009815795.1	1788396
GCA_009818155.1	1788398
GCA_009818605.1	1788403
GCA_009818825.1	1788402
GCA_009819055.1	1788403
GCA_040369865.1	2801575
GCA_900127935.1	2801580
GCA_015656825.1	1155945
GCA_904501875.1	1155945
GCA_002154725.1	8662725
GCA_963873765.1	8662725
GCA_902385525.1	3878769
GCA_003438665.1	3878769
GCA_017299175.1	5160494
GCA_017298935.1	5160489
GCA_017299315.1	5160489
GCA_017299535.1	5160486
GCA_023921805.1	2375995
GCA_027942055.1	2375995
GCA_019335565.1	1861039
GCA_019335725.1	1861040
GCA_902484235.1	3767547
GCA_900762315.1	3767547
GCA_002201495.1	2737357
GCA_016697425.1	2737357
GCA_900557325.1	1039311
GCA_902481245.1	1039311
GCA_900764645.1	2041599
GCA_902484725.1	2041599
GCA_902859095.1	5028134
GCA_021173045.1	5028125
GCA_000169135.1	5316258
GCA_963860245.1	5316258
GCA_016804165.1	2860511
GCA_016803675.1	2860509
GCA_016804185.1	2860508
GCA_902385545.1	3612475
GCA_003438885.1	3612475
GCA_002237735.1	5149214
GCA_900177535.1	5149214
GCA_902507975.1	5732900
GCA_963900435.1	5732900
GCA_945828765.1	2027123
GCA_945875825.1	2027123
GCA_900541145.1	2163327
GCA_902482015.1	2163327
GCA_001049655.1	2856577
GCA_001049695.1	2856577
GCA_003627135.1	2009598
GCA_004355265.1	2009598
GCA_008802485.1	6201361
GCA_026127005.1	6201362
GCA_902755725.1	2126320
GCA_900316345.1	2126320
GCA_003473165.1	4783145
GCA_902364585.1	4783145
GCA_900087015.1	2650850
GCA_902376065.1	2650850
GCA_023646435.1	5549250
GCA_023646475.1	5549250
GCA_900059745.1	2076845
GCA_900049095.1	2076846
GCA_900318055.1	1301815
GCA_902759125.1	1301815
GCA_015273035.1	2758251
GCA_022396145.1	2758251
GCA_001442985.1	2852210
GCA_001536245.1	2852210
GCA_902479465.1	1807406
GCA_900546195.1	1807406
GCA_005844475.1	2178991
GCA_015553245.1	2178991
GCA_000359525.1	6841649
GCA_009862345.1	6841649
GCA_002876565.1	5356125
GCA_963877755.1	5356125
GCA_020806295.1	6026712
GCA_963895305.1	6026712
GCA_003209895.1	924715
GCA_902582665.1	924715
GCA_003326615.1	1831175
GCA_022509545.1	1831175
GCA_035329685.1	1669289
GCA_036746635.1	1669289
GCA_036997885.1	5477843
GCA_026162405.1	5477843
GCA_013048725.1	3987976
GCA_963888445.1	3987976
GCA_902509125.1	5640506
GCA_963901155.1	5640506
GCA_903879315.1	4434439
GCA_905232365.1	4434439
GCA_902758255.1	1600222
GCA_900320135.1	1600222
GCA_902374575.1	1895632
GCA_000238755.1	1895632
GCA_945827915.1	4846306
GCA_945870345.1	4846306
GCA_949542415.1	1702040
GCA_949544705.1	1702040
GCA_001457015.1	3615064
GCA_900094985.1	3615064
GCA_035392705.1	3442708
GCA_036749875.1	3442708
GCA_003384115.1	2524171
GCA_005937675.1	2524171
GCA_900318515.1	2757535
GCA_902755765.1	2757535
GCA_017378475.1	6638980
GCA_038396595.1	6638980
GCA_001921885.1	4919147
GCA_963871415.1	4919147
GCA_009800185.1	6397110
GCA_009800205.1	6397109
GCA_035396345.1	1188743
GCA_036787575.1	1188743
GCA_030234265.1	5836580
GCA_033195075.1	5836580
GCA_902757545.1	1657927
GCA_900319335.1	1657927
GCA_034106505.1	4769997
GCA_036231925.1	4769997
GCA_018682265.1	2828584
GCA_024915505.1	2828584
GCA_035337875.1	3544046
GCA_036835025.1	3544046
GCA_019710455.1	3614840
GCA_033112945.1	3614840
GCA_945830835.1	1755127
GCA_945868415.1	1755127
GCA_000513095.1	4530938
GCA_001315045.1	4530938
GCA_902362755.1	2457263
GCA_001404895.1	2457263
GCA_012952645.1	5148049
GCA_016505445.1	5148049
GCA_004100405.1	4864318
GCA_963882275.1	4864318
GCA_900549195.1	1838937
GCA_902481795.1	1838937
GCA_005844115.1	2279897
GCA_015558685.1	2279897
GCA_900553935.1	1628537
GCA_902467545.1	1628537
GCA_030168025.1	2926994
GCA_021391475.1	2926991
GCA_008692535.1	3397859
GCA_963886605.1	3397859
GCA_001406435.1	4322432
GCA_902362885.1	4322432
GCA_000318525.2	1051528
GCA_000318545.1	1051525
GCA_036039975.1	5025082
GCA_036227825.1	5025082
GCA_000165125.2	4410536
GCA_963860025.1	4410536
GCA_001713115.1	1139151
GCA_001713175.1	1139146
GCA_001712915.1	1139148
GCA_001713015.1	1139145
GCA_902487025.1	1032121
GCA_900769855.1	1032121
GCA_033959405.1	2218127
GCA_034427835.1	2218127
GCA_002171535.2	1861042
GCA_002692285.1	1861042
GCA_003475105.1	2761423
GCA_902364375.1	2761423
GCA_001986855.1	4111644
GCA_004636165.1	4111643
GCA_001986755.1	4111642
GCA_001987635.1	4111640
GCA_001986675.1	4111638
GCA_002442615.1	4111636
GCA_029674985.1	5138798
GCA_029674925.1	5138796
GCA_900232875.1	3822891
GCA_902386905.1	3822891
GCA_902381665.1	1566655
GCA_000178935.2	1566655
GCA_000092805.1	1042811
GCA_000092685.1	1042810
GCA_035329945.1	3630510
GCA_036752305.1	3630510
GCA_036795335.1	863850
GCA_035399985.1	863850
GCA_022290035.1	5342136
GCA_963897595.1	5342136
GCA_900766135.1	5721146
GCA_902485105.1	5721146
GCA_002912785.1	1906669
GCA_902387135.1	1906669
GCA_012952465.1	5315539
GCA_015720725.1	5315539
GCA_025962595.1	3995984
GCA_025962615.1	3995977
GCA_025962625.1	3995984
GCA_003589745.1	2810441
GCA_902387945.1	2810441
GCA_900543175.1	2294801
GCA_902482085.1	2294801
GCA_035329865.1	4801320
GCA_036796515.1	4801320
GCA_023066115.1	2866128
GCA_023066135.1	2866129
GCA_900474955.1	1921449
GCA_900474645.1	1921448
GCA_900765565.1	2475189
GCA_902485005.1	2475189
GCA_900169525.1	3030206
GCA_902386875.1	3030206
GCA_019780175.1	3096686
GCA_028745825.1	3096686
GCA_004008555.1	4103234
GCA_004636425.1	4103232
GCA_001987695.1	4103226
GCA_001985745.1	4103225
GCA_022407475.1	4103226
GCA_023534615.1	4908032
GCA_023535365.1	4908032
GCA_005844965.1	6659128
GCA_028401245.1	6659128
GCA_900539735.1	1946794
GCA_902481025.1	1946794
GCA_900770405.1	2475226
GCA_902487485.1	2475226
GCA_013304415.1	3756316
GCA_024460535.1	3756316
GCA_943789225.1	2195139
GCA_943841535.1	2195139
GCA_019780595.1	4170555
GCA_904830865.1	4170555
GCA_905120485.1	4170555
GCA_900476045.1	1760930
GCA_020097435.1	1760933
GCA_024124105.1	3905142
GCA_024124135.1	3905141
GCA_023534285.1	5143018
GCA_023534845.1	5143018
GCA_036232585.1	6805381
GCA_036232605.1	6805380
GCA_022439445.1	4735941
GCA_022576915.1	4735940
GCA_017846595.1	1681199
GCA_014874765.1	1681199
GCA_900318795.1	2770634
GCA_902756685.1	2770634
GCA_024260505.1	5605613
GCA_024434465.1	5605613
GCA_035435145.1	3392374
GCA_036727115.1	3392374
GCA_003460065.1	3528951
GCA_902363925.1	3528951
GCA_004941425.1	2337554
GCA_002953315.1	2337549
GCA_009759765.1	2337549
GCA_031624535.1	4434967
GCA_031626475.1	4434967
GCA_025059775.1	2351435
GCA_033579575.1	2351435
GCA_902645945.1	1191993
GCA_902645985.1	1191992
GCA_003466855.1	2020615
GCA_902365065.1	2020615
GCA_002705975.1	8386301
GCA_009865305.1	8386301
GCA_900090165.1	8386301
GCA_035394325.1	3514832
GCA_036838065.1	3514832
GCA_014230145.1	4768689
GCA_963889965.1	4768689
GCA_040529255.1	4001326
GCA_040529265.1	4001326
GCA_902759325.1	2672197
GCA_900321935.1	2672197
GCA_000820725.1	2878449
GCA_902375405.1	2878449
GCA_900095705.1	1809170
GCA_902376175.1	1809170
GCA_900054445.1	2802933
GCA_900483185.1	2802934
GCA_021560555.1	1894158
GCA_019469505.1	1894156
GCA_000168775.2	1894157
GCA_003045365.1	2894817
GCA_003045505.1	2894817
GCA_003045205.1	2894816
GCA_003045225.1	2894816
GCA_003045255.1	2894816
GCA_003045285.1	2894816
GCA_003045305.1	2894816
GCA_003045465.1	2894816
GCA_003045525.1	2894816
GCA_003045565.1	2894816
GCA_003045585.1	2894816
GCA_003045625.1	2894816
GCA_004569485.1	5137552
GCA_015234815.1	5137552
GCA_003438095.1	2673248
GCA_902385495.1	2673248
GCA_001771425.1	1668697
GCA_001771465.1	1668697
GCA_001771575.1	1668697
GCA_001771625.1	1668697
GCA_015556885.1	2225567
GCA_028310925.1	2225567
GCA_019741015.1	2912688
GCA_001564515.1	2912688
GCA_013798785.1	4719140
GCA_013800985.1	4719138
GCA_003184445.1	3696624
GCA_009626895.1	3696624
GCA_900321295.1	3725436
GCA_902760065.1	3725436
GCA_023806095.1	6830389
GCA_023806265.1	6830389
GCA_024179205.1	6830389
GCA_902757775.1	3125023
GCA_900314935.1	3125023
GCA_010591255.1	5805028
GCA_963887815.1	5805028
GCA_900113945.1	5119810
GCA_963899795.1	5119810
GCA_021165625.1	4944380
GCA_963898065.1	4944380
GCA_902374505.1	3238901
GCA_000238675.1	3238901
GCA_000155815.1	4197635
GCA_902373795.1	4197635
GCA_009817745.1	1788371
GCA_009819455.1	1788368
GCA_003050225.1	5478817
GCA_963878585.1	5478817
GCA_003216235.1	937395
GCA_902564395.1	937395
GCA_011365875.1	5089543
GCA_011366185.1	5089543
GCA_902386885.1	2176737
GCA_900119915.1	2176737
GCA_900540935.1	2116416
GCA_902479285.1	2116416
GCA_005844865.1	6807789
GCA_028401295.1	6807789
GCA_023913535.1	2991153
GCA_022220485.1	2991151
GCA_018228745.1	2991149
GCA_001985645.1	4106407
GCA_001985225.1	4106406
GCA_001987455.1	4106406
GCA_000786575.1	2304821
GCA_902386475.1	2304821
GCA_005844455.1	2170860
GCA_015556575.1	2170860
GCA_902757505.1	1340531
GCA_900313465.1	1340531
GCA_005869945.1	4935145
GCA_005930685.1	4935145
GCA_029909655.1	1668531
GCA_032463665.1	1668531
GCA_024582375.1	5892919
GCA_030972825.1	5892919
GCA_017115385.1	3103966
GCA_902506745.1	3103966
GCA_949525935.1	2553004
GCA_949538105.1	2553004
GCA_003384665.1	2543134
GCA_005937445.1	2543134
GCA_014529995.1	2936603
GCA_018682295.1	2936603
GCA_004358245.1	4078639
GCA_012972715.1	4078639
GCA_009707175.1	2065483
GCA_013623455.1	2065483
GCA_002775665.1	3022426
GCA_002776095.1	3022427
GCA_003050025.1	5350292
GCA_963879035.1	5350292
GCA_900143335.1	2885836
GCA_900148595.1	2885836
GCA_039880435.1	4169938
GCA_039880445.1	4169938
GCA_035404425.1	4234157
GCA_036848375.1	4234157
GCA_001713135.1	1139129
GCA_001713195.1	1139130
GCA_001713235.1	1139132
GCA_001712975.1	1139126
GCA_001713255.1	1139131
GCA_000600005.1	2527978
GCA_030758655.1	2527983
GCA_003070625.1	3043659
GCA_004921725.1	3043659
GCA_002168875.2	2909769
GCA_002704225.1	2909769
GCA_003279685.1	1352095
GCA_902558255.1	1352095
GCA_021328455.1	2838905
GCA_040529545.1	2838905
GCA_900314715.1	4048070
GCA_902757605.1	4048070
GCA_034497285.1	2745718
GCA_034507075.1	2745718
GCA_035395665.1	2987250
GCA_036777805.1	2987250
GCA_003390325.1	5083342
GCA_017811715.1	5083342
GCA_902757935.1	2337808
GCA_900313205.1	2337808
GCA_000177015.3	3197355
GCA_902374265.1	3197355
GCA_025421935.1	5149234
GCA_028464445.1	5149234
GCA_902758625.1	2101715
GCA_900317415.1	2101715
GCA_001841575.1	4399046
GCA_000654155.1	4399045
GCA_900094955.1	4500901
GCA_001457035.1	4500901
GCA_002000685.1	2985088
GCA_002000865.1	2985088
GCA_003284195.1	1250184
GCA_902510005.1	1250184
GCA_035394445.1	3145260
GCA_036729325.1	3145260
GCA_020685505.1	1717214
GCA_022128045.1	1717214
GCA_013112775.1	2392643
GCA_016743575.1	2392643
GCA_948682045.1	2032817
GCA_948991295.1	2032817
GCA_021491715.1	2782272
GCA_021491735.1	2782265
GCA_900318255.1	3145470
GCA_902756105.1	3145470
GCA_900318295.1	2066180
GCA_902755855.1	2066180
GCA_013415005.1	6264523
GCA_013415025.1	6264523
GCA_013414905.1	6264519
GCA_025057985.1	554132
GCA_033579515.1	554132
GCA_009740315.1	1644394
GCA_009740975.1	1644394
GCA_028892845.1	4968128
GCA_028892865.1	4968128
GCA_001936535.1	4782007
GCA_001983245.1	4782007
GCA_001985165.1	4103215
GCA_001988135.1	4103209
GCA_016813095.1	4034552
GCA_016813205.1	4034552
GCA_022509385.1	2011311
GCA_000496435.1	2011311
GCA_010119835.1	5514130
GCA_963887895.1	5514130
GCA_010091925.1	7426239
GCA_963888385.1	7426239
GCA_900116765.1	4842958
GCA_003149265.1	4842958
GCA_036453645.1	5063486
GCA_036453825.1	5063486
GCA_030127535.1	1591346
GCA_030127695.1	1591349
GCA_902170405.1	4540093
GCA_963900685.1	4540093
GCA_016727365.1	2453751
GCA_900475775.1	2453749
GCA_030179465.1	2664048
GCA_040493675.1	2664048
GCA_035435365.1	2090149
GCA_036801785.1	2090149
GCA_021650055.1	4564612
GCA_021650105.1	4564612
GCA_902486875.1	1698528
GCA_900769405.1	1698528
GCA_903839185.1	1433221
GCA_903844305.1	1433221
GCA_030770395.1	6017275
GCA_033100255.1	6017275
GCA_035396405.1	1591996
GCA_036839335.1	1591996
GCA_900541205.1	2180143
GCA_902482285.1	2180143
GCA_902756525.1	2408548
GCA_900317845.1	2408548
GCA_902375585.1	1903534
GCA_001182725.1	1903534
GCA_902757675.1	3047119
GCA_900315245.1	3047119
GCA_001689645.1	4459920
GCA_002633115.1	4459920
GCA_009800325.1	4641655
GCA_009800305.1	4641656
GCA_009800345.1	4641656
GCA_013041805.1	2812216
GCA_018679955.1	2812216
GCA_001307525.1	4101147
GCA_004009555.1	4101146
GCA_022407435.1	4101147
GCA_016814315.1	4201156
GCA_016814475.1	4201156
GCA_900318605.1	1229179
GCA_902759945.1	1229179
GCA_000296445.1	2119335
GCA_902374735.1	2119335
GCA_902381825.1	3522704
GCA_000210555.1	3522704
GCA_017376415.1	2530291
GCA_000143205.1	2530294
GCA_000820025.1	4762473
GCA_963865645.1	4762473
GCA_945828235.1	4175908
GCA_945864955.1	4175908
GCA_036998985.1	5911932
GCA_026161805.1	5911932
GCA_902484585.1	1657705
GCA_900763995.1	1657705
GCA_900770805.1	1389684
GCA_902487575.1	1389684
GCA_001023105.1	5193870
GCA_037627485.1	5193870
GCA_949542365.1	1153332
GCA_949547985.1	1153332
GCA_900553835.1	940779
GCA_902479545.1	940779
GCA_020075265.1	2771067
GCA_020075305.1	2771068
GCA_020075345.1	2771068
GCA_020075425.1	2771068
GCA_016905345.1	2310078
GCA_029616635.1	2310078
GCA_001989035.1	4109522
GCA_017357205.1	4109518
GCA_027568555.1	3854319
GCA_024978135.1	3854319
GCA_002995515.1	4155740
GCA_002995535.1	4155740
GCA_035396185.1	1762705
GCA_036792715.1	1762705
GCA_019265505.1	4733683
GCA_019269255.1	4733683
GCA_019265465.1	4733683
GCA_019269435.1	4733683
GCA_019269395.1	4733683
GCA_019270115.1	4733682
GCA_019269755.1	4733683
GCA_019269915.1	4733682
GCA_019269595.1	4733683
GCA_019269815.1	4733683
GCA_019269455.1	4733683
GCA_019269475.1	4733683
GCA_019269215.1	4733683
GCA_019269375.1	4733682
GCA_019269795.1	4733682
GCA_019269335.1	4733683
GCA_019269315.1	4733683
GCA_019269355.1	4733682
GCA_019265445.1	4733683
GCA_019269995.1	4733683
GCA_019269175.1	4733683
GCA_021802585.1	2649650
GCA_028065775.1	2649650
GCA_000651695.1	4416588
GCA_000671975.1	4416592
GCA_003437195.1	5657158
GCA_902399875.1	5657158
GCA_035405565.1	3490105
GCA_036825195.1	3490105
GCA_002875495.1	5614493
GCA_963877945.1	5614493
GCA_018790395.1	4046227
GCA_018790425.1	4046227
GCA_035323355.1	1022872
GCA_036736125.1	1022872
GCA_035064455.1	5402295
GCA_036633415.1	5402295
GCA_036728105.1	4117717
GCA_035325325.1	4117717
GCA_900321535.1	1324976
GCA_902759885.1	1324976
GCA_902483525.1	2637500
GCA_900759825.1	2637500
GCA_036779295.1	1710528
GCA_035520515.1	1710528
GCA_003834725.1	6481532
GCA_013619765.1	6481532
GCA_902507225.1	5817052
GCA_963900525.1	5817052
GCA_949486765.1	1754632
GCA_949523735.1	1754632
GCA_009725185.1	4838016
GCA_963886305.1	4838016
GCA_005844795.1	5984562
GCA_015669535.1	5984562
GCA_036798965.1	3522732
GCA_035337755.1	3522732
GCA_002037895.1	4701345
GCA_000974045.1	4701337
GCA_900314965.1	2430998
GCA_902756195.1	2430998
GCA_900540295.1	1909791
GCA_902483285.1	1909791
GCA_019285015.1	5540574
GCA_019284475.1	5540574
GCA_004848405.1	4808372
GCA_009648755.1	4808371
GCA_009648835.1	4808371
GCA_902482935.1	2320952
GCA_900545825.1	2320952
GCA_035398405.1	1391175
GCA_036804905.1	1391175
GCA_016835115.1	1944352
GCA_016835135.1	1944351
GCA_012843275.1	4770609
GCA_963888745.1	4770609
GCA_000157955.1	3245471
GCA_902373905.1	3245471
GCA_035394705.1	1840168
GCA_036830705.1	1840168
GCA_000942395.1	3421198
GCA_902375465.1	3421198
GCA_003214525.1	1104608
GCA_902569805.1	1104608
GCA_010120595.1	2102268
GCA_900474985.1	2102271
GCA_003390155.1	2936142
GCA_003390195.1	2936142
GCA_003390235.1	2936142
GCA_003390255.1	2936142
GCA_003390275.1	2936142
GCA_003390205.1	2936142
GCA_034651325.1	4925637
GCA_036039435.1	4925637
GCA_015657115.1	1825947
GCA_904501805.1	1825947
GCA_949530455.1	3661455
GCA_949540475.1	3661455
GCA_945827695.1	1660279
GCA_945862915.1	1660279
GCA_900539835.1	1989530
GCA_902480365.1	1989530
GCA_902481375.1	2828077
GCA_900544685.1	2828077
GCA_035427105.1	2978349
GCA_036829795.1	2978349
GCA_001677055.1	5776387
GCA_002146815.1	5776387
GCA_900318585.1	3124929
GCA_902760055.1	3124929
GCA_020684445.1	4409397
GCA_020684645.1	4409404
GCA_900538835.1	2527682
GCA_902482275.1	2527682
GCA_009728615.1	5478916
GCA_963887075.1	5478916
GCA_000255615.3	3554854
GCA_002564085.1	3554854
GCA_002172095.2	2039831
GCA_002700665.1	2039831
GCA_004922805.1	2166845
GCA_019794605.1	2166845
GCA_035393345.1	2490965
GCA_036823655.1	2490965
GCA_009627075.1	3696535
GCA_009626935.1	3696532
GCA_035397825.1	5012037
GCA_036845905.1	5012037
GCA_900768025.1	2121809
GCA_902486175.1	2121809
GCA_036999425.1	5784667
GCA_026163815.1	5784667
GCA_949461755.1	3139468
GCA_949478315.1	3139468
GCA_003369835.1	4372177
GCA_011440385.1	4372177
GCA_026719365.1	3876138
GCA_026242165.1	3876138
GCA_036725105.1	1853944
GCA_035396865.1	1853944
GCA_035398765.1	4522132
GCA_036849275.1	4522132
GCA_015594965.1	2782165
GCA_039757635.1	2782165
GCA_900764625.1	1809679
GCA_902484745.1	1809679
GCA_015657015.1	1528404
GCA_904501835.1	1528404
GCA_900321405.1	2968318
GCA_902757085.1	2968318
GCA_020684705.1	4409291
GCA_020684505.1	4409293
GCA_003438245.1	1965871
GCA_902385485.1	1965871
GCA_900542445.1	2685985
GCA_905205545.1	2685985
GCA_035405465.1	3603155
GCA_036743155.1	3603155
GCA_006382625.1	5106629
GCA_905331835.1	5106629
GCA_000225705.1	2492085
GCA_902374475.1	2492085
GCA_900091705.1	3083338
GCA_902376185.1	3083338
GCA_900538765.1	1867269
GCA_902480265.1	1867269
GCA_030719885.1	1670864
GCA_030720465.1	1670860
GCA_030720025.1	1670859
GCA_030720225.1	1670857
GCA_003279605.1	1275802
GCA_902559765.1	1275802
GCA_900450655.1	4096279
GCA_902388115.1	4096279
GCA_037168605.1	5019212
GCA_040010835.1	5019212
GCA_009800125.1	6264417
GCA_009800105.1	6264417
GCA_025643435.1	4675188
GCA_025643455.1	4675188
GCA_009674605.1	3561692
GCA_008806815.1	3561692
GCA_903993245.1	3519727
GCA_903469655.1	3519727
GCA_036040765.1	2751165
GCA_900251295.1	2751164
GCA_005845255.1	3630746
GCA_015669935.1	3630746
GCA_900475315.1	1832904
GCA_016028715.1	1832901
GCA_902509045.1	5705618
GCA_963901165.1	5705618
GCA_013467605.1	6490021
GCA_013467585.1	6490020
GCA_900762425.1	1504455
GCA_902484355.1	1504455
GCA_004745155.1	5030262
GCA_963883545.1	5030262
GCA_008802565.1	6877823
GCA_026126935.1	6877823
GCA_900319395.1	2659556
GCA_902759425.1	2659556
GCA_035395625.1	2562947
GCA_036834545.1	2562947
GCA_021513595.1	6315897
GCA_021513635.1	6315896
GCA_949461815.1	1814894
GCA_949528755.1	1814894
GCA_009814815.1	1788483
GCA_009818255.1	1788481
GCA_009819305.1	1788478
GCA_902758205.1	2801658
GCA_900318455.1	2801658
GCA_003245195.1	5659755
GCA_003245205.1	5659755
GCA_025604015.1	4688307
GCA_040751075.1	4688307
GCA_001258055.1	4049567
GCA_001404195.1	4049567
GCA_000154985.1	1925187
GCA_902373735.2	1925187
GCA_003209225.1	966640
GCA_902606795.1	966640
GCA_900767985.1	1904394
GCA_902486075.1	1904394
GCA_001742985.1	4051274
GCA_902386955.1	4051274
GCA_002286155.1	4101132
GCA_001986495.1	4101131
GCA_900552935.1	1503585
GCA_902480715.1	1503585
GCA_004321515.1	5000727
GCA_006538325.1	5000727
GCA_001535595.1	6975334
GCA_902387305.1	6975334
GCA_022321525.1	5168064
GCA_023100645.1	5168064
GCA_002170745.2	1307145
GCA_002689325.1	1307145
GCA_902364625.1	2655841
GCA_003470605.1	2655841
GCA_017846635.1	1698847
GCA_014874755.1	1698847
GCA_039880475.1	1991978
GCA_040954475.1	1991977
GCA_013342945.1	1991976
GCA_030520045.1	1991976
GCA_902757475.1	2260226
GCA_900317225.1	2260226
GCA_038420185.1	3315359
GCA_014884565.1	3315357
GCA_900321155.1	2252954
GCA_902755335.1	2252954
GCA_902754855.1	2429346
GCA_900316055.1	2429346
GCA_000756815.1	4387007
GCA_000756695.1	4387007
GCA_003210095.1	1151069
GCA_902576855.1	1151069
GCA_900769135.1	2213098
GCA_902486675.1	2213098
GCA_013295155.1	6140152
GCA_013296275.1	6140152
GCA_013295795.1	6140148
GCA_013296265.1	6140147
GCA_015354815.1	2593077
GCA_036400645.1	2593077
GCA_902757995.1	1821336
GCA_900319765.1	1821336
GCA_900319755.1	1575225
GCA_902755985.1	1575225
GCA_000277735.2	4411709
GCA_002290145.1	4411709
GCA_035400325.1	5784070
GCA_036821305.1	5784070
GCA_900989535.1	1729109
GCA_900992355.1	1729106
GCA_015272965.1	2758496
GCA_022396255.1	2758496
GCA_002968995.1	5663704
GCA_963876995.1	5663704
GCA_014850955.1	5395433
GCA_903064715.1	5395433
GCA_902387095.1	6089737
GCA_002899675.1	6089737
GCA_029495675.1	6474884
GCA_026692605.1	6474878
GCA_019312455.1	2898286
GCA_019312605.1	2898286
GCA_020882545.2	1794629
GCA_022678665.1	1794629
GCA_003463065.1	3728016
GCA_902385245.1	3728016
GCA_001294465.1	3303166
GCA_902386245.1	3303166
GCA_963900135.1	3303166
GCA_963902335.1	3303166
GCA_963870935.1	3303166
GCA_001692635.1	4788027
GCA_001692535.1	4788026
GCA_026167805.1	4050992
GCA_026167785.1	4050986
GCA_002155835.1	5355348
GCA_003709105.1	5355348
GCA_001985945.1	4107443
GCA_002286015.1	4107441
GCA_001985325.1	4107439
GCA_001989155.1	4107438
GCA_001605035.1	4107437
GCA_001605485.1	4107437
GCA_032274205.1	4107437
GCA_022407515.1	4107436
GCA_003215175.1	1532747
GCA_902565755.1	1532747
GCA_949523885.1	1539631
GCA_949544415.1	1539631
GCA_002213505.1	2908004
GCA_002213965.1	2908004
GCA_900321205.1	1831476
GCA_902755385.1	1831476
GCA_902373965.1	4638653
GCA_000155995.1	4638653
GCA_000623235.2	4685901
GCA_000623875.2	4685905
GCA_902758495.1	3185451
GCA_900319715.1	3185451
GCA_900186885.1	2132142
GCA_000024945.1	2132142
GCA_902481455.1	2537318
GCA_900545095.1	2537318
GCA_902486035.1	1231980
GCA_900767505.1	1231980
GCA_900319875.1	1740466
GCA_902757435.1	1740466
GCA_016603275.1	1969044
GCA_016603445.1	1969041
GCA_035405365.1	2931860
GCA_036769705.1	2931860
GCA_013009155.1	2495603
GCA_013344425.1	2495603
GCA_902481445.1	4720348
GCA_900555045.1	4720348
GCA_015905125.1	1639140
GCA_017595025.1	1639140
GCA_900162245.1	3100719
GCA_900162415.1	3100721
GCA_945827855.1	1516237
GCA_945876385.1	1516237
GCA_900313715.1	2227712
GCA_902759905.1	2227712
GCA_902759595.1	3146722
GCA_900317735.1	3146722
GCA_002272965.1	5030699
GCA_902387045.1	5030699
GCA_035397085.1	2556192
GCA_036743455.1	2556192
GCA_000158455.1	1690216
GCA_902374005.1	1690216
GCA_009766475.1	4954217
GCA_009798195.1	4954217
GCA_032744275.1	4898369
GCA_033550145.1	4898369
GCA_003419745.1	2789779
GCA_036042315.1	2789775
GCA_025421985.1	5147048
GCA_028464535.1	5147048
GCA_035435525.1	1625765
GCA_036774825.1	1625765
GCA_900319525.1	3284459
GCA_902755445.1	3284459
GCA_035435265.1	1922879
GCA_036816915.1	1922879
GCA_001807865.1	4114905
GCA_902386495.1	4114905
GCA_029719845.1	4822539
GCA_029719865.1	4822538
GCA_902755555.1	1956007
GCA_900314725.1	1956007
GCA_025657475.1	4839594
GCA_025657695.1	4839594
GCA_902759705.1	2107521
GCA_900321215.1	2107521
GCA_019633685.1	3820717
GCA_900177635.1	3820717
GCA_904501775.1	1932439
GCA_015657035.1	1932439
GCA_015656565.1	1543264
GCA_904502115.1	1543264
GCA_031626805.1	5532254
GCA_032335015.1	5532254
GCA_016729525.1	4511100
GCA_963891405.1	4511100
GCA_010592905.1	6668350
GCA_963887275.1	6668350
GCA_003469265.1	2177950
GCA_902364845.1	2177950
GCA_000708125.1	4478089
GCA_963865165.1	4478089
GCA_000373645.1	7948485
GCA_009865325.1	7948485
GCA_035393765.1	2680732
GCA_036769775.1	2680732
GCA_009904995.1	3892893
GCA_963886625.1	3892893
GCA_003073595.1	4694399
GCA_003073575.1	4694397
GCA_010119735.1	5374265
GCA_963887865.1	5374265
GCA_949447935.1	3442474
GCA_949461645.1	3442474
GCA_900769095.1	1591883
GCA_902486645.1	1591883
GCA_902757415.1	1886488
GCA_900320975.1	1886488
GCA_020685315.1	1722012
GCA_022128065.1	1722012
GCA_015555555.1	3295406
GCA_039758455.1	3295406
GCA_035426965.1	1862554
GCA_036727055.1	1862554
GCA_025567385.1	3714607
GCA_902362865.1	3714607
GCA_019212185.1	6342345
GCA_035974255.1	6342345
GCA_023534225.1	4974331
GCA_023534925.1	4974331
GCA_006367055.1	3994932
GCA_026805205.1	3994932
GCA_032745655.1	5193506
GCA_035021445.1	5193506
GCA_900546455.1	2129771
GCA_902481185.1	2129771
GCA_902486755.1	1722504
GCA_900769295.1	1722504
GCA_900760285.1	5745180
GCA_902483655.1	5745180
GCA_902376005.1	4599950
GCA_900078195.1	4599950
GCA_005518345.1	4709567
GCA_005519915.1	4709567
GCA_024221275.1	1714125
GCA_024221545.1	1714124
GCA_004570895.1	2607375
GCA_015234855.1	2607375
GCA_000798625.1	4411582
GCA_963866145.1	4411582
GCA_002357235.1	1284009
GCA_002356715.1	1284005
GCA_001586555.1	4992701
GCA_001586685.1	4992701
GCA_017115325.1	3102378
GCA_902652735.1	3102379
GCA_003834765.1	6516290
GCA_013619545.1	6516290
GCA_035326045.1	3225285
GCA_036828855.1	3225285
GCA_011392055.1	3915690
GCA_026127295.1	3915690
GCA_900548115.1	2137677
GCA_902480635.1	2137677
GCA_019492165.1	5376946
GCA_020148165.1	5376946
GCA_021805205.1	2621134
GCA_028067755.1	2621134
GCA_902760155.1	1152110
GCA_900313725.1	1152110
GCA_000517265.1	5232343
GCA_963864935.1	5232343
GCA_014235825.1	5103600
GCA_018862635.1	5103600
GCA_001997885.1	4411532
GCA_001998145.1	4411532
GCA_001997695.1	4411532
GCA_001998545.1	4411532
GCA_001998425.1	4411532
GCA_001998175.1	4411532
GCA_001998025.1	4411532
GCA_001998735.1	4411532
GCA_001998365.1	4411532
GCA_001998585.1	4411532
GCA_001997495.1	4411532
GCA_001998455.1	4411532
GCA_035396765.1	4055629
GCA_036745755.1	4055629
GCA_036997125.1	5617095
GCA_026162175.1	5617095
GCA_030291115.1	4738654
GCA_030291015.1	4738653
GCA_963902655.1	4456944
GCA_902482945.1	4456944
GCA_012276835.1	2875096
GCA_012276845.1	2875096
GCA_902373725.1	4102325
GCA_000155085.1	4102325
GCA_948825675.1	1734034
GCA_948926655.1	1734034
GCA_009389675.1	4338009
GCA_021083825.1	4338009
GCA_030283825.1	5442401
GCA_030283845.1	5442396
GCA_945828575.1	1139021
GCA_945869055.1	1139021
GCA_033583565.1	4984781
GCA_025056455.1	4984781
GCA_026198335.1	5531602
GCA_037005725.1	5531602
GCA_001988295.1	4107422
GCA_022406995.1	4107422
GCA_001988415.1	4107421
GCA_004634865.1	4107421
GCA_001988995.1	4107419
GCA_001988895.1	4107418
GCA_000647875.1	7654598
GCA_009862115.1	7654598
GCA_000383935.1	8252435
GCA_009864865.1	8252435
GCA_011458315.1	1563274
GCA_011463175.1	1563267
GCA_011457115.1	1563266
GCA_000625295.2	4685698
GCA_037055345.1	4685705
GCA_023806205.1	6912267
GCA_023806295.1	6912267
GCA_024179235.1	6912267
GCA_009749285.1	4757182
GCA_963886775.1	4757182
GCA_024918495.1	1996301
GCA_024918615.1	1996299
GCA_029625195.1	5051071
GCA_029625455.1	5051071
GCA_015637705.1	3667012
GCA_019433675.1	3667012
GCA_002213885.1	2979105
GCA_002213925.1	2979105
GCA_002213945.1	2979105
GCA_026167765.1	2755077
GCA_026167725.1	2755075
GCA_026167705.1	2755080
GCA_026167745.1	2755083
GCA_902507995.1	5846692
GCA_963901195.1	5846692
GCA_036748695.1	3122317
GCA_035435105.1	3122317
GCA_003311945.1	3987160
GCA_963878715.1	3987160
GCA_002065815.1	4873287
GCA_000603545.1	4873287
GCA_009814775.1	1790268
GCA_016601795.1	1790266
GCA_013373955.1	2495260
GCA_963888935.1	2495260
GCA_002900675.1	7301764
GCA_002921055.1	7301764
GCA_018883525.1	4857938
GCA_963892915.1	4857938
GCA_009816885.1	1788670
GCA_009818595.1	1788670
GCA_035323325.1	3928559
GCA_036849715.1	3928559
GCA_025566905.1	2725575
GCA_902362645.1	2725575
GCA_034651275.1	4925505
GCA_036039255.1	4925505
GCA_001512495.1	2282100
GCA_001512575.1	2282100
GCA_002899695.1	3364395
GCA_902387175.1	3364395
GCA_900767005.1	2378747
GCA_902485845.1	2378747
GCA_945830685.1	1306612
GCA_945864075.1	1306612
GCA_035399075.1	2103796
GCA_036725005.1	2103796
GCA_000736635.1	4451605
GCA_963864335.1	4451605
GCA_900318685.1	3958688
GCA_902758695.1	3958688
GCA_037168645.1	5107676
GCA_040010855.1	5107676
GCA_001984925.1	4105364
GCA_001307605.1	4105363
GCA_900465785.1	4105356
GCA_002859585.1	4105355
GCA_002215605.1	4945242
GCA_902381795.1	4945242
GCA_008704055.1	5737703
GCA_008704185.1	5737703
GCA_036998465.1	5589952
GCA_026161585.1	5589952
GCA_902386045.1	3376475
GCA_001454945.1	3376475
GCA_009847485.1	2026475
GCA_011379625.1	2026475
GCA_949529755.1	2068242
GCA_949538225.1	2068242
GCA_035400345.1	3348078
GCA_036743235.1	3348078
GCA_900549655.1	2160344
GCA_902480055.1	2160344
GCA_001553165.1	2355383
GCA_001553215.1	2355383
GCA_002119365.1	4572147
GCA_902387725.1	4572147
GCA_003013515.1	4619673
GCA_963878935.1	4619673
GCA_028462275.1	3144861
GCA_028828595.1	3144861
GCA_020526745.2	4651960
GCA_020526765.2	4651960
GCA_020526805.2	4651959
GCA_020526825.2	4651959
GCA_020526845.2	4651959
GCA_020526725.2	4651958
GCA_020526785.2	4651958
GCA_030769685.1	5878059
GCA_030372785.1	5878059
GCA_001942005.2	2337352
GCA_000152065.3	2337350
GCA_900762125.1	2466924
GCA_902484205.1	2466924
GCA_002097655.1	2727529
GCA_003383725.1	2727529
GCA_009865075.1	8044205
GCA_900090135.1	8044205
GCA_003515425.1	5521456
GCA_003515525.1	5521457
GCA_900766275.1	3878302
GCA_902485345.1	3878302
GCA_014858525.1	5065741
GCA_014930875.1	5065741
GCA_015644765.1	5065741
GCA_024396515.1	5065741
GCA_025567285.1	3235561
GCA_001406175.1	3235561
GCA_019395225.1	2944342
GCA_019395185.1	2944341
GCA_001436835.1	1900053
GCA_022509325.1	1900053
GCA_022509365.1	1900053
GCA_022846015.1	2768447
GCA_022846035.1	2768446
GCA_022828575.1	5903661
GCA_022828555.1	5903660
GCA_036244515.1	3282996
GCA_036244535.1	3282996
GCA_949530515.1	3221673
GCA_949533625.1	3221673
GCA_902755775.1	2358383
GCA_900320465.1	2358383
GCA_002250965.2	4303547
GCA_002251025.2	4303547
GCA_902168615.1	4339201
GCA_963900425.1	4339201
GCA_003725545.1	5908624
GCA_010671795.1	5908624
GCA_001466435.1	4554843
GCA_963869505.1	4554843
GCA_900465735.1	4110570
GCA_022407015.1	4110567
GCA_900764815.1	2715873
GCA_902484775.1	2715873
GCA_015905075.1	1621684
GCA_017594965.1	1621684
GCA_023206795.1	5024642
GCA_028751295.1	5024641
GCA_949519195.1	2491231
GCA_949543975.1	2491231
GCA_945829335.1	2038019
GCA_945878125.1	2038019
GCA_001319845.1	4526044
GCA_902387205.1	4526044
GCA_035405045.1	593624
GCA_036769685.1	593624
GCA_005774015.1	2480024
GCA_005937365.1	2480024
GCA_949540495.1	2199470
GCA_949544695.1	2199470
GCA_900545005.1	1225239
GCA_902480195.1	1225239
GCA_009757995.1	8647010
GCA_013778375.1	8647010
GCA_035435045.1	1867737
GCA_036829315.1	1867737
GCA_900317165.1	1657064
GCA_902757305.1	1657064
GCA_019835705.1	4760462
GCA_019835925.1	4760462
GCA_019835845.1	4760461
GCA_036455105.1	3282579
GCA_036455065.1	3282575
GCA_009662435.1	4299727
GCA_009662415.1	4299726
GCA_006366805.1	4095330
GCA_026805085.1	4095330
GCA_900760405.1	2655157
GCA_902483615.1	2655157
GCA_020990565.1	2857370
GCA_020991045.1	2857367
GCA_003050045.1	5732267
GCA_963879025.1	5732267
GCA_005844725.1	5255533
GCA_015556625.1	5255533
GCA_000833475.1	1862444
GCA_001190905.2	1862440
GCA_000092485.1	1050015
GCA_000093005.1	1050013
GCA_005844105.1	3324331
GCA_015561335.1	3324331
GCA_008802495.1	6392094
GCA_026127155.1	6392094
GCA_900770775.1	1893899
GCA_902487665.1	1893899
GCA_011774445.1	3947980
GCA_011777335.1	3947980
GCA_013041745.1	2968445
GCA_018677195.1	2968445
GCA_020683965.1	4408983
GCA_020683385.1	4408981
GCA_964001715.1	2295781
GCA_913040865.1	2295781
GCA_904501825.1	1982488
GCA_015657055.1	1982488
GCA_902755245.1	2190170
GCA_900321015.1	2190170
GCA_024205545.1	4174905
GCA_024205125.1	4174898
GCA_024205485.1	4174896
GCA_024205585.1	4174896
GCA_900322195.1	2460790
GCA_902756875.1	2460790
GCA_005221725.1	5553163
GCA_005221685.1	5553158
GCA_005222265.1	5553158
GCA_006243135.1	4574807
GCA_963883395.1	4574807
GCA_002776065.1	3022408
GCA_002776175.1	3022405
GCA_002776195.1	3022414
GCA_001771185.1	699981
GCA_001771215.1	699981
GCA_002999935.1	4992608
GCA_003000125.1	4992608
GCA_900995405.1	1826122
GCA_900995935.1	1826125
GCA_002222595.2	3065949
GCA_902381805.1	3065949
GCA_013330135.1	1176641
GCA_003672895.1	1176641
GCA_902759925.1	2108303
GCA_900319455.1	2108303
GCA_003061085.1	4397736
GCA_963878295.1	4397736
GCA_902803825.1	2227506
GCA_900314355.1	2227506
GCA_035441565.1	1910120
GCA_036755725.1	1910120
GCA_020055965.1	1280112
GCA_020062815.1	1280112
GCA_900761685.1	2396863
GCA_902484005.1	2396863
GCA_021460115.1	2933004
GCA_021460095.1	2933003
GCA_017277335.1	2932999
GCA_035441625.1	3279192
GCA_036758405.1	3279192
GCA_014899945.1	4400007
GCA_029867045.1	4400005
GCA_001988875.1	4113750
GCA_001987855.1	4113747
GCA_900547155.1	2277749
GCA_902480345.1	2277749
GCA_900767365.1	1503598
GCA_902485925.1	1503598
GCA_002117425.1	2630908
GCA_902386715.1	2630908
GCA_040746175.1	3782983
GCA_040746165.1	3782981
GCA_040746185.1	3782979
GCA_902374745.1	1864179
GCA_000308055.1	1864179
GCA_900546395.1	2590775
GCA_902480295.1	2590775
GCA_003416765.1	2107986
GCA_902387345.1	2107986
GCA_003481535.1	3566953
GCA_902385575.1	3566953
GCA_004024325.1	4931673
GCA_963882205.1	4931673
GCA_949516535.1	3598267
GCA_949523105.1	3598267
GCA_009625795.1	4773962
GCA_009625775.1	4773959
GCA_902758235.1	2209573
GCA_900319185.1	2209573
GCA_025054775.1	3014431
GCA_033583055.1	3014431
GCA_900556455.1	874887
GCA_902482675.1	874887
GCA_902484545.1	1673150
GCA_900763785.1	1673150
GCA_035325365.1	2751322
GCA_036752285.1	2751322
GCA_009866725.1	6098674
GCA_009834545.1	6098669
GCA_002357075.1	1283464
GCA_002357095.1	1283461
GCA_001244495.1	3453778
GCA_902375485.1	3453778
GCA_003210015.1	909565
GCA_902581345.1	909565
GCA_001481535.2	4710230
GCA_963869605.1	4710230
GCA_001405675.1	6979496
GCA_902362405.1	6979496
GCA_016813195.1	4034606
GCA_016813855.1	4034606
GCA_035398985.1	5770570
GCA_036759245.1	5770570
GCA_000820085.1	4186903
GCA_963867225.1	4186903
GCA_007973365.1	2590632
GCA_007974045.1	2590626
GCA_013415315.1	2736455
GCA_015234835.1	2736455
GCA_022509495.1	1994221
GCA_017367805.1	1994221
GCA_949497245.1	2167366
GCA_949540575.1	2167366
GCA_033396375.1	6185269
GCA_033397055.1	6185268
GCA_949533615.1	1645451
GCA_949542315.1	1645451
GCA_947581745.1	2894191
GCA_030689485.1	2894191
GCA_013296465.1	6140044
GCA_013294475.1	6140043
GCA_013295955.1	6140038
GCA_013294805.1	6140037
GCA_013295685.1	6140037
GCA_013295245.1	6140035
GCA_008692465.1	2731228
GCA_963885615.1	2731228
GCA_001988275.1	4105345
GCA_004009055.1	4105345
GCA_004009135.1	4105345
GCA_001987495.1	4105343
GCA_001986555.1	4105342
GCA_004635705.1	4105341
GCA_001985785.1	4105340
GCA_001988715.1	4105340
GCA_004009335.1	4105338
GCA_001986575.1	4105337
GCA_001988815.1	4105336
GCA_002286135.1	4105336
GCA_020389425.1	2719235
GCA_020389325.1	2719233
GCA_040125985.1	4411523
GCA_039880295.1	4411521
GCA_902170375.1	5252069
GCA_963900715.1	5252069
GCA_937915415.1	2789044
GCA_946529915.1	2789044
GCA_900406905.1	6517091
GCA_963901365.1	6517091
GCA_902755455.1	2160978
GCA_900319635.1	2160978
GCA_030761595.1	3285118
GCA_030762135.1	3285116
GCA_000807775.2	5592065
GCA_000807785.2	5592064
GCA_004332355.1	2338134
GCA_004323775.1	2338132
GCA_000295695.2	5490208
GCA_022221085.1	5490208
GCA_003721555.1	1792261
GCA_003721615.1	1792261
GCA_003721625.1	1792257
GCA_010119885.1	5376124
GCA_963887445.1	5376124
GCA_017315545.1	2505535
GCA_024091645.1	2505535
GCA_037148435.1	6264787
GCA_037148655.1	6264787
GCA_005889995.1	2939272
GCA_041734105.1	2939271
GCA_900315495.1	2928303
GCA_902804025.1	2928303
GCA_002813975.1	4739362
GCA_019931635.1	4739359
GCA_009746175.1	5828068
GCA_013187335.1	5828068
GCA_900542315.1	2198622
GCA_902480005.1	2198622
GCA_035395725.1	3393016
GCA_036834605.1	3393016
GCA_002288845.1	5749690
GCA_002752865.1	5749689
GCA_002909235.1	5453858
GCA_023718555.1	5453858
GCA_022488205.1	4641599
GCA_030053055.1	4641602
GCA_039639755.1	5410482
GCA_039637115.1	5410479
GCA_003672545.1	1572985
GCA_013329865.1	1572985
GCA_001988435.1	4103283
GCA_001986375.1	4103277
GCA_004321525.1	4831342
GCA_006538305.1	4831342
GCA_902375425.1	4702581
GCA_000821085.1	4702581
GCA_018458775.1	2918787
GCA_022509255.1	2918787
GCA_900763915.1	2610589
GCA_902484595.1	2610589
GCA_015560875.1	5647497
GCA_039761895.1	5647497
GCA_036039645.1	5112544
GCA_036227665.1	5112544
GCA_035435565.1	2333419
GCA_036756645.1	2333419
GCA_902484115.1	2531903
GCA_900761875.1	2531903
GCA_900769935.1	1730489
GCA_902487055.1	1730489
GCA_001437465.1	2435824
GCA_902386015.1	2435824
GCA_001752745.1	3447085
GCA_001752785.1	3447085
GCA_945828025.1	1960047
GCA_945877715.1	1960047
GCA_016813005.1	4035331
GCA_016813015.1	4035331
GCA_016813235.1	4035331
GCA_000195955.2	4411532
GCA_017164055.1	4411528
GCA_002886685.1	4411526
GCA_014217195.1	4411530
GCA_001997565.1	4411532
GCA_001998485.1	4411532
GCA_001998105.1	4411532
GCA_001998265.1	4411532
GCA_001998705.1	4411532
GCA_002000905.1	4411532
GCA_027557715.1	3832331
GCA_012980785.1	3832333
GCA_012980845.1	3832333
GCA_012980825.1	3832332
GCA_013375015.1	3832329
GCA_003397505.1	6647372
GCA_009299735.1	6647372
GCA_000155435.1	6548966
GCA_902373945.1	6548966
GCA_035282605.1	2320009
GCA_035282745.1	2320012
GCA_902507195.1	5456366
GCA_963900385.1	5456366
GCA_000470335.1	1992809
GCA_000470635.1	1992812
GCA_000282715.1	10246920
GCA_000454025.1	10246864
GCA_034009015.1	6365055
GCA_034008635.1	6365050
GCA_900036125.1	1988186
GCA_900029775.1	1988193
GCA_000455265.1	5584690
GCA_902375095.1	5584690
GCA_035398925.1	3493635
GCA_036733505.1	3493635
GCA_000011405.1	1895727
GCA_000014605.1	1895727
GCA_003236495.1	2863911
GCA_003316755.1	2863909
GCA_902386145.1	4020363
GCA_000582055.1	4020363
GCA_900637215.1	2832748
GCA_000020425.1	2832748
GCA_902381625.1	2832748
GCA_900315345.1	2307118
GCA_902756485.1	2307118
GCA_900313495.1	1882953
GCA_902759675.1	1882953
GCA_003672295.1	1295602
GCA_013330015.1	1295602
GCA_030028195.1	4688252
GCA_030028155.1	4688249
GCA_007978185.1	2591834
GCA_007978365.1	2591830
GCA_003434675.1	3050452
GCA_902364515.1	3050452
GCA_035394245.1	3690115
GCA_036749845.1	3690115
GCA_900478755.1	3906921
GCA_902387845.1	3906921
GCA_014844295.1	3221278
GCA_014844315.1	3221284
GCA_014844435.1	3221281
GCA_028596065.2	4839261
GCA_028607065.2	4839259
GCA_900554365.1	1306779
GCA_902482335.1	1306779
GCA_905199785.1	1306779
GCA_003425545.1	2896441
GCA_003425915.1	2896441
GCA_033436825.1	3880859
GCA_033548675.1	3880859
GCA_001344275.1	2130267
GCA_900019435.1	2130265
GCA_035394905.1	2907766
GCA_036807885.1	2907766
GCA_902756115.1	2654256
GCA_900319835.1	2654256
GCA_028314285.1	3791615
GCA_015668165.1	3791615
GCA_025567485.1	2657141
GCA_902362965.1	2657141
GCA_902399955.1	2573374
GCA_003436425.1	2573374
GCA_003061145.1	4658495
GCA_963878965.1	4658495
GCA_902758725.1	2076324
GCA_900320725.1	2076324
GCA_009766445.1	4897906
GCA_009766675.1	4897906
GCA_949497235.1	3199033
GCA_949544155.1	3199033
GCA_035435405.1	1683572
GCA_036724485.1	1683572
GCA_902758365.1	1775841
GCA_900318635.1	1775841
GCA_015656815.1	1779496
GCA_904501995.1	1779496
GCA_902485905.1	1683558
GCA_900767385.1	1683558
GCA_902758025.1	1883120
GCA_900317985.1	1883120
GCA_900547425.1	2727252
GCA_902480845.1	2727252
GCA_949536965.1	1469430
GCA_949544285.1	1469430
GCA_003634575.1	5103671
GCA_963896055.1	5103671
GCA_005869865.1	8993737
GCA_007655005.1	8993737
GCA_000241835.2	8478314
GCA_009872595.1	8478314
GCA_035399045.1	3150706
GCA_036838005.1	3150706
GCA_011774375.1	4675278
GCA_011777255.1	4675278
GCA_900762355.1	2117693
GCA_902484255.1	2117693
GCA_902374595.1	5203418
GCA_000238035.1	5203418
GCA_905183055.1	4402586
GCA_022871105.1	4402590
GCA_031183715.1	4790057
GCA_031184215.1	4790057
GCA_031184795.1	4790057
GCA_900552145.1	2063650
GCA_902482535.1	2063650
GCA_019395125.1	4527700
GCA_019395105.1	4527700
GCA_037479455.1	4115562
GCA_004341505.2	4115562
GCA_035327345.1	3002423
GCA_036826515.1	3002423
GCA_015559215.1	2113234
GCA_039756695.1	2113234
GCA_902484455.1	1640193
GCA_900763245.1	1640193
GCA_035394105.1	629852
GCA_036725405.1	629852
GCA_001816205.1	4397833
GCA_001841325.1	4397833
GCA_900765125.1	2462692
GCA_902484935.1	2462692
GCA_028539195.1	6679327
GCA_000702025.1	6679327
GCA_024260625.1	5518193
GCA_024435345.1	5518193
GCA_002310515.1	4093812
GCA_002310535.1	4093812
GCA_000240095.3	4093812
GCA_001029395.1	4218610
GCA_963867165.1	4218610
GCA_001511995.1	4011114
GCA_012781995.1	4011108
GCA_002277815.1	6730269
GCA_026192335.1	6730270
GCA_002909045.1	6254723
GCA_002532005.1	6254723
GCA_900768635.1	2438052
GCA_902486325.1	2438052
GCA_011771495.1	3395771
GCA_011773875.1	3395771
GCA_022809455.1	3840332
GCA_022809495.1	3840332
GCA_036834625.1	620758
GCA_035397705.1	620758
GCA_949523875.1	515422
GCA_949538175.1	515422
GCA_001220845.1	4616848
GCA_963867795.1	4616848
GCA_000154285.1	2191053
GCA_902373665.1	2191053
GCA_023118975.1	6703968
GCA_023118985.1	6703968
GCA_023119045.1	6703968
GCA_023655665.1	2779923
GCA_023655725.1	2779922
GCA_013329765.1	1590362
GCA_003672585.1	1590362
GCA_008692445.1	2688503
GCA_963885705.1	2688503
GCA_008802635.1	6496217
GCA_026126845.1	6496217
GCA_000218465.1	3460754
GCA_902374425.1	3460754
GCA_028570635.1	1702572
GCA_028570685.1	1702569
GCA_002241075.1	3921253
GCA_963875605.1	3921253
GCA_033170385.1	5041847
GCA_033170315.1	5041851
GCA_000321165.1	2331554
GCA_902374905.1	2331554
GCA_040373105.1	2178068
GCA_900087735.2	2178068
GCA_900313255.1	2070203
GCA_902757095.1	2070203
GCA_013414965.1	6264575
GCA_013414985.1	6264575
GCA_945830205.1	1929042
GCA_945873325.1	1929043
GCA_012070395.1	3847176
GCA_010435925.1	3847176
GCA_037936795.1	5335245
GCA_037936935.1	5335245
GCA_016404955.1	2914725
GCA_024391055.1	2914725
GCA_000275645.1	4089020
GCA_001318185.1	4089020
GCA_025604045.1	4693184
GCA_040751005.1	4693184
GCA_900552135.1	1468207
GCA_902467585.1	1468207
GCA_902374915.1	1603423
GCA_000345485.2	1603423
GCA_008830455.1	2192350
GCA_009016485.1	2192350
GCA_025604125.1	4689232
GCA_040751035.1	4689232
GCA_036263135.1	2888314
GCA_036264895.1	2888314
GCA_000373225.1	7004837
GCA_009865125.1	7004837
GCA_900324065.1	2730984
GCA_900324045.1	2730983
GCA_000967495.1	5201999
GCA_963866375.1	5201999
GCA_011774465.1	1835019
GCA_011777315.1	1835019
GCA_003461845.1	3371135
GCA_902364935.1	3371135
GCA_900475835.1	2749647
GCA_000024065.1	2749646
GCA_019048465.1	2749646
GCA_902486695.1	667445
GCA_900769105.1	667445
GCA_948988365.1	2683920
GCA_949086195.1	2683920
GCA_003265595.1	4520723
GCA_900491715.1	4520723
GCA_963878175.1	4520723
GCA_963900735.1	4520723
GCA_000478765.1	5661799
GCA_963865335.1	5661799
GCA_020052275.1	4261913
GCA_020060705.1	4261913
GCA_022482285.1	2044198
GCA_022482385.1	2044197
GCA_031843325.1	2728357
GCA_031843405.1	2728357
GCA_900761085.1	1966664
GCA_902483795.1	1966664
GCA_902480915.1	2823222
GCA_900546895.1	2823222
GCA_000738475.1	4411515
GCA_001922485.1	4411511
GCA_002886775.1	4411510
GCA_002886225.1	4411508
GCA_000738445.1	4411507
GCA_001564615.1	2890658
GCA_001564895.1	2890658
GCA_023633965.1	5308659
GCA_039762115.1	5308659
GCA_014844455.1	3221303
GCA_014844395.1	3221300
GCA_014844415.1	3221299
GCA_900317175.1	1967099
GCA_902756775.1	1967099
GCA_028994115.1	2664112
GCA_033170235.1	2664112
GCA_025349535.1	315813
GCA_025349575.1	315813
GCA_026128065.1	5673226
GCA_026197945.1	5673226
GCA_025961935.1	3518958
GCA_025961715.1	3518957
GCA_025961955.1	3518956
GCA_949487095.1	3710195
GCA_949544475.1	3710195
GCA_900541055.1	2179007
GCA_902480895.1	2179007
GCA_003477885.1	5162566
GCA_902364245.1	5162566
GCA_005222305.1	5542240
GCA_005222425.1	5542244
GCA_013330385.1	1248962
GCA_003672945.1	1248962
GCA_035435625.1	3114775
GCA_036831305.1	3114775
GCA_900771425.1	2572020
GCA_902488095.1	2572020
GCA_037168665.1	5107203
GCA_040010795.1	5107203
GCA_026198975.1	5728581
GCA_037005805.1	5728581
GCA_963877135.1	6984011
GCA_003003795.1	6984011
GCA_009753715.1	3350026
GCA_013778485.1	3350026
GCA_014467235.1	4549981
GCA_963890575.1	4549981
GCA_900543705.1	2046279
GCA_902481165.1	2046279
GCA_002172955.1	5163516
GCA_002689225.1	5163516
GCA_025572635.1	5732261
GCA_026154015.1	5732261
GCA_003384285.1	2479017
GCA_005774145.1	2479017
GCA_005937695.1	2479017
GCA_002225395.1	2881366
GCA_001448035.1	2881369
GCA_025259065.1	4754570
GCA_025259185.1	4754570
GCA_029953555.1	4754569
GCA_039778335.1	1042701
GCA_039778345.1	1042701
GCA_039778325.1	1042700
GCA_006363915.1	2603080
GCA_006363935.1	2603080
GCA_006363955.1	2603080
GCA_019264785.1	3780190
GCA_019264805.1	3780190
GCA_900764765.1	2171467
GCA_902484675.1	2171467
GCA_000321205.1	2772824
GCA_902374895.1	2772824
GCA_002705695.1	7407922
GCA_009863235.1	7407922
GCA_900090065.1	7407922
GCA_902758575.1	2032821
GCA_900318235.1	2032821
GCA_014874735.1	1680183
GCA_017810175.1	1680183
GCA_016894045.1	5070620
GCA_016893885.1	5070623
GCA_016894025.1	5070622
GCA_016894085.1	5070623
GCA_016893845.1	5070623
GCA_016893745.1	5070622
GCA_016893985.1	5070622
GCA_001549655.1	2770164
GCA_001549675.1	2770164
GCA_035400385.1	3343853
GCA_036743255.1	3343853
GCA_900542575.1	2160614
GCA_902483075.1	2160614
GCA_014237195.1	3489866
GCA_014237365.1	3489866
GCA_029909675.1	1668564
GCA_029580955.1	1668558
GCA_900143345.1	2913698
GCA_900148565.1	2913698
GCA_902755125.1	3802640
GCA_900318705.1	3802640
GCA_963679385.1	4997694
GCA_963924365.1	4997694
GCA_025567175.1	2951124
GCA_900066195.1	2951124
GCA_008806905.1	3480702
GCA_009674625.1	3480702
GCA_004570505.1	2634813
GCA_015235035.1	2634813
GCA_900761075.1	2099335
GCA_902483865.1	2099335
GCA_900066645.1	2891162
GCA_902362775.1	2891162
GCA_947533255.1	1267850
GCA_947538885.1	1267849
GCA_949533605.1	3729529
GCA_949544595.1	3729529
GCA_002721235.1	3257113
GCA_963876085.1	3257113
GCA_000188175.1	2121954
GCA_902374385.1	2121954
GCA_018704375.1	4664293
GCA_018704515.1	4664294
GCA_000509185.1	7416064
GCA_902385915.1	7416064
GCA_003265585.1	4703474
GCA_900491675.1	4703474
GCA_902388095.1	4703474
GCA_020881405.1	4684164
GCA_963896085.1	4684164
GCA_013112795.1	2730391
GCA_016743695.1	2730391
GCA_900547625.1	3709509
GCA_902482955.1	3709509
GCA_002162115.2	2572864
GCA_025643075.1	2572864
GCA_025643015.1	2572860
GCA_018604665.1	2266249
GCA_018604725.1	2266254
GCA_902850345.1	2135405
GCA_903910225.1	2135405
GCA_035393585.1	1090711
GCA_036725385.1	1090711
GCA_003434075.1	5056031
GCA_902364045.1	5056031
GCA_020539425.1	5022823
GCA_020858355.1	5022823
GCA_028463545.1	3956178
GCA_028462845.1	3956181
GCA_902756025.1	2884739
GCA_900321315.1	2884739
GCA_009627395.1	3696578
GCA_009627355.1	3696575
GCA_904063085.1	5015321
GCA_904067025.1	5015321
GCA_015656665.1	2379091
GCA_904501975.1	2379091
GCA_029370625.1	2806553
GCA_029370525.1	2806553
GCA_029370545.1	2806553
GCA_900769835.1	1240017
GCA_902487035.1	1240017
GCA_001456905.1	5439079
GCA_900094715.1	5439079
GCA_035396025.1	1465012
GCA_036803445.1	1465012
GCA_004007095.1	4106374
GCA_004009035.1	4106374
GCA_004636125.1	4106373
GCA_004637025.1	4106373
GCA_004634685.1	4106370
GCA_004009455.1	4106368
GCA_004634765.1	4106368
GCA_002286355.1	4106367
GCA_001988115.1	4106366
GCA_002286375.1	4106365
GCA_026736555.1	2323769
GCA_026736595.1	2323769
GCA_003860195.1	5353646
GCA_009823315.1	5353646
GCA_009389595.1	2077921
GCA_009730735.1	2077921
GCA_022759625.1	5703394
GCA_022759665.1	5703389
GCA_003479145.1	6515109
GCA_902364035.1	6515109
GCA_003458705.1	2804290
GCA_902366815.1	2804290
GCA_035327225.1	6066548
GCA_036826435.1	6066548
GCA_000285495.1	3593561
GCA_902374675.1	3593561
GCA_003212965.1	924000
GCA_902584165.1	924000
GCA_009626115.1	4773851
GCA_009627335.1	4773847
GCA_036997245.1	5787569
GCA_026161925.1	5787569
GCA_001878895.1	5018503
GCA_001879865.1	5018503
GCA_003672505.1	1875471
GCA_013329255.1	1875471
GCA_037076395.1	4618130
GCA_037076405.1	4618130
GCA_003858795.1	5231985
GCA_009822855.1	5231985
GCA_037168625.1	5107976
GCA_040010815.1	5107976
GCA_035399005.1	4033341
GCA_036781895.1	4033341
GCA_009761855.1	5011539
GCA_009794785.1	5011539
GCA_028331455.1	6614106
GCA_028331485.1	6614106
GCA_949511755.1	1856429
GCA_949550385.1	1856429
GCA_000686665.1	3143441
GCA_902377525.1	3143441
GCA_003240925.1	1179605
GCA_003240955.1	1179605
GCA_002632585.1	4968473
GCA_963876375.1	4968473
GCA_900314085.1	2341631
GCA_902804045.1	2341631
GCA_902757665.1	2976157
GCA_900318165.1	2976157
GCA_905211045.1	936835
GCA_938016455.1	936835
GCA_004636105.1	4108503
GCA_900186845.1	4108502
GCA_036284505.1	4108500
GCA_001987255.1	4108498
GCA_002167985.2	1433382
GCA_002705545.1	1433382
GCA_017604085.1	5047731
GCA_017604225.1	5047731
GCA_004120195.1	5371326
GCA_014863865.1	5371326
GCA_026155075.1	5378778
GCA_026155265.1	5378780
GCA_902755215.1	1815481
GCA_900317455.1	1815481
GCA_015904975.1	1630199
GCA_017594925.1	1630199
GCA_003240635.1	3096150
GCA_003240735.1	3096150
GCA_018448925.1	5546433
GCA_963893085.1	5546433
GCA_001402155.1	3946363
GCA_902386355.1	3946363
GCA_035329345.1	2669931
GCA_036734245.1	2669931
GCA_000972805.1	2337820
GCA_008461625.1	2337818
GCA_003003885.1	5226129
GCA_963877105.1	5226129
GCA_902362845.1	3104058
GCA_900066815.1	3104058
GCA_902385845.1	3017944
GCA_002214085.1	3017944
GCA_002214105.1	3017944
GCA_036323885.1	4727315
GCA_028464145.1	4727315
GCA_035427205.1	1446790
GCA_036820865.1	1446790
GCA_018967295.1	2823814
GCA_018986675.1	2823814
GCA_902803835.1	2482344
GCA_900315395.1	2482344
GCA_023652715.1	2389914
GCA_023652495.1	2389912
GCA_000612965.1	1905383
GCA_001291465.1	1905383
GCA_000577335.1	3613503
GCA_902375255.1	3613503
GCA_900320085.1	2911921
GCA_902756175.1	2911921
GCA_000953825.1	4595379
GCA_963866585.1	4595379
GCA_001605345.1	4109554
GCA_001986955.1	4109549
GCA_001307725.1	4109548
GCA_001987435.1	4109548
GCA_032272945.1	4109548
GCA_001986895.1	4109547
GCA_001986915.1	4109547
GCA_019780325.1	3065193
GCA_028745935.1	3065193
GCA_036914035.1	5563580
GCA_036914095.1	5563580
GCA_033658985.1	2536770
GCA_033659365.1	2536770
GCA_000159855.2	5116282
GCA_902374115.1	5116282
GCA_006239335.1	5225282
GCA_963883365.1	5225282
GCA_001368475.1	4724042
GCA_001084945.1	4724041
GCA_900541035.1	2158735
GCA_902481005.1	2158735
GCA_037465345.1	2274973
GCA_037465385.1	2274969
GCA_949538265.1	1775673
GCA_949541675.1	1775673
GCA_035338095.1	3569746
GCA_036849735.1	3569746
GCA_022128905.1	1760904
GCA_022128915.1	1760904
GCA_900762335.1	1524353
GCA_902484285.1	1524353
GCA_009816995.1	1788650
GCA_009819405.1	1788649
GCA_900317835.1	3067028
GCA_902757915.1	3067028
GCA_036803325.1	3885568
GCA_035392965.1	3885568
GCA_949496485.1	3966384
GCA_949544145.1	3966384
GCA_949496465.1	1590574
GCA_949519365.1	1590574
GCA_003340325.1	2680191
GCA_902387565.1	2680191
GCA_003265605.1	4484572
GCA_900491665.1	4484572
GCA_963878745.1	4484572
GCA_963900515.1	4484572
GCA_000759835.1	4631466
GCA_902377535.1	4631466
GCA_025060555.1	1314791
GCA_033580035.1	1314791
GCA_009873615.1	4511596
GCA_963886015.1	4511596
GCA_000736675.1	4447637
GCA_963864985.1	4447637
GCA_003281065.1	902891
GCA_902535765.1	902891
GCA_902375275.1	4044196
GCA_000527295.1	4044196
GCA_028889385.1	4755327
GCA_028889495.1	4755326
GCA_019780345.1	3042749
GCA_028746015.1	3042749
GCA_902480775.1	2950040
GCA_900539345.1	2950040
GCA_945831065.1	1702308
GCA_945877795.1	1702308
GCA_003210075.1	1162454
GCA_902577415.1	1162454
GCA_000798995.1	4074712
GCA_963865925.1	4074712
GCA_014529665.2	4815746
GCA_014529675.2	4815747
GCA_000156015.1	2496039
GCA_902373805.1	2496039
GCA_005844935.1	6851131
GCA_015559545.1	6851131
GCA_902508105.1	6105717
GCA_963901275.1	6105717
GCA_902485875.1	1841163
GCA_900767355.1	1841163
GCA_016584325.1	1330657
GCA_016584355.1	1330657
GCA_030052035.1	4647533
GCA_030050955.1	4647533
GCA_902385565.1	2565811
GCA_003438075.1	2565811
GCA_949511585.1	1565015
GCA_949523715.1	1565015
GCA_902374935.1	2478823
GCA_000411275.1	2478823
GCA_949429045.1	3484797
GCA_949478805.1	3484797
GCA_004000475.1	5357613
GCA_003999485.1	5357611
GCA_900543325.1	3186188
GCA_902481105.1	3186188
GCA_003859245.1	5138555
GCA_009822785.1	5138555
GCA_035329525.1	3806760
GCA_036724365.1	3806760
GCA_945830445.1	1841795
GCA_945863795.1	1841795
GCA_035435465.1	1831794
GCA_036848995.1	1831794
GCA_001714095.1	4742576
GCA_001714145.1	4742576
GCA_902374415.1	6549476
GCA_000218325.1	6549476
GCA_900772205.1	2556104
GCA_902488225.1	2556104
GCA_900764305.1	4657579
GCA_902484635.1	4657579
GCA_900761615.1	1884191
GCA_902483945.1	1884191
GCA_000520035.1	5737294
GCA_000671295.1	5737293
GCA_002875085.1	5543737
GCA_963877785.1	5543737
GCA_902758795.1	2459803
GCA_900316515.1	2459803
GCA_001037465.1	4658186
GCA_963865795.1	4658186
GCA_902757755.1	2110507
GCA_900315195.1	2110507
GCA_035397885.1	2091886
GCA_036800845.1	2091886
GCA_001840125.1	4384965
GCA_004104875.1	4384969
GCA_011774345.1	3683349
GCA_011777235.1	3683349
GCA_030234325.1	5824030
GCA_033195135.1	5824030
GCA_019264945.1	4575198
GCA_016917575.1	4575198
GCA_016917535.1	4575198
GCA_035395185.1	1885524
GCA_036792695.1	1885524
GCA_947044485.1	5491616
GCA_019679345.1	5491625
GCA_007978045.1	2583234
GCA_007975085.1	2583230
GCA_902483975.1	2933905
GCA_900761715.1	2933905
GCA_902755315.1	3202597
GCA_900318015.1	3202597
GCA_003672705.1	2161899
GCA_013330815.1	2161899
GCA_947495545.1	4939243
GCA_947497725.1	4939243
GCA_001987355.1	4104294
GCA_004009475.1	4104293
GCA_001605565.1	4104288
GCA_001605095.1	4104286
GCA_023655645.1	2779688
GCA_023657185.1	2779689
GCA_000824685.1	6457225
GCA_000824345.1	6457225
GCA_016785845.1	4776279
GCA_016785865.1	4776279
GCA_014706555.1	5394884
GCA_000146875.2	5394883
GCA_000723585.1	4353177
GCA_902375355.1	4353177
GCA_021813405.1	2906763
GCA_028065145.1	2906763
GCA_026009095.1	4393264
GCA_030385915.1	4393264
GCA_902364895.1	2830712
GCA_003467445.1	2830712
GCA_025149785.1	3373066
GCA_016904155.1	3373067
GCA_001363995.1	4934447
GCA_001081085.1	4934451
GCA_900763775.1	1034002
GCA_902484475.1	1034002
GCA_900769255.1	1907667
GCA_902486625.1	1907667
GCA_013155265.1	2805081
GCA_018390415.1	2805081
GCA_900766925.1	5056923
GCA_902485735.1	5056923
GCA_035394765.1	1109425
GCA_036841585.1	1109425
GCA_009625815.1	3696492
GCA_009626475.1	3696490
GCA_028863745.1	3952040
GCA_036541385.1	3952040
GCA_006151685.1	4542919
GCA_901007635.1	4542919
GCA_902385965.1	5262465
GCA_000477475.1	5262465
GCA_902782215.1	2071801
GCA_001026275.1	2071797
GCA_003467365.1	5489753
GCA_902364915.1	5489753
GCA_015656895.1	2086929
GCA_904501735.1	2086929
GCA_019149405.1	5814960
GCA_007955095.1	5814963
GCA_001721825.1	6681981
GCA_001721805.1	6681975
GCA_018679915.1	1439354
GCA_013041715.1	1439354
GCA_000162155.1	6003748
GCA_902374095.1	6003748
GCA_035395065.1	2398442
GCA_036753245.1	2398442
GCA_002812905.2	6752906
GCA_002812925.3	6752906
GCA_019284795.1	5540574
GCA_019284815.1	5540574
GCA_019285055.1	5540574
GCA_019285215.1	5540574
GCA_019285275.1	5540574
GCA_002052855.1	4763992
GCA_004118825.1	4763990
GCA_036840915.1	3465871
GCA_025947085.1	3465871
GCA_003212775.1	660486
GCA_902587705.1	660486
GCA_943788655.1	2066972
GCA_943840815.1	2066972
GCA_902375965.1	1929163
GCA_001487145.1	1929163
GCA_030908685.1	5552870
GCA_030908725.1	5552868
GCA_011462375.1	1563280
GCA_011456315.1	1563276
GCA_001461035.1	3660245
GCA_902387445.1	3660245
GCA_030060765.1	4087263
GCA_030060745.1	4087258
GCA_948541915.1	1988776
GCA_949115075.1	1988776
GCA_900767325.1	1101788
GCA_902485935.1	1101788
GCA_900556895.1	1429834
GCA_902479435.1	1429834
GCA_949496715.1	1707273
GCA_949553045.1	1707273
GCA_000659605.1	4397990
GCA_000672395.1	4397993
GCA_945828725.1	1037325
GCA_945870805.1	1037325
GCA_009817065.1	1788633
GCA_009818475.1	1788628
GCA_017089265.1	1788635
GCA_009812505.1	1788627
GCA_009818915.1	1788633
GCA_900044605.1	2806627
GCA_900250335.1	2806631
GCA_035394515.1	474821
GCA_036736725.1	474821
GCA_017846555.1	1856694
GCA_014874665.1	1856694
GCA_902760115.1	1978933
GCA_900319195.1	1978933
GCA_019264865.1	5047093
GCA_019264885.1	5047093
GCA_016658065.1	NA
GCA_016657405.1	5047093
GCA_016657825.1	5047093
GCA_000158655.1	3478423
GCA_902374025.1	3478423
GCA_035398505.1	2860258
GCA_036805285.1	2860258
GCA_900321185.1	906017
GCA_902759965.1	906017
GCA_003458885.1	2690153
GCA_902366845.1	2690153
GCA_001405395.1	3237417
GCA_902362785.1	3237417
GCA_902483025.1	1685607
GCA_900551585.1	1685607
GCA_001312345.1	3696254
GCA_963869935.1	3696254
GCA_017168575.1	5718512
GCA_037629535.1	5718512
GCA_001987615.1	4107604
GCA_001989075.1	4107596
GCA_035435185.1	1933670
GCA_036776725.1	1933670
GCA_902364505.1	2360516
GCA_003473055.1	2360516
GCA_020714925.1	4713683
GCA_020715165.1	4713682
GCA_035441805.1	1619859
GCA_036844825.1	1619859
GCA_902374085.1	2231411
GCA_000161955.2	2231411
GCA_003469185.1	2229028
GCA_902364835.1	2229028
GCA_029831825.1	2974132
GCA_029831915.1	2974131
GCA_018727765.1	1790139
GCA_958296215.1	1790139
GCA_000348085.2	3858111
GCA_963863325.1	3858111
GCA_002116475.1	5193715
GCA_002116555.1	5193715
GCA_003955885.1	2337504
GCA_002953275.1	2337498
GCA_032463605.1	2314038
GCA_014900575.1	2314038
GCA_902483665.1	1867419
GCA_900760115.1	1867419
GCA_003384525.1	2479249
GCA_005773905.1	2479249
GCA_005937595.1	2479249
GCA_029370605.1	2806553
GCA_029370585.1	2806553
GCA_002022225.1	3212699
GCA_900659885.1	3212703
GCA_900318195.1	4176755
GCA_902760255.1	4176755
GCA_949461445.1	4164501
GCA_949464255.1	4164501
GCA_900766415.1	1742690
GCA_902485455.1	1742690
GCA_900771335.1	1892545
GCA_902488135.1	1892545
GCA_017115615.1	3102553
GCA_902652765.1	3102553
GCA_948501155.1	1986411
GCA_948971105.1	1986411
GCA_949105835.1	1986411
GCA_016757735.1	3353883
GCA_020341635.1	3353884
GCA_900555395.1	1233090
GCA_902480105.1	1233090
GCA_902755285.1	1937853
GCA_900317205.1	1937853
GCA_009746385.1	5670386
GCA_013187305.1	5670386
GCA_900143505.1	4008622
GCA_900148575.1	4008622
GCA_030444635.1	6264388
GCA_030444595.1	6264393
GCA_035329645.1	3262834
GCA_036827125.1	3262834
GCA_902757025.1	2439679
GCA_900316745.1	2439679
GCA_035400045.1	936745
GCA_036845785.1	936745
GCA_023534485.1	5409156
GCA_023535215.1	5409156
GCA_017570505.1	2844062
GCA_017570425.1	2844059
GCA_017570525.1	NA
GCA_003171985.1	4622303
GCA_002463275.1	4622296
GCA_025657455.1	4839638
GCA_025657535.1	4839638
GCA_025657595.1	4839638
GCA_025657635.1	4839638
GCA_001989055.1	4103084
GCA_004637085.1	4103077
GCA_900315155.1	2492152
GCA_902756425.1	2492152
GCA_003435485.1	6692195
GCA_902399835.1	6692195
GCA_003281095.1	551494
GCA_902535295.1	551494
GCA_900547765.1	2069327
GCA_902480645.1	2069327
GCA_002850075.1	4703982
GCA_002850095.1	4703977
GCA_003149325.1	3832489
GCA_900116855.1	3832489
GCA_900542165.1	2086362
GCA_902482115.1	2086362
GCA_022483845.1	2666950
GCA_022483325.1	2666948
GCA_022484265.1	2666948
GCA_022483585.1	2666946
GCA_943356615.1	728608
GCA_943357295.1	728608
GCA_030704265.1	3980773
GCA_014358035.1	3980767
GCA_900321985.1	2580522
GCA_902758465.1	2580522
GCA_900314405.1	1532398
GCA_902803905.1	1532398
GCA_013296325.1	6011493
GCA_013296915.1	6011489
GCA_902759825.1	2027957
GCA_900313475.1	2027957
GCA_900550105.1	3664514
GCA_902482875.1	3664514
GCA_002357015.1	1283910
GCA_002356735.1	1283910
GCA_002356835.1	1283908
GCA_949516255.1	2600107
GCA_949523145.1	2600107
GCA_023016405.1	1139647
GCA_030451325.1	1139649
GCA_029866605.1	1139654
GCA_000162575.1	1623845
GCA_902381655.1	1623845
GCA_900769985.1	3193382
GCA_902487175.1	3193382
GCA_900768765.1	1357146
GCA_902486445.1	1357146
GCA_001282665.1	3568817
GCA_902375665.1	3568817
GCA_002447215.1	4411331
GCA_002447655.1	4411331
GCA_002447835.1	4411327
GCA_002447675.1	4411326
GCA_949519075.1	1559984
GCA_949529875.1	1559984
GCA_015548725.1	4873543
GCA_028329485.1	4873543
GCA_018336255.1	1040265
GCA_018336275.1	1040265
GCA_018336295.1	1040265
GCA_018336315.1	1040265
GCA_018337015.1	1040265
GCA_006508185.1	1040265
GCA_900320275.1	3686524
GCA_902756325.1	3686524
GCA_001998765.1	3172613
GCA_902388025.1	3172613
GCA_036724875.1	2474585
GCA_035397395.1	2474585
GCA_902375265.1	3874680
GCA_000582785.1	3874680
GCA_007954445.1	2868644
GCA_007954465.1	2868644
GCA_902757205.1	2315605
GCA_900315165.1	2315605
GCA_025572355.1	5733903
GCA_026153785.1	5733903
GCA_902487605.1	1340166
GCA_900770855.1	1340166
GCA_035427025.1	5818619
GCA_036833775.1	5818619
GCA_023735275.1	5132580
GCA_023735215.1	5132577
GCA_902757945.1	2255911
GCA_900320215.1	2255911
GCA_902364315.1	2261682
GCA_003475115.1	2261682
GCA_030014065.1	2817544
GCA_030014085.1	2817542
GCA_030015595.1	2817539
GCA_003265565.1	4296157
GCA_900491735.1	4296157
GCA_035400405.1	2548984
GCA_036805245.1	2548984
GCA_019375035.1	5435138
GCA_009600695.1	5435138
GCA_900543605.1	1968174
GCA_902481825.1	1968174
GCA_902387545.1	5444912
GCA_001274835.1	5444912
GCA_003672915.1	1546448
GCA_013330185.1	1546448
GCA_003426665.1	2537190
GCA_005937455.1	2537190
GCA_902756155.1	3127083
GCA_900316955.1	3127083
GCA_021798955.1	2519165
GCA_028067695.1	2519165
GCA_013112815.1	2721616
GCA_016743655.1	2721616
GCA_902812325.1	2320182
GCA_902812405.1	2320182
GCA_900769645.1	2116484
GCA_902486985.1	2116484
GCA_004291095.1	2373619
GCA_004291105.1	2373619
GCA_900772235.1	1541608
GCA_902488215.1	1541608
GCA_900547805.1	1930887
GCA_902480695.1	1930887
GCA_902374315.1	4916964
GCA_000189615.1	4916964
GCA_902759545.1	2008778
GCA_900320395.1	2008778
GCA_900321035.1	2402828
GCA_902755615.1	2402828
GCA_000307795.1	1667892
GCA_000307835.1	1667890
GCA_900315905.1	3145880
GCA_902756365.1	3145880
GCA_003469765.1	1726565
GCA_902364775.1	1726565
GCA_902170415.1	4694544
GCA_963900265.1	4694544
GCA_016729975.1	4723039
GCA_963890915.1	4723039
GCA_028549475.1	4019512
GCA_028549575.1	4019509
GCA_003595365.1	2935151
GCA_003595385.1	2935151
GCA_033583135.1	3989257
GCA_025055235.1	3989257
GCA_025881815.1	5271330
GCA_027885765.1	5271330
GCA_015554215.1	3565144
GCA_039758865.1	3565144
GCA_024753045.1	5152878
GCA_027983285.1	5152878
GCA_902386845.1	6327271
GCA_900169535.1	6327271
GCA_900108585.1	4008675
GCA_003149195.1	4008675
GCA_902479945.1	2700049
GCA_900549475.1	2700049
GCA_902170275.1	4835319
GCA_963901075.1	4835319
GCA_902364595.1	4918299
GCA_003434465.1	4918299
GCA_035405185.1	3507958
GCA_036834445.1	3507958
GCA_000413595.1	3286425
GCA_000413495.1	3286423
GCA_003426255.1	2477474
GCA_006240685.1	2477474
GCA_009815255.1	1788518
GCA_009817715.1	1788521
GCA_037157765.1	13605706
GCA_037157805.1	13605706
GCA_000195735.1	1111523
GCA_000363905.1	1111520
GCA_003287725.1	5320079
GCA_963879105.1	5320079
GCA_003284215.1	1301831
GCA_902510145.1	1301831
GCA_003457815.1	6397762
GCA_902364285.1	6397762
GCA_024434475.1	5713326
GCA_025531975.1	5713326
GCA_036847345.1	732480
GCA_035394725.1	732480
GCA_011774165.1	6397534
GCA_011777045.1	6397534
GCA_900546185.1	1002062
GCA_938011795.1	1002062
GCA_905207825.1	1002062
GCA_009915175.1	3978712
GCA_963886535.1	3978712
GCA_035395365.1	2532379
GCA_036843665.1	2532379
GCA_035619135.1	2203933
GCA_035619155.1	2203927
GCA_902486085.1	2187524
GCA_900767695.1	2187524
GCA_034366145.1	5525125
GCA_035481755.1	5525125
GCA_949518975.1	1861844
GCA_949529825.1	1861844
GCA_026128625.1	5651231
GCA_026198435.1	5651231
GCA_900766785.1	2267758
GCA_902485695.1	2267758
GCA_002241235.1	3936426
GCA_963875615.1	3936426
GCA_000754375.1	4738299
GCA_000612325.1	4738298
GCA_015550845.1	4650166
GCA_028398205.1	4650166
GCA_006363895.1	1269612
GCA_006364015.1	1269614
GCA_006363995.1	1269613
GCA_033657865.1	2692014
GCA_033659385.1	2692014
GCA_026197355.1	5521910
GCA_037005665.1	5521910
GCA_025056115.1	2365809
GCA_033583715.1	2365809
GCA_949519545.1	2652417
GCA_949544775.1	2652417
GCA_002703955.1	4304820
GCA_002704035.1	4304820
GCA_035395865.1	869634
GCA_036787545.1	869634
GCA_902758855.1	2907073
GCA_900319865.1	2907073
GCA_949459415.1	1410493
GCA_949478795.1	1410493
GCA_003045185.1	2894711
GCA_003045345.1	2894710
GCA_008802475.1	6932990
GCA_026127205.1	6932990
GCA_000007165.1	5274174
GCA_000816885.1	5274168
GCA_033658945.1	2539459
GCA_033659105.1	2539459
GCA_000389675.2	1991579
GCA_024218715.1	1991579
GCA_902484685.1	2411528
GCA_900764495.1	2411528
GCA_023066215.1	2866030
GCA_023066075.1	2866033
GCA_002882645.1	1841984
GCA_002881615.1	1841977
GCA_036999145.1	5730309
GCA_026162145.1	5730309
GCA_002130855.1	4404043
GCA_002130705.1	4404039
GCA_035405545.1	3616819
GCA_036725625.1	3616819
GCA_000455285.1	3509866
GCA_902375105.1	3509866
GCA_900771165.1	2261924
GCA_902487845.1	2261924
GCA_001985905.1	4107382
GCA_002286335.1	4107375
GCA_000410535.2	1139633
GCA_030384625.1	1139633
GCA_003312015.1	3868307
GCA_963895415.1	3868307
GCA_003268205.1	3157885
GCA_902386195.1	3157885
GCA_035397845.1	5209711
GCA_036825355.1	5209711
GCA_003212995.1	860591
GCA_902583205.1	860591
GCA_945828655.1	1884770
GCA_945868345.1	1884770
GCA_013372145.1	1753380
GCA_902385735.1	1753385
GCA_001643955.1	1753385
GCA_001025175.1	2269415
GCA_040834035.1	2269407
GCA_019285155.1	5540574
GCA_019285115.1	5540574
GCA_019285095.1	5540574
GCA_019284835.1	5540574
GCA_019711255.1	5540574
GCA_019285435.1	5540574
GCA_019285475.1	5540574
GCA_019284495.1	5540574
GCA_019285395.1	5540574
GCA_019285375.1	5540574
GCA_003995825.1	2060734
GCA_003995845.1	2060734
GCA_000531755.1	4620986
GCA_963863885.1	4620986
GCA_020685195.1	1715050
GCA_022127805.1	1715050
GCA_014857265.1	5836886
GCA_014863425.1	5836886
GCA_000213575.1	3954365
GCA_902374435.1	3954365
GCA_003205065.1	3389914
GCA_004921655.1	3389914
GCA_001436555.1	1566789
GCA_902386285.1	1566789
GCA_031191225.1	1868860
GCA_019047825.1	1868859
GCA_009730515.1	1868857
GCA_015656405.1	2041845
GCA_904502025.1	2041845
GCA_008867735.1	5526873
GCA_009746325.1	5526873
GCA_019249615.1	5526873
GCA_009389575.1	2155317
GCA_009730755.1	2155317
GCA_012396305.1	6800911
GCA_963888155.1	6800911
GCA_025057645.1	3100555
GCA_033579915.1	3100555
GCA_035393065.1	2036991
GCA_036807825.1	2036991
GCA_000154825.1	2284703
GCA_902373745.1	2284703
GCA_001495675.1	1660669
GCA_001496055.1	1660675
